id,title,overview,poster_path
121238,If I Had a Million,"An elderly business tycoon, believed to be dying, decides to give a million dollars each to 8 strangers chosen at random from the phone directory. The various segents of this 1932 film were directed by Ernst Lubitsch, Norman Taurog, Stephen Roberts, Norman Z. McLeod, James Cruze, William A. Seiter, and H. Bruce Humberstone. The huge cast includes Richard Bennett, Gary Cooper, W. C. Fields, May Robson, George Raft, Charles Ruggles, Alison Skipworth, Charles Laughton, Mary Boland, Gene Raymond, Frances Dee, Wynne Gibson, Jack Pennick, Jack Oakie, Roscoe Karns, Cecil Cunningham, Grant Mitchell, Clarence Muse, Joyce Compton, Dewey Robinson and Margaret Seddon.",/j6Oq61ThFWvQk7YaWXov5AcTIy0.jpg
29723,The Concorde... Airport '79,"The last of the 'Airport' series again stars George Kennedy as aviation disaster-prone Joe Patroni, this time having to contend with nuclear missiles, the French Air Force and the threat of the plane splitting in two over the Alps!",/30xbGwjqVsIkIFc1N7ss55RKDZB.jpg
37650,Nothing Sacred,"Hazel Flagg of Warsaw, Vermont receives the news that her terminal case of radium poisoning from a workplace incident was a complete misdiagnosis with mixed emotions. She is happy not to be dying, but she, who has never traveled the world, was going to use the money paid to her by her factory to go to New York in style. She believes her dreams can still be realized when Wally Cook arrives in town. He is a New York reporter with the Morning Star newspaper. He believes that Hazel's valiant struggle concerning her impending death is just the type of story he needs to resurrect his name within reporting circles after a recent story he wrote led to scandal and a major demotion at the newspaper.",/l0RiLSl7hupkt0NvBesMdIWr1LD.jpg
8289,Gorky Park,"Police Inspector Renko tries to solve the case of three bodies found in Moscow's Gorky Park but finds his attempts to solve the crime impeded by his superiors. Working on his own, Renko seeks out more information and stumbles across a conspiracy involving the highest levels of the government.",/vPsILhxC7sWRQIa6f1SnbvTm5XL.jpg
11197,Evil,"Stockholm, the fifties. Though academically bright, violent pupil Erik Ponti is expelled from his state school with the headmaster’s words “there’s only one word for people like you – evil… what you need is a good thrashing, and more”. In fact already Erik frequently receives a ‘good’ thrashing at the hands of his sadistic stepfather – so he is packed off by his mother to boardingschool",/1ULoIF7u3hVoxOij4GMaqlYZRxc.jpg
35896,Beyond the Forest,The wife (Bette Davis) of a Wisconsin doctor (Joseph Cotten) kills a witness to her affair with an influential man (David Brian) from Chicago.,/piHAjW9UX7WIBuNBTQPcyN69kjc.jpg
55950,Wilder Napalm,"Wilder and Wallace are brothers and pyrokinetics. Ever since childhood they've been able to start fires with their minds but following a tragedy in which they accidentally killed a man, the brothers have grown up very differently. Wilder has become a regular 9-5 workaday joe but Wallace performs his feats with a traveling circus. When the circus comes to Wilder's home town Wallace starts coming on strong to Wilder's wife, Vida who, ironically, is a slight pyromaniac.",/pdfEU6WqcR4l4zrNMpv2hwvKwxJ.jpg
55846,Blitz,"A tough, renegade cop is dispatched to take down a serial killer who has been targeting police officers.",/woY0qY4DR6bPOQ7cBwyblePsYky.jpg
43051,Al Capone,"In this unusually accurate biography, small-time hood Al Capone comes to Chicago at the dawn of Prohibition to be the bodyguard of racketeer Johnny Torrio. Capone's rise in Chicago gangdom is followed through murder, extortion, and political fraud. He becomes head of Chicago's biggest ""business,"" but moves inexorably toward his downfall and ignominious end.",/oVGVWC615AHqwsVAiuRMEbdu7aD.jpg
26506,Before The Rains,"Set in southern India in the late 1930s, this provocative tale traces the story of three people caught in an inexorable web of forbidden romance and dangerous secrets. After a British spice planter falls in love with his alluring servant, an idealistic young man finds himself torn between his ambitions and his family, his village and his past.",/ucM4aS8hPxO6XLSXiGgx8vqm1kB.jpg
9506,Anger Management,"After a small misunderstanding aboard an airplane escalates out of control, timid businessman Dave Buznik is ordered by the court to undergo anger management therapy at the hands of specialist Dr. Buddy Rydell. But when Buddy steps up his aggressive treatment by moving in, Dave goes from mild to wild as the unorthodox treatment wreaks havoc with his life.",/wsrZrb2Ng3eO4TYmeBufwdKeC3a.jpg
44000,Trog,"A sympathetic anthropologist uses drugs and surgery to try to communicate with a primitive troglodyte who is found living in a local cave.
 Anthropologist Dr. Brockton (Joan Crawford) unearths a troglodyte (an Ice Age ‘missing link” half-caveman, half-ape) and manages to domesticate him – until he’s let loose by an irate land developer, and goes on a rampage, terrorizing the local citizenry.",/eAxHwAhcNiTIsJwIslULEVX92Iz.jpg
13168,Smiley Face,"Jane (Anna Faris), a struggling but perpetually stoned actress, has a busy day ahead. She has several important tasks on her list, including buying more marijuana. Even though she already has a good start on the day's planned drug use, she eats her roommate's pot-laced cupcakes and embarks on a series of misadventures all over Los Angeles.",/9lfT4FfPtwpu0k0MTZqFchvQNsR.jpg
9840,The Dreamlife of Angels,"In Lille, two penniless young women with few prospects become friends. Isa moves in with Marie, who's flat-sitting for a mother and child in hospital in comas following a car crash. Isa is out-going, unskilled, with hopes of moving south to warmer climes. Marie usually is either angry or detached. Then, while Isa begins to visit the child in whose flat they live, going to hospital to read to her, Marie slowly falls for a rich youth. At first Marie keeps him at bay, then she not only pursues him, she begins to dream he is her life's love. When Isa tries to warn Marie, their friendship flounders. How will Marie handle the inevitable? And once they lose the flat, where will they go?",/7QMEbbtZt3141wWG8CFgAp7ooAm.jpg
10402,Deuce Bigalow: Male Gigolo,"Deuce Bigalow is a less than attractive, down on his luck aquarium cleaner. One day he wrecks the house of a gigolo and needs quick money to repair it. The only way he can make it is to become a gigolo himself, taking on an unusual mix of female clients. He encounters a couple of problems, though. He falls in love with one of his unusual clients, and a sleazy police officer is hot on his trail.",/1AGR1KdIk1llaW983XsW5YsoPsI.jpg
50839,Margin Call,A thriller that revolves around the key people at an investment bank over a 24-hour period during the early stages of the financial crisis.,/h4Cv588VpNpO9twXsdorhz6K8t1.jpg
49781,Story of a Love Affair,"Paola (Lucia Bose) is the beautiful and jealously-guarded younger wife of a shady factory owner, Enrico Fontana (Massimo Girotti). In order to investigate her romantic history he hires a private detective, which ironically brings Paola back into contact with former lover Guido, with whom she resurrects a lost passion. Dogged by the suspicions of their respective mates, they are drawn closer to each other in the face of adversity, and begin to plot Enrico's demise. But when the challenge of being together falls away, will the passion start to wane? A masterpiece of intensity and finely-wrought emotion.",/jDPWaPsfwLv8rOKykviVlS5ep4T.jpg
7278,Meet the Spartans,"From the creators of Scary Movie and Date Movie comes this tongue-in-cheek parody of the sword-and-sandal epics, dubbed Meet the Spartans. The 20th Century Fox production was written and directed by the filmmaking team of Jason Friedberg and Aaron Seltzer. Sure, Leonidas may have nothing more than a cape and some leather underwear to protect him from the razor-sharp swords of his Persian enemies,",/dymuQcYSGR2QchZbFTp7qZbN2V.jpg
10685,The Watcher,"FBI agent Joel Campbell, burnt-out and shell-shocked after years spent chasing serial killers, flees L.A. to begin a new life for himself in Chicago. But five months later, Joel's best laid plans are abruptly cut short when his new hometown becomes the setting for some particularly gruesome murders--murders that could only have been committed by one man: David Allen Griffin. One of Joel's most elusive and cunning nemeses, Griffin has followed his former pursuer to Chicago in order to play a sadistic game of cat and mouse. Taunting Joel with photographs of his intended victims and leaving his crime scenes meticulously free of clues in order to keep the police at bay, Griffin derives as much pleasure out of watching Joel react to every movement as watching his victims die. But when Griffin moves into Joel's inner circle, Joel must quickly find some way to stop him before someone close to him becomes the next one to die.",/jesZYsaqtqEaaekAVlyAxpZGDqZ.jpg
52615,Meltdown: Days of Destruction,"Despite scientist Nathan's warnings, his boss continues an experiment meant as publicity for his satellite firm: exploding an asteroid. Instead it splits, and the major piece, the size of Iceland, changes course to earth. It is deflected but so close that it shift our course closer to the sun, causing rapid extreme heating, hopefully only mid-term. Nathan warns his sister, TV journalist Carly, and she her lover, police detective Tom. He brings his unruly daughter Kim, her ex-con lover C.J. and her mother, nurse Bonnie, when Nathan offers a flight to a friend's Arctic weather station. Tom takes charge of a dangerous trip to the airport, as everywhere on earth things catch fire and people fight for water, transport and sheer looting.",/lSeUdcjBlnDZpFO5wRZ2wpmCHMO.jpg
41850,At the Death House Door,"An investigation of the wrongful death of Carlos DeLuna, who was executed in Texas on December 7, 1989, after prosecutors ignored evidence inculpating a man, who bragged to friends about committing the crimes of which DeLuna was convicted.",/2giknov3l16UWugtbKdE7cuFFPF.jpg
21375,Dexter the Dragon & Bumble the Bear,"Bumble the Bear (Olivier Bommel) finds an egg that, it turns out, has a cute little dragon in it. However, this dinosaur grows huge every time it is upset. As this causes a lot of problems, Ollie Bommel has to face a difficult dilemma.",/yoxwHoUFHGzXTwwgWVt14sbC2bs.jpg
15691,Doctor Who,The Seventh Doctor becomes the Eighth. And on the streets of San Francisco – alongside new ally Grace Holloway - he battles the Master.,/sPdmcY6OSGOFDagLbJCqyzYYlt9.jpg
4283,Primeval,A news team is sent to Burundi to capture and bring home a legendary 25-foot crocodile. Their difficult task turns potentially deadly when a warlord targets them for death.,/z0xEaDwHIgY53kT6wvkPmQ6558n.jpg
13200,Red,"An older, reclusive man's best friend and inspiration for living is his 14-year-old dog named ""Red"". When three troublesome teens kill the dog for no good reason, the grieving man sets out for justice and redemption by whatever means available to him.",/q23CMiGLnd9TvUfycr71jrkeEgp.jpg
10494,Perfect Blue,"Mima Kirigoe is a singer who leaves her trio to become an actress, a career move that angers her fans, who prefer to see her as the pop idol. Plagued by self-doubt and tormented by humiliating compromises, she begins to be stalked, in her waking and sleeping moments, by an alter ego who claims to be ""the real Mima"", until she collapses into madness as her coworkers are brutally slain around her.",/qDLeGIVhni3bRDunByBzhgY4wKZ.jpg
19317,"Zorro, The Gay Blade","George Hamilton stars in a dueling dual role as twin sons of the legendary Zorro. Soon after the dashing Don Diego Vega inherits his father's famous sword and costume, a broken ankle prevents the masked avenger from fulfilling his heroic duties. When his flamboyantly fashion-conscious brother assumes the secret identity to continue an ongoing fight for justice, the results are nothing short of hilarious!",/7qO9lyAVkFRSvKm5ESVwiGTJtm7.jpg
20995,The Swimsuit Issue,A wild bachelor party and an agonizing defeat in floorball awakens Fredrik's passion for male synchronized swimming.,/s6pXZmRlYSOimwFVMq0F9YzKymV.jpg
22640,Shrink,"Unable to cope with a recent personal tragedy, LA's top celebrity shrink turns into a pothead with no concern for his appearance and a creeping sense of his inability to help his patients.",/47Q8AX0nGiafH8jqfOSVtmwV70Y.jpg
36836,Stacy: Attack of the Schoolgirl Zombies,"This 2001 J-Horror effort from director Naoyuki Tomomatsu is set in a future dystopia where teenaged girls begin dying for no apparent reason -- and often in an elated, chronically happy state of mind. One of these girls, Stacy, is back from the dead, however, and she's ready to gorge herself on human flesh. As more and more teenage-girl zombies begin to feast on the living, the people of Japan brace themselves and try to find a way to end the madness.",/rOgLj1axMwrEkw4r7fecmsIXTXW.jpg
27292,Prime Cut,"A Chicago mob enforcer is sent to Kansas City to settle a debt with a cattle rancher who not only grinds his enemies into sausage, but sells women as sex slaves.",/i60X7mwuQDQPCpHEGAl5v3k2aWK.jpg
95169,Four Sons,"A family saga in which three of a Bavarian widow's sons go to war for Germany and the fourth goes to America, Germany's eventual opponent.",/hUl7sqeviPzTjSpLLpXzFxCERGo.jpg
73562,Declaration of War,A young couple wrestle with their child's cancer diagnosis.,/frPgkhgTX8oUyaOuWt5NvWE2TEK.jpg
58311,Executioners,"Set some time after the The Heroic Trio (1993) the city has been devastated by nuclear attack. An evil deformed villain controls the city's scarce water supply, exerting influence over both a popular leader and a militarist colonel. The trio of Chat the Thief catcher, Ching and Wonder Woman (along with her young daughter) have to avert a military takeover and find clean headwaters to save the city.",/iyjGL1AQ4Ud45HEdjaaPceudk6q.jpg
29484,Mysterious Mr. Moto,The Japanese detective (Peter Lorre) rounds up a league of assassins for Scotland Yard.,/3Jlf9flVB7RZbyg6zRNWODFK1H8.jpg
43874,Camille,"Life in 1847 Paris is as spirited as champagne and as unforgiving as the gray morning after. In gambling dens and lavish soirees, men of means exert their wills and women turned courtesans exult in pleasure. One such woman is Marguerite Gautier (Greta Garbo), the Camille of this sumptuous romance tale based on the enduring Alexandre Dumas story. Garbo's aloof mystique and alabaster beauty illuminate this George Cukor-directed film featuring what many call her finest performance. Her Camille is a movie paragon of true love found (in suitor Armand Duval, memorably played by Robert Taylor), then sacrificed for a greater good. Garbo earned an Academy Award nomination and the New York Film Critics Best Actress Award for her memorable work.",/sTHyBHsmF3eBkJ2ePXzo61Kmtr4.jpg
42168,Chapter Two,"George Schneider is an author whose wife had just died. His brother Leo gives him the number of Jennie Malone, and somehow they hit it off. And just when things are moving along, the memory of his first wife comes between them.",/fAubdJzP0hzORmGNWxt5exyXykZ.jpg
31412,The Girl with the Red Scarf,"Story of a dilemma between a woman's love and her logic. Asya, a young girl with a strict mother, meets Ilyas who is a womanizer city man, and they quickly fall in love. They get over the hardships and have a quick happy marriage. However, after he helps a man one night, Ilyas' life changes forever and he leaves Asya and Samet, their son and doesn't come back. After that, Asya takes their son and go away without knowing where she is heading, until a familiar hand reaches her to help selflessly.",/bwno0vsSZJXGyC4HslLoabDIK9V.jpg
72570,The Vow,"Happy young married couple Paige and Leo are, well, happy. Then a car accident puts Paige into a life-threatening coma. Upon awakening she has lost the previous five years of memories, including those of her beloved Leo, her wedding, a confusing relationship with her parents, or the ending of her relationship with her ex-fiance. Despite these complications, Leo endeavors to win her heart again and rebuild their marriage.",/qHNjcjKa6VHJsa0Eu0DHl2BaYw3.jpg
207681,Mister Buddwing,"An amnesiac wanders the streets of Manhattan, trying to solve the mystery of who he is.",/cClHSR88eikYrPRTpor1g5OAhdM.jpg
9546,Ricochet,An attorney is terrorized by the criminal he put away years ago when he was a cop.,/nL82MxgkbhslQ3W9RDzvLqXQ18A.jpg
58402,The Boss,"A bomb attack in a cinema in Palermo kills all the fellows of Attardi's clan a part from Cocchi. He immediately understands that the author of the bomb attack is Daniello from Don Corrasco's clan. Cocchi is determined to revenge. His actions, including the Corrasco's daughter kidnap, in a Palermo in which also the police is corrupted, will soon destroy the old equilibrium giving the way to an escalation of violence that won't save anyone. If Cocchi will survive to the mafia war he will be the new boss for sure.",/toOG0V86kccOXLQv2PAZJQbPB7N.jpg
32627,The MacKintosh Man,"A member of British Intelligence assumes a fictitious criminal identity and allows himself to be caught, imprisoned, and freed in order to infiltrate a spy organization and expose a traitor.",/numEoiOFfiN0ALgPeGGPdIXA4Nr.jpg
29259,Le Trou,"An imprisoned man, awaiting trial for the attempted murder of his wife, is transferred to another cell, where his fellow prisoners are planning a jailbreak. He decides to go along with the elaborate plan, and the cellmates attempt to tunnel their way to freedom. Le Trou represents the last film of director Jacques Becker, who died shortly after its completion.",/fAL4eIqSnrje1tf5HxzwSySZ0jL.jpg
65572,Heart of Midnight,"A young woman who is getting back on her feet after a mental breakdown, Carol Rivers (Jennifer Jason Leigh) discovers that her late uncle has left her a rundown nightclub. Carol decides to renovate the venue, but, in the process, uncovers dark secrets about the club and her dead relative. After a series of disturbing events, Carol becomes increasingly unstable, but she finds some measure of comfort in Sharpe (Peter Coyote), an enigmatic older detective.",/y34KZCdyVQSKrXsdbetykP10r1D.jpg
11382,Bullets Over Broadway,"Set in 1920's New York City, this movie tells the story of idealistic young playwright David Shayne. Producer Julian Marx finally finds funding for the project from gangster Nick Valenti. The catch is that Nick's girl friend Olive Neal gets the part of a psychiatrist, and Olive is a bimbo who could never pass for a psychiatrist as well as being a dreadful actress. Agreeing to this first compromise is the first step to Broadway's complete seduction of David, who neglects longtime girl friend Ellen. Meanwhile David puts up with Warner Purcell, the leading man who is a compulsive eater, Helen Sinclair, the grand dame who wants her part jazzed up, and Cheech, Olive's interfering hitman / bodyguard. Eventually, the playwright must decide whether art or life is more important.",/tfplmiNdTDHHbZZ8AGmXBiB1xJj.jpg
11421,CRAZY,"A story of two love affairs. A father's love for his five sons. And one son's love for his father, a love so strong it compels him to live a lie. That son is Zac Beaulieu, born on the 25th of December 1960, different from all his brothers, but desperate to fit in. During the next 20 years, life takes Zac on a surprising and unexpected journey that ultimately leads him to accept his true nature and, even more importantly, leads his father to love him for who he really is.",/kzz4wY0q9KlzFQp6UpYP160eZjJ.jpg
56373,Day of Anger,"Lee Van Cleef stars as Talby, a sadistic gunfighter who rides into town and takes on a young outcast as his apprentice.",/q2raN4C0uhMVDFM4tJCR6jFLHJS.jpg
14442,Ella Enchanted,"Ella lives in a magical world in which each child, at the moment of their birth, is given a virtuous ""gift"" from a fairy godmother. Ella's so-called gift, however, is obedience. This birthright proves itself to be quite the curse once Ella finds herself in the hands of several unscrupulous characters whom she quite literally cannot disobey. Determined to gain control of her life and decisions, Ella sets off on a journey to find her fairy godmother who she hopes will lift the curse. The path, however, isn't easy -- Ella must outwit a slew of unpleasant obstacles including ogres, giants, wicked stepsisters, elves and Prince Charmont's evil uncle, who wants to take over the crown and rule the kingdom.",/5xURlqmsrbMZJiTQmu3TOEIfHFT.jpg
38398,Just Bea,"16 year-old Bea is in her first year at upper secondary school in Oslo. Active on the school magazine, she falls in love with Daniel, the smartest and most gifted student in the top year, who returns her feelings. There is just one drawback, namely her friend' idea of virginity and first love...",/7SQvG1ocuOpWS5Bv7QGwSnSDIju.jpg
878,The Punch Bowl,Die Feuerzangenbowle from Director Helmut Weiss is based on the novel by the same name from Heinrich Spoerl and Hans Reimann that has turned into a cult German film. The film tells the story of a writer Johannes Pfeiffer who goes undercover as a student in a high school after his friends told him that he missed out on a great life experience since he was home schooled.,/hpnng8FEULQpDmkqQf196jkmNFp.jpg
63578,The Trip,"When Steve Coogan is asked by The Observer to tour the country's finest restaurants, he envisions it as the perfect getaway with his beautiful girlfriend. But, when she backs out on him, he has no one to accompany him but his best friend and source of eternal aggravation, Rob Brydon.",/9oQs9SwYu3GQD3mafbDskufKmTM.jpg
44219,The Chosen One,"Paul is an ordinary man who is at the end of his rope. He hates his job, his beautiful wife has left him, and his mother and gay, Buddhist-monk brother constantly remind him of his shortcomings. Although Paul doesn't know it yet, his life is about to change in a big way.",/q6u9GYfQXTjZL6q37OOgRzJiNkV.jpg
3520,Casanova '70,"The amorous adventures of Andrea Rossi-Colombotti, an army officer who finds pleasure with beautiful women in life-threatening situations.",/uhqhRIYaY5HPb2xMPmibc8x51Kt.jpg
63564,The Last of the High Kings,"It is 1977, Dublin rocks to the music of Thin Lizzy and the world is stunned by the death of Elvis Presley. Frankie, caught between acne and adulthood, has just completed his final exams in school. Convinced he will fail, he survives the summer organising a beach party, having lustful thoughts about two girls he believes are unobtainable and fending off the advances from a visiting American family friend, all whilst coping with his oddball family.",/hFnr81xOiXUYqg1lura8ynHAs7G.jpg
49763,Bad Moon,"One man's struggle to contain the curse he hides within... and his last-ditch attempt to free himself with the love of family. But when it looks as if he is losing his battle, and endangering all he holds most dear, the family dog, Thor, is the last hope for his family's survival... and the end to his Werewolf curse.",/ivjPm80ZT4MXO1DifALrP0GkOBZ.jpg
35068,Murphy's War,"Murphy is the sole survivor of his crew, that has been massacred by a German U-Boat in the closing days of World War II. He is rescued, and ends up at a forgotten mission station near the mouth of the Orinoco, and begins to plot his vengeance. He wishes to sink the U-Boat by means of any method imaginable to him, and sets about to make the courageous attempt, assisted by Louis, the local oil company Administrator.",/yTqxBGs5ZyLlzkL5s0La50GMa22.jpg
91099,Your life in 65 minutes,"A Sunday, three young friends read the obituary of a schoolmate with whom long ago they lost contact. They go to the morgue and realize that they are wrong: that burial is not that of their fellow student. From this, the confusion and random weave a story of friendship, love and death.",/kxj7LrJcuYdHrOhGDWqjgbTlQVC.jpg
96525,Music in the Air,Constantly quarrelling couple decide to try the jealousy angle when a naive young couple comes along.,/u2DcykQDlgNZrs2wZjSOO7ORfmM.jpg
12179,Where in the World Is Osama Bin Laden?,Morgan Spurlock (Super Size Me) tours the Middle East to discuss the war on terror with Arabic people.,/tUtc3rL7NbsqfhzDnAdRpUawMS8.jpg
245367,Summer of Fear,The presence of a malicious stranger threatens to destroy the peace and harmony of a vacationing executive's family life.,/qepuyTT0YWqi1b1f55pzJMQYRkS.jpg
43923,It's Kind of a Funny Story,A clinically depressed teenager gets a new start after he checks himself into an adult psychiatric ward.,/wADblWdHMk2SIaZRBazTGOTBf4w.jpg
10178,The Caine Mutiny,"When a US Naval captain shows signs of mental instability that jeopardizes the ship, the first officer relieves him of command and faces court martial for mutiny.",/Aata3SsDejMC5pEEtfzDv7aPRTJ.jpg
936,The Pink Panther,"The trademark of The Phantom, a renowned jewel thief, is a glove left at the scene of the crime. Inspector Clouseau, an expert on The Phantom's exploits, feels sure that he knows where The Phantom will strike next and leaves Paris for Switzerland, where the famous Lugashi jewel 'The Pink Panther' is going to be. However, he does not know who The Phantom really is, or for that matter who anyone else really is...",/azIoCxiH9wIPCCGnqaDW8DJwCLl.jpg
29268,Castle of Sand,"Yoshitaro Nomura’s 1975 film of Seicho Matsumoto’s immensely popular detective story tells the tale of two detectives, Imanishi (Tetsuro Tamba) and Yoshimura (Kensaku Morita), tasked with tracking down the murderer of an old man, found bludgeoned to death in a rail yard.",/vq9GDliGkNbpig1vizh9YQSYYsO.jpg
22660,Old Yeller,"Young Travis Coates is left to take care of the family ranch with his mother and younger brother while his father goes off on a cattle drive in the 1860s. When a yellow mongrel comes for an uninvited stay with the family, Travis reluctantly adopts the dog.",/cpmJyQpmg6fF8VkBUAAFIs8tLKh.jpg
58018,U Pana Boga za piecem,"Królowy Most to miasteczko gdzieś przy wschodniej granicy, z kościelną wieźą górującą nad okolicą i złotą kopułą cerkwi, z charyzmatycznym proboszczem i posłusznymi parafianami. Świat, w którym czas łaskawie się zatrzymał. Senną atmosferę zakłóca pojawienie się energicznej Marusi, która przekracza polską granicę, źeby zarobić sprzedając towar na bazarze. Obrabowana przez raketierów, zwraca się o pomoc do miejscowej policji. Komisarz rozpoczyna śledztwo, a Marusia jako koronny świadek zostaje umieszczona na plebanii.",/vm7mj1837nFPkg0sN7V5D8rbWTZ.jpg
81401,The Turin Horse,"In 1889 German philosopher Friedrich Nietzsche witnessed the whipping of a horse while traveling in Turin, Italy. He tossed his arms around the horse's neck to protect it then collapsed to the ground. In less than one month, Nietzsche would be diagnosed with a serious mental illness that would make him bed-ridden and speechless for the next eleven years until his death. But whatever did happen to the horse? This film, which is Tarr's last, follows up this question in a fictionalized story of what occurred. The man who whipped the horse is a rural farmer who makes his living taking on carting jobs into the city with his horse-drawn cart. The horse is old and in very poor health, but does its best to obey its master's commands. The farmer and his daughter must come to the understanding that it will be unable to go on sustaining their livelihoods. The dying of the horse is the foundation of this tragic tale.",/7ALkstBmxlhJKzybE8qOcomh4XD.jpg
43705,The Great Lie,"Sandra and Pete elope but their marriage is invalid since she's not yet divorced. Sandra is, however, pregnant by Pete. Pete marries his former fiancée Maggie, then flies to South America where his plane crashes. Maggie pays Sandra to let her adopt Pete's baby. Pete returns ""from the dead"". Sandra and Maggie contend for Pete and the baby.",/w2MnzZIpeAjHz6yq8ZzHlXXLrXw.jpg
26369,Cannibal Women in the Avocado Jungle of Death,"The U.S. government, eager to protect the nation's avacado supplies, recruits feminist professor Margo Hunt to make contact with the Piranha Women, an all-female tribe who believe men are only good as a source of food. Accompanying Dr. Hunt on her trip are Jim, a guide of questionable competence, and Bunny, a student of unquestionable incompetence.",/jp8Rc26CfzhUUUkkKSWYYa0ef74.jpg
59797,Bad Dreams,"Unity Field, a ""free love"" cult from the '70s, is mostly remembered for its notorious mass suicide led by Harris, its charismatic leader. While all members are supposed to burn in a fire together, young Cynthia is spared by chance. Years later, the nightmare of Unity Field remains buried in her mind. But when those around Cynthia start killing themselves, and she begins having visions of Harris, she may be forced to confront the past -- before it confronts her.",/16wxKRGegbX47KJUnO4Z1qw23YQ.jpg
55207,Gaslight,"Twenty years after the murder of Alice Barlow, her house is finally occupied again. However, the husband of the couple who have moved in has a secret which he will do anything to keep hidden.",/wzt7fIwniPpUywGG3sKLdvUsZMK.jpg
143240,Nigdy w życiu!,Journey to find true love.,/hVUsuIMchtsOdpq4aVOhxAos7at.jpg
10502,The Man without a Face,"The story of a relationship between a teacher and his troubled pupil. Justin McLeod is a former teacher who lives as a recluse on the edge of town. His face is disfigured from an automobile accident and fire ten years before in which a boy was incinerated and for which he was convicted of involuntary manslaughter. He is also suspected of being a pedophile. He is befriended by Chuck, causing the town's suspicion and hostility to be ignited. McLeod inculcates in his protege a love of justice and freedom from prejudice which sustains him beyond the end of the film.",/24QERLoucnNZIE0gGYdCFzi58IV.jpg
10670,Rollercoaster,The plot is about a guile young terrorist who is able to blackmail a series of companies by placing home-made radio controlled bombs within the central attraction of amusement parks; roller coasters. The young man played by Timothy Bottoms gives a hard time to the cops after they give him UV marked money. He then wants revenge and places a bomb in a roller coaster at the most important amusement park event of the year.,/vxMbWDWGUeuSWm3KB9pIyDIFVEW.jpg
73600,Bombay Talkie,An English novelist travels to Bombay to watch one of her novels translated to film. She chases after the Movie's leading man while the Screenwriter chases after her.,/8jHTL8i5xzIu55RKS709v7Or1Gx.jpg
11553,Millennium Mambo,"Taipei. A voice off-camera looks back ten years to 2000, when Vicky was in an on-again off-again relationship with Hao-Hao...",/zaPDSAlrGKV4Bgz6vvkZxPZrrxD.jpg
126797,Mental,"A charismatic, crazy hothead transforms a family's life when she becomes the nanny of five girls.",/brqd1nhhRG08zfULzzzaeqgiHp1.jpg
19997,Niagara,"Rose Loomis and her older, gloomier husband, George, are vacationing at a cabin in Niagara Falls, N.Y. The couple befriend Polly and Ray Cutler, who are honeymooning in the area. Polly begins to suspect that something is amiss between Rose and George, and her suspicions grow when she sees Rose in the arms of another man. While Ray initially thinks Polly is overreacting, things between George and Rose soon take a shockingly dark turn.",/tPmeDXhF7dNgntoaaxCl6SoMZw3.jpg
37861,Valhalla Rising,"1000 AD, for years, One Eye, a mute warrior of supernatural strength, has been held prisoner by the Norse chieftain Barde. Aided by Are, a boy slave, One Eye slays his captor and together he and Are escape, beginning a journey into the heart of darkness. On their flight, One Eye and Are board a Viking vessel, but the ship is soon engulfed by an endless fog that clears only as the crew sights an unknown land. As the new world reveals its secrets and the Vikings confront their terrible and bloody fate, One Eye discovers his true self.",/gOZbRtcLCgDARcIkc6Zv2P1UDti.jpg
8941,Versailles,A young mother Nina and her son Enzo find themselves sleeping on the streets of Paris. Eventually there lifestyle leads them to Versailles.,/dYViK2Ymxeh0VHggeHIXKdydoST.jpg
8452,The 6th Day,Futuristic action about a man who meets a clone of himself and stumbles into a grand conspiracy about clones taking over the world.,/6pBUekwhnjW99V0cLphx7dZE2Wx.jpg
41764,The Best Intentions,"The story of Ingmar Bergman's parents. In 1909, poor theology student Henrik Bergman falls in love with Anna Åkerbloom, the daughter of a rich family in Uppsala. After their wedding Henrik becomes a priest in the north of Sweden. After a few years Anna can't stand living in the rural county with the uncouth people. She returns to Uppsala, Henrik stays in the north.",/libX4fp8hWCj0npj807HeCSGqJp.jpg
10851,Revolver,"Hotshot gambler Jake Green (Jason Statham) is long on bravado and seriously short of common sense. Rarely is he allowed in any casino because he's a bona fide winner and, in fact, has taken so much money over the years that he's the sole client of his accountant elder brother, Billy. Invited to a private game, Jake is in fear of losing his life.",/jscEs0gtxoAwKcF4509oYAFDXIw.jpg
60008,Rosso,"Giancarlo Rosso, a Sicilian hit man, gets a job to kill someone in Finland. His new target is Maria. Rosso arrives in Helsinki, buys weapons, and comes in hers apartment. After seeing that apartment is deserted, he runs into her brother Martti and, although not speaking each other's language, together they go to find her...",
74076,9/11: The Twin Towers,Discovery Channel documentary,/vvSAnVvtaysxC07FQiZMOWVJht.jpg
36807,The Sixth Man,"Antoine and Kenny Tyler are NCAA college basketball players, and Antoine is the star. Suddenly Antoine dies of heart attack and Kenny has to fill his shoes as leader of team. Some time later, Antoine returns as a ghost and helps Kenny in game and in life, but Kenny changes in the process and doesn't quite like it.",/jJIoI6r8oYkgzllp85nXVW8cEDR.jpg
23194,The Hallelujah Trail,"A wagon train heads for Denver with a cargo of whisky for the miners. Chaos ensues as the Temperance League, the US cavalry, the miners and the local Indians all try to take control of the valuable cargo.",/gQvQb7WHBC1DGgtB6B17JI8CxNg.jpg
125506,Getting to Know You,A chance encounter alters a teenage girl's perception of herself and her outlook on life.,/r5C369p7yU9eGrvPr1Yabz29MZl.jpg
48693,The Mother and the Whore,"In this sexually frank French drama, the aimless young Alexandre  juggles his relationships with his girlfriend, Marie, and a casual lover named Veronika. The dialogue-heavy film focuses intently on the love triangle, with Marie increasingly jealous of Alexandre's fling with Veronika. As the trio continues their unsustainable affair, the emotional stakes get higher, leading to conflict and unhappiness.",/AgkkPJpeRTfqZqyfG4jaokIHuCk.jpg
9279,Jingle All the Way,"Meet Howard Langston, a salesman for a mattress company is constantly busy at his job, and he also constantly disappoints his son, after he misses his son's karate exposition, his son tells Howard that he wants for Christmas is an action figure of his son's television hero, he tries hard to to make it up to him. Unfortunately for Howard, it is Christmas Eve, and every store is sold out of Turbo Man, now Howard must travel all over town and compete with everybody else to find a Turbo Man action figure.",/aaVkNhUONnkSv5ijPjq7pEmmWyE.jpg
9653,Mädchen in Uniform,A sensitive girl is sent to an all-girls boarding school and develops a romantic attachment to one of her teachers. One of the earliest narrative films to explicitly portray homosexuality.,/1vJn0ZAPIpZNyF600Ptm9gzhpyt.jpg
37036,All Through the Night,"Broadway gambler 'Gloves' Donahue wants to find who killed the baker of his favorite cheesecake. He sees nightclub singer Leda Hamilton leaving the bakery. When her boss Marty's partner Joe is murdered, Leda and her accompanist Pepi disappear. It turns out that beneath all the mystery is a gang of Nazi operatives planning to blow up a battleship in New York harbor.",/bxJpOVFSSXjYcvhAG1Ax90tsk4Q.jpg
30348,Isle of the Dead,"On a Greek island during the 1912 war, several people are trapped by quarantine for the plague. If that isn't enough worry, one of the people, a superstitious old peasant woman, suspects one young girl of being a vampiric kind of demon called a vorvolaka.",/mtNfQVPPbpEPwmsbSOAZIkz4MHd.jpg
22318,Permanent Midnight,"Ben Stiller plays comedy writer Jerry Stahl, whose $6000-a-week heroin habit had him taking his infant daughter along on his drug runs and doing smack during TV script conferences. Departing detox, Stahl explores memories with survivor Kitty, who listens patiently to Stahl's flashback. Other women in Stahl's life are his British wife Sandra and his agent Vola.",/vbI0JizS0SmWzRm9wQXqjcL3mVz.jpg
113432,Wrestling,A love story about two gay wrestlers living in rural Iceland who must keep their relationship a secret from the inner world of Iceland's national and very macho sport.,/kedOukFrsSUkv8guN1I7ozEcw3S.jpg
76785,Roadie,"After 20 years of touring, a roadie for a defunct 80s hair band returns home to live with his mother.",/rPUfdUaVgr2sNHlPRZMhyT5jAXK.jpg
26959,Curse of the Puppet Master,"Robert ""Tank"" begins to work for Dr. Magrew sculpting a puppet for the Doctor to bring to life using the work of Andre Toulon. Robert begins to fall in love with the Doctors daughter, Jane. Unbeknownst to Robert the Doctor is trying to create a ""perfect race"" of puppet humans. Jane discovers a ""matt puppet"" which is from his first assistant. She comes back just in time to see her father, cut up by the puppets, has succeeded in putting a living human, Robert, into the puppet he carved.",/xYUPZ6uz2bXeyQt0fs2kibAldSm.jpg
5928,The Reivers,"In turn-of-the-century Mississippi, an 11-year-old boy comes of age as two mischievous adult friends talk him into sneaking the family car out for a trip to Memphis and a series of adventures.",/2zXt3JQLYo8SRSw6SHlSMMMnERt.jpg
67636,Comanche Moon,"Comanche Moon, the prequel to McMurtry's bestselling and Pulitzer Prize-winning book, ""Lonesome Dove follows Texas Rangers Augustus ""Gus"" McCrae (Zahn) and Woodrow F. Call (Urban), now in their middle years, as they continue to deal with the ever-increasing tensions of adult life--Gus with his great love, Clara Forsythe (Cardellini), and Call with Maggie Tilton (Banks), the young prostitute who loves him and bears him his son, Newt (Joseph Castanon). Kilmer plays Captain Inish Scull, a Yankee aristocrat and hero of the recently concluded Mexican War. Griffiths plays Inez Scull, the Captain's sexy wife who doesn't hesitate to fill her time with other men when he's away from home. Wes Studi plays Comanche Chief Buffalo Hump.",/9NNewnKxsfg9yPWwyCqAiBLQVDQ.jpg
20546,Goodnight Mister Tom,"We're in an English village shortly before Dunkirk. ""Mr. Tom"" Oakley still broods over the death of his wife and small son while he was away in the navy during WWI, and grief has made him a surly hermit. Now children evacuated from London are overwhelming volunteers to house them. Practically under protest, Mr. Tom takes in a painfully quiet 10-year-old, who gradually reveals big problems. William",/qxlqWxL5dgZuSS2XicVt1WNRq8r.jpg
44657,Chang: A Drama of the Wilderness,"Elephants disrupt the lives of a family deep in the jungles of Northern Siam, and an entire village.",/nkwUywhvUwJDBwJqpVPAl2nTRJu.jpg
1358,A Brief History of Time,"A documentary film based on the life of scientist Steven Hawking. The film explores the intimate life of Steven Hawking through him, his friends and his family, as he goes through school, is diagnosed with a degenerative disease, and discovers revolutionary theories about time, black holes, and the origin of the universe. A visually interesting and at times funny film about a extraordinary life.",/245tFCzZLiE9Xo03EuZIU03zXEw.jpg
86097,For the Love of Movies: The Story of American Film Criticism,The story of American film criticism.,/nLafVHQp6OO35ItTeX5A7WWc01M.jpg
9026,The Importance of Being Earnest,"Two young gentlemen living in 1890s England use the same pseudonym (""Ernest"") on the sly, which is fine until they both fall in love with women using that name, which leads to a comedy of mistaken identities...",/iVqEDU10zyQis5l2P6cJR8SI38O.jpg
247112,Smoke on the Potato Fields,"In this character study by Czech director Frantisek Vlacil, a stout middle-aged physician whose marriage has come apart establishes a practice in a small town. Gradually he's drawn into the lives of his patients—a childless couple, a pregnant girl with a stern mother, the son of a duck farmer—and each relationship reveals a bit more about him and the idyllic but insular community.",/7nOQW0vS8uDSC4wU786Ln0Bq7Jv.jpg
15664,Right at Your Door,"A dirty bomb goes off in Los Angeles, jamming freeways and spreading a toxic cloud.",/6h24yrqU5TfAMI6dZBdiDUU3M0p.jpg
66588,A Thousand Acres,"A THOUSAND ACRES is a drama about an American family who meets with tragedy on their land. It is the story of a father, his daughters, and their husbands, and their passion to subdue the history of their land and its stories.",/w0c8NzFewEi8WzJ1wlT7rSXU7Ku.jpg
9040,Serpico,The real-life struggle of an honest New York City cop against a corrupt system.,/dq3PTFp0lLlEa2TnJepEknU2Sys.jpg
31618,Betrayed,An FBI agent (Debra Winger) falls in love with a white supremacist (Tom Berenger) whose group she infiltrates.,/y2EsGbzqQHD81TQKHTLi8ohXFnI.jpg
13120,In Search of a Midnight Kiss,"Broke and alone on New Year's Eve, Wilson just wants to spend the rest of a very bad year in bed. But, when his best friend convinces him to post a personal ad, he meets a woman bent on finding the right guy to be with at midnight.",/xF4oqHpW6SJe8Gno4kHwzDHPaS6.jpg
75725,Films to Keep You Awake: The Christmas Tale,"In 1985, in a coastal town, the friends Koldo, Peti, Tito, Eugenio and Moni stumble with a woman dressed like Santa Claus trapped in a hole in the woods. While to boys go to the police station to ask for help, the others find a rope to take the woman out of the hole. However, the boys find in the police station that the woman is the dangerous thief Rebeca Expósito, who has just stolen two million pesetas from a bank and is wanted. The group decides to leave the woman in the hole without any food to force her to give the robbed money to them. Meanwhile, Peti and Eugenio that are fans of the movie ""Zombie Invasion"", decide to make a voodoo ceremony with Rebecca to transform her into a zombie. When Rebecca escapes from her imprisonment, she uses an axe to chase the evil boys.",/ttbYmcDr42CFSK4NtEsY36TNRb4.jpg
26936,Boiling Point,"Masaki, a baseball player and gas-station attendant, gets into trouble with the local Yakuza and goes to Okinawa to get a gun to defend himself. There he meets Uehara, a tough gangster, who is in serious debt to the yakuza and planning revenge.",/cyOqtWxEtMPThNYdydH0W7sYlVp.jpg
9016,Treasure Planet,"When space galleon cabin boy Jim Hawkins discovers a map to an intergalactic ""loot of a thousand worlds,"" a cyborg cook named John Silver teaches him to battle supernovas and space storms. But, soon, Jim realizes Silver is a pirate intent on mutiny!",/yfcoA7q9n852yVnYa0VcAchgA72.jpg
76360,6 Days to Air: The Making of South Park,Viewers will get a look at Parker and Stone's thought process as they approach a new episode and the 24/7 grind they subject themselves to each time the show is in production. The documentary also includes in-depth interviews with Parker and Stone about their working partnership and reflections on highlights from their careers.,/inxAHPkyF26J1cusWzLi7rJsGwt.jpg
166375,Taqwacore: The Birth of Punk Islam,"The word Taqwacore is a combination of hardcore, a genre of punk music, and taqwa, an Arabic word that translates as ""piety"" or ""god-fearing."" The first to use the term was writer, journalist, and Muslim convert Michael Muhammad Knight. His novel The Taqwacores, about a group of young Islamic punk rockers, received a storm of recognition among young American Muslims and prompted the formation of various Muslim punk bands. Written by International Documentary Film Festival Amsterdam",/ijg7C083ouNjgYgD3Q31og3xGlp.jpg
55347,Beginners,"A young man is rocked by two announcements from his elderly father: that he has terminal cancer, and that he has a young male lover.",/41ZB1ndUvimsFSIBxl6LXQaeAnI.jpg
3780,Red Beard,"Set in feudal times, novice physician, Yuzo Kayama, is sent to a poor infirmary expecting just to visit, but is infuriated to learn he must stay. He tries to provoke his termination, but is foiled by head doctor ""Red Beard"" (Toshiro Mifune), a man whose methods are as caring as they are unpredictable.",/ks2eCY40pq2Rfa9pFztnhcrgR2H.jpg
53868,The Vault of Horror,"The sequel to Tales from the Crypt.  Five strangers trapped in a basement vault converse about their recurring nightmares. Their stories include vampires, bodily dismemberment, east Indian mysticism, an insurance scam, and an artist who kills by painting his victims' deaths.",/g8OmiX8pPRBToSmcT5zNPEhfFpj.jpg
21454,Kiss of Death,"Small-time crook Nick Bianco gets caught in a jewel heist and despite urgings from well-meaning district attorney D'Angelo, refuses to rat on his partners and goes to jail, assured that his wife and children will be taken care of. Learning that his depressed wife has killed herself, Nick informs on his ex-pals and is paroled. Nick remarries, gets a job and begins leading a happy life when he learns one of the men he informed on, psychopathic killer Tommy Udo, has been released from custody and is out for revenge against Nick and his family.",/hJr9qgQtdXwjZdB1J40Lt7rFMTI.jpg
10344,The Fly II,"Martin Brundle, born of the human/fly, is adopted by his father's place of employment (Bartok Inc.) while the employees simply wait for his mutant chromosomes to come out of their dormant state.",/zoIWGWVMCbkmsVieP99br9ZC8yY.jpg
115064,Supermen of Malegaon,"Malegaon, a small town tucked away near the heart of India geographically, is fraught with communal tension and under severe economic depression. To escape the harsh reality of their world, its people seek refuge in the fantastical world of cinema. This passion for cinema has spurred a group of cinema enthusiasts to make their own films-quirky, low budget, socially aware and notoriously funny spoofs of Bollywood films.",/jhZ8b9tdrLDOd42lcwDO22DyJDF.jpg
28209,Emmanuelle II,"Emmanuelle returns to her husband in Hong Kong and proceeds to have several extramarital affairs -- with his knowledge, of course. Her husband's lover and American guest are both very puzzled by their openness.",/gFrlvwxd6EkZjQIhyHiqBTEFqlt.jpg
557,Spider-Man,"After being bitten by a genetically altered spider, nerdy high school student Peter Parker is endowed with amazing powers.",/rZd0y1X1Gw4t5B3f01Qzj8DYY66.jpg
9450,Brassed Off,"A small Yorkshire mining town is threatened with being shut down and the only hope is for the men to enter their Grimley Colliery Brass Band into a national competition. They believe they have no hope until Gloria appears carrying her Flugelhorn. At first mocked for being a woman, she soon becomes the only chance for the band to win.",/kyPCqLAexOhPr0LV4yXvKlJ68cC.jpg
83233,Silvestre,"A bewitching combinatory adaptation of the Bluebeard tale and a 15th century Portuguese fable of a damsel who disguises herself as a knight errant, Silvestre is both radically feminist and fascinated with the dark, primal logic of the paternal order. Monteiro’s earliest collaboration with producer Paulo Branco was among his first to receive international acclaim, with special attention given to Silvestre’s daring use of deliberate artifice – front-projected backgrounds, extended freeze frames, theatrical performances – to capture the fatalistic rhythm and dream logic of myth.",/ci2Xp2JHSP1OHCMJiJJ1eNfSYG7.jpg
83994,My Sex Life... or How I Got Into an Argument,"Paul Dedalus is at a crossroads in his life. He has to make several decisions; should he complete his doctorate, does he want to become a full professor, does he really love his long-standing girlfriend, or should he re-start with one of his other lovers?",/1XSmLjz4BjZStYMF6OtDBY0ZpJE.jpg
11389,The Olsen Gang,"The first of 14 Olsen Gang films presents us with Egon Olsen, head of the gang, and his friends Benny and Kjeld, who want to become the best known gang in Denmark and eventually Europe by stealing a famous Bavarian work of art currently displayed in a Copenhagen museum. Although Egon's plan works out fine, there is only trouble ahead for the little gang.",/qxAytkGQx7pDa6QjaxEAfS4KlEZ.jpg
13972,The Women,"The story centers on a group of gossipy, high-society women who spend their days at the beauty salon and haunting fashion shows. The sweet, happily-wedded Mary Haines finds her marriage in trouble when shop girl Crystal Allen gets her hooks into Mary's man.",/fpTAPMqBimxIaWgxwWBAUxq8GXY.jpg
79615,Square Dance,"An awkward 13-year-old (Winona Ryder) leaves her cranky grandfather (Jason Robards) in rural Texas, to live with her mother (Jane Alexander) in Fort Worth.",/l8QYOoo3v5RGrNXsKSPnf0iI92N.jpg
16146,Phantasm IV: Oblivion,"Taking off immediately where the last one ended, in this episode Mike travels across dimensions and time fleeing from the Tall Man, at the same time he tries to find the origins of his enemy, and what really happened the night that his brother died. Meanwhile, Reggie battles the spheres and the undead in a quest to find Mike before the Tall Man can complete his transformation.",/1mBU0bPgOKt0RarqGNyRUbLQbrn.jpg
16577,Astro Boy,"Set in futuristic Metro City, Astro Boy is about a young robot with incredible powers created by a brilliant scientist in the image of the son he has lost. Unable to fulfill the grieving man's expectations, our hero embarks on a journey in search of acceptance, experiencing betrayal and a netherworld of robot gladiators, before he returns to save Metro City and reconcile with the father who had rejected him.",/4kQczIhUFTnDWwG6HKsgCxLoi6.jpg
45156,A Little Bit of Heaven,"It's a comedy about a guarded woman who finds out she's dying of cancer, but when she meets her match, the threat of falling in love is scarier than death",/1DDjTd3eLaUyXcF3ndIUDZpHnPe.jpg
73931,Reunion,"Two young boys from very different backgrounds become friends in 1933 Stuttgart. However, they don't realize how different they are until much later as one is the son of a well-to-do Jewish doctor and the other the son of a German aristocrat. After that summer and the election of Hitler, things change as antisemitism gains fervor. After the core of the film deals with that era, the film flashes to the present and the Jewish man now returns to his boyhood home and seeks his old friend with some surprises.",/flL4n5cvrtPHTISYDiqvOKG1OAl.jpg
130090,The Girl from Jones Beach,"Glamour artist Bob Randolph is world famous for his paintings of a stunning beauty dubbed ""The Randolph Girl"". What the world doesn't know is that his pin-up creation is really a composite of parts of the anatomy of 12 different models. In an effort to find one girl who possesses all the proper physical attributes, Randolph and PR man Chuck Donovan pursue Ruth Wilson, a beauteous schoolteacher who prefers to be admired for her brain rather than her curves. Ruth changes her tune, however, when a published photo of her in a swimsuit causes her to be fired by the uptight schoolboard. She sues for reinstatement and in the process learns that swimsuits and sex appeal do have a place in her world, after all. Written by Dan Navarro",/d0tPKAs8pkWFy8wkQIdh8aVvSa9.jpg
27601,Citizen Toxie: The Toxic Avenger IV,"When the notorious Diaper Mafia take hostage the Tromaville School for the Very Special, only the Toxic Avenger and his morbidly obese sidekick Lardass can save Tromaville.",/wR4VvqrRd2r9M4GYXPnoV02aUNG.jpg
22404,Man Hunt,"British hunter Thorndike vacationing in Bavaria has Hitler in his gun sight. He is captured, beaten, left for dead, and escapes back to London where he is hounded by German agents and aided by a young woman.",/jpS47a2wgePLLReHPbNQ4oYSBFf.jpg
34614,A Hole in My Heart,"In a decript apartment, a young man watches as his father and a friend shoot an amateur porn film. Issues of morality, reality TV and friendship are explored.",/nrjerYy3hN5q17VTXFloxSxQ65F.jpg
701,Our Hospitality,"A man returns to his Appalachian homestead. On the trip, he falls for a young woman. The only problem is her family has vowed to kill every member of his family.",/3ZUMBrnRfNHR1ZJLLHrBgYvLDHD.jpg
155796,Still Life,An obsession for food and love. Short film made in Prague not to be confused with other feature films using the same name.,
46146,Troll Hunter,"A group of students investigates a series of mysterious bear killings, but learns that there are much more dangerous things going on. They start to follow a mysterious hunter, learning that he is actually a troll hunter.",/hee6nsDsmemyxpO26TZ7wiODnDO.jpg
12715,Firewalker,A pair of adventurers try to track down an ancient Aztec/Mayan/Egyptian/Apache horde of gold.,/v8DC9qUY6KNF4tqYq7agbwFqR78.jpg
11625,Asterix and the Big Fight,"Gaullish custom requires that a would-be chief must challenge and defeat another to become the leader of two tribes. Vitalstatistix is not perturbed because of Getafix's magic potion. Getafix, however has an accident and forgets how to make it. Then Vitalstatistix is suddenly challenged.",/bXJ0wTCthDkVwTXiUJnoTDBkwiJ.jpg
17665,The Shoes of the Fisherman,"Metropolitan Archbishop Lakota of L'viv,  freed after twenty years in the Soviet Gulag, travels to Rome where circumstances conspire to see him elevated to the Papacy.  Inspired by the life story of Ukrainian Catholic Cardinal Josyf Slipyj,",/oXkTiIRB6emI4KxaKOnl1CW4fBI.jpg
163676,A Thousand Clouds of Peace,"A teenager discovers that mending a broken heart is no simple thing in this independent romantic drama from Mexico. Gerardo (Juan Carlos Ortuno), a 17-year-old who has recently embraced his homosexuality, has just parted ways with his first serious boyfriend, Bruno (Juan Carlos Torres). Gerardo has fallen into a deep depression after losing Bruno, and he drifts through Mexico City, where he meets and makes love with a number of attractive strangers. However, his hedonistic adventures cannot wash away the pain in his heart. The first feature-length project from director Julian Hernandez, Mil Nubes de Paz Cercan el Cielo, Amor, Jamás Acabarás de Ser Amor was screened at the 2003 Berlin Film Festival, where it received the Teddy award, given to the best Gay or Lesbian-themed film shown at the fest.",/pKTB6wCGwhaQqFVeIFUUeUS8H2F.jpg
6498,Nightwatch,"In order to finance his law studies, Martin starts as a night watchman in a mortuary. When the victims of a serial killer of prostitutes are deposited there, scary things begin to happen. Therefore and because of a strange bet with his fellow student Jens, the police begins to think he is the murderer. Police detective Wormer wants to help him but Martin is more and more suspected.",/q7iuGUp6yVgzKVUKiIW8XynI8Fk.jpg
79940,Tim and Eric's Billion Dollar Movie,"Two guys get a billion dollars to make a movie, only to watch their dream run off course.",/duqeIRmBu4SWHmGxKs8AwWiCeiR.jpg
10364,Catch-22,"A bombardier in World War II tries desperately to escape the insanity of the war. However, sometimes insanity is the only sane way to cope with a crazy situation. Catch-22 is a parody of a ""military mentality"" and of a bureaucratic society in general.",/tIg28QBu0vmOexZiVOv2vfrhHmk.jpg
14254,The Uninvited,"Anna returns home after spending time in a psychiatric facility following her mother's tragic death and discovers that her mother's former nurse, Rachel, has moved into their house and become engaged to her father. Soon after she learns this shocking news, Anna is visited by her mother's ghost, who warns her that Rachel has evil intentions.",/2EK387xtxj7ypUXKXdoV8RRYXga.jpg
598,City of God,"Cidade de Deus is a shantytown that started during the 1960s and became one of Rio de Janeiro’s most dangerous places in the beginning of the 1980s. To tell the story of this place, the movie describes the life of various characters, all seen by the point of view of the narrator, Buscapé. Buscapé was raised in a very violent environment. Despite the feeling that all odds were against him, he finds out that life can be seen with other eyes: The eyes of an artist. By accident, he becomes a professional photographer, gaining his freedom.",/gCqnQaq8T4CfioP9uETLx9iMJF4.jpg
112136,Buzzkill,"Failed writer Ray Wyatt is ready to take his own life when a notorious serial murderer steals his latest movie script and begins publicizing it. Revived by the sudden deluge of celebrity, Ray starts tracking the killer to recover the manuscript.",/bKaxbw7uYbQP9ipX2BO65nBZvhp.jpg
25562,Soapdish,"Celeste Talbert is the star of the long-running soap opera ""The Sun Also Sets."" With the show's ratings down, Celeste's ruthlessly ambitious co-star, Montana Moorehead, and the show's arrogant producer, David Seton Barnes, plot to aggravate her into leaving the show by bringing back her old flame, Jeffrey Anderson, and hiring her beautiful young niece, Lori Craven.",/5UCDRFr9a7h17WhdH7uf9WW7ZKK.jpg
75948,The Sorcerer and the White Snake,The Sorcerer and the White Snake is an ancient Chinese fable about a woman demon who falls in love with a mortal is brought to life through the latest advances in CGI and action techniques.,/tIYOP0Smjl0Un8iGNZ3aa5dgq7a.jpg
38757,Tangled,"When the kingdom's most wanted-and most charming-bandit Flynn Rider hides out in a mysterious tower, he's taken hostage by Rapunzel, a beautiful and feisty tower-bound teen with 70 feet of magical, golden hair. Flynn's curious captor, who's looking for her ticket out of the tower where she's been locked away for years, strikes a deal with the handsome thief and the unlikely duo sets off on an action-packed escapade, complete with a super-cop horse, an over-protective chameleon and a gruff gang of pub thugs.",/re6AOJbhBk9FIK3knwU6rYlbPDx.jpg
26141,Fatal Instinct,"A spoof of the late 80s and early 90s suspense thrillers and murder mysteries, including Basic Instinct, Sleeping With The Enemy, Cape Fear and others. A cop/attorney (yes he's both) is seduced by a woman while his wife is having an affair with a mechanic. Lots of other sublots and visual gags in the style of Naked Gun.",/sZDp3eHwujNR71aNU0rLDz7phJA.jpg
81829,Bulldog Drummond,Hugh 'Bulldog' Drummond is a British WWI veteran who longs for some excitement after he returns to the humdrum existence of civilian life. He gets what he's looking for when a girl requests his help in freeing her uncle from a nursing home. She believes the home is just a front and that her uncle is really being held captive while the culprits try to extort his fortune from him.,/aMHXIXzgqqnhY2Zz5ysuLxIPwDI.jpg
1847,The Long Goodbye,Detective Philip Marlowe tries to help a friend who is accused of murdering his wife.,/gPOuGW8hIMhs7JvyxcZiSHuvy3C.jpg
88912,A Child Is Waiting,"Dr. Matthew Clark is the head of a state institution for mentally retarded children. Jean Hansen, a former music teacher anxious to give her life some meaning, joins the staff of the hospital. Jean, who tries to shelter the children with her love, suspiciously regards Clark's stern training methods. She becomes emotionally involved with 12-year-old Reuben Widdicombe, who has been abandoned by his divorced parents.",/uYRweMbXcdJ0q8O2WININZfjqQj.jpg
60308,Moneyball,"The story of Oakland Athletics general manager Billy Beane's successful attempt to put together a baseball team on a budget, by employing computer-generated analysis to draft his players.",/3oAa8mJJ97CH9AeGEY6vjAxqcvZ.jpg
10999,Commando,"John Matrix, the former leader of a special commando strike force that always got the toughest jobs done, is forced back into action when his young daughter is kidnapped. To find her, Matrix has to fight his way through an array of punks, killers, one of his former commandos, and a fully equipped private army. With the help of a feisty stewardess and an old friend, Matrix has only a few hours to overcome his greatest challenge: finding his daughter before she's killed.",/ggVVcXvlLqFOK6lEkD8G2aDarDb.jpg
10601,Peter Pan,"In stifling Edwardian London, Wendy Darling mesmerizes her brothers every night with bedtime tales of swordplay, swashbuckling and the fearsome Captain Hook. But the children become the heroes of an even greater story, when Peter Pan flies into their nursery one night and leads them over moonlit rooftops through a galaxy of stars and to the lush jungles of Neverland.",/oZEiHdVIjjGHlpqh5fCWZoUJ9RY.jpg
16378,The Rutles: All You Need Is Cash,The story of the rise and fall of the Pre-Fab Four.,/cYP9PFfgo3uWp8WB59GVib7knk7.jpg
45765,Me Too,"Daniel - a recent university graduate with Down's Syndrome - falls in love on his first day at work in the Department of Social Services. Laura is an outsider who spends her nights in the city's crowded clubs and singles' bars, escaping her problems in the arms of total strangers. Yet despite their apparent incompatibility, the two strike up a moving, bittersweet friendship that touches them both and eventually sets them on the road to happiness.",/319NiWJrf9HFxs1jB5jc2q5yS5j.jpg
1283,"Torrente, the Dumb Arm of the Law","Torrente, The Stupid Arm of The Law by Santiago Segura stars Javier Cámara as a corrupt, poor, delusional, sexist, egocentric, drunk and right-winged Madrid cop named Torrente. This over the top comedy shows Torrente on his search for heroin drug dealers and the outrageous characters he passes on his way. A cult film and one of the funniest Spanish films was the most successful box-office film.",/mLSGLT03jd3G4svLFEYOKY3O82W.jpg
27259,Long Time Dead,"A group of British students embark on summoning spirits on a Ouija board after a night of clubbing. But someone breaks the link before they have finished and now a demon is trapped in their world and the only way to banish it, is for all the people who summoned it to die.",/1m2oulBX0QxmhMyj6MjTiVgG0ci.jpg
35201,The Holcroft Covenant,A man who was a confidant of Adolf Hitler dies and leaves a fortune to make amends for his Nazi past--but his son has to search the world to find it,/8JLeKgBEMclIKFTU7oQgowLp3KJ.jpg
7485,Shooter,"A marksman living in exile is coaxed back into action after learning of a plot to kill the president. Ultimately double-crossed and framed for the attempt, he goes on the run to track the real killer and find out who exactly set him up, and why.",/wCZv0lNx58sfuLT698RYYJVEeTr.jpg
16233,Tromeo & Juliet,"A modern, punk adaptation of Shakespeare's classic. Told irreverently, this film attempts to impact the viewer in the same way theatre-goers were effected in Shakespeare's time. Bawdy, Violent, Humorous, and Romantic.",/f9tdyHxEZ3QMGPfaYmOkDWY9wTC.jpg
26014,Good Advice,An investment banker loses everything and must discover what's important in life.,/cOdmRJ5kfzHFrSL1eJPOqkSgOah.jpg
100085,El tren de la memoria,"Josefina's personal journey back to Nuremberg, Germany, where she arrived as an immigrant from Spain being only 18, along with other 2 million Spaniards who left to Europe in order to find a future.",/2ccllpQmNSJI8gTW8JKOj1zKGEj.jpg
26124,Face,"Ray is an aging ex-socialist who has become a bankrobber after seeing the demise of socialism in 1980s Britain. Teaming up with a gang of other has-beenish crims, he commits one bank job too many. The gang dissolves in a murderous flurry of recriminations.",/rLfCmz8Axf66ADNylTGlIfMChnu.jpg
35016,Koko Flanel,"Placide's dad tells him on his deathbed he'll haunt Placide if he doesn't find a wife soon. Placide cautiously agrees, but he only wants to settle for a very beautiful woman. That might be easier said than done, since he is a vagabond. When he accidentally enters a photo shoot, Placide meets Sarah. He falls in love, but she is way out of his reach.",/pWtl8CGmbBh8JHX3UoBOVUI05Zu.jpg
288111,"Moral Tales, Filmic Issues",A conversation between Eric Rohmer and Barbet Schroeder.,
26864,The Fish Child,"A desperate love story between two young girls of extremely different social backgrounds who, unable to find a place for their love in the world they live in, are pushed to commit a crime.",/6qFKaKTZoQVEnYfhWpFe5HZVsS9.jpg
21145,Louise-Michel,"In this radical and endearing black comedy, a group of retrenched female factory workers decide to pool their compensation money… and hire a hit man to liquidate their boss.",/l8aZdUlkvcNiqrthjwnCFlp7AZr.jpg
4989,Shamus,"New York private eye Shamus McCoy likes girls, drink and gambling, but by the look of his flat business can't be too hot. So an offer of $10,000 to finds some diamonds stolen in a daring raid with a flame-thrower is too good to miss. His investigations soon get pretty complicated and rather too dangerous. At least along the way he does get to meet Alexis.",/7LlfecEKKgCzjBMgP6UdEg8O28E.jpg
15920,Autumn Spring,"A bittersweet comedy starring the great Vlastimil Brodský as Fanda, an old man who refuses to grow up. Despite pleas from his exasperated wife who wants him to make serious decisions about the future, Fanda ignores the nagging and spends his days seeking amusement and adventure.",/A1RHlp8q0QxI4SREgSvUEe3asDk.jpg
10784,Cabaret,"Inside the Kit Kat Club of 1931 Berlin, starry-eyed singer Sally Bowles and an impish emcee sound the clarion call to decadent fun, while outside a certain political party grows into a brutal force.",/qVMZrwZNJCiGpbpjsxdtzmVPH1M.jpg
26580,4 Little Girls,"On September 15, 1963, a bomb destroyed a black church in Birmingham, Alabama, killing four young girls who were there for Sunday school. It was a crime that shocked the nation--and a defining moment in the history of the civil-rights movement. Spike Lee re-examines the full story of the bombing, including a revealing interview with former Alabama Governor George Wallace.",/suGl4GamX8zOXio1PtGhkUutz65.jpg
39303,2:13,"A police profiler has just returned from psychiatric leave only to find that he is caught up in a serial killer's rampage. Fighting to keep buried the trauma of his childhood, he must confront the all too-familiar flesh masks that the killer leaves on the faces of his victims. He must face his own demons along with the killer to save his small eroding existence.",/UMWgQlB0IGMI15d4EBd70hCCt2.jpg
962,The Gold Rush,A lone prospector ventures into Alaska looking for gold. He gets mixed up with some burly characters and falls in love with the beautiful Georgia. He tries to win her heart with his singular charm.,/eQRFo1qwRREYwj47Yoe1PisgOle.jpg
24587,American Pimp,"Street pimps, all of them African-American, discuss their lives and work: getting started, being flamboyant, pimping in various U.S. cities, bringing a woman into their group, taking a woman from another pimp, and the rules and regulations of pimping. The men are clear: it's about money.",/n37DBqd1RAeXTH6H5YKp632LCpW.jpg
21921,Richard Pryor: Here and Now,"Part live stand-up performance, part documentary, this film is one of comedian Richard Pryor's later stand-up performances. As foul-mouthed as ever, Pryor touches on most of the same topics as in his previous live shows.",/7tBphDdBr6Ws5pmCmPllW3m03Z1.jpg
38065,Salvage,"Claire Parker is going to die. At the hands of a sadistic and depraved killer, she will endure a terrifying, unimaginable brutal death--and it will all happen again. After being beaten, dragged, sliced, and stabbed, Claire awakens at work--where it all began--untouched and unharmed. But the hellish ordeal is far from over. The madman is back and he's ready for more blood...",/wZpozEHCaoFdDLJQRgmvVwax0EF.jpg
4556,Nightwatching,"An extravagant, exotic and moving look at Rembrandt's romantic and professional life, and the controversy he created by the identification of a murderer in the painting The Night Watch.",/o06WUJYVERoMw5GK5xDvaRM5Gt2.jpg
252407,Me and Him,"A man's enthusiastic penis starts talking to him, getting him into awkward situations and convincing everyone he tells that he's completely insane.",/4JAz0lgfvDCzcgRB7eitix1jHyB.jpg
9285,Road Trip,Four friends take off on an 1800 mile road trip to retrieve an illicit tape mistakenly mailed to a girl friend.,/DCoZVnHVvtKTYwfM00dfVRbfUQ.jpg
124829,The Line King: The Al Hirschfeld Story,"The childhood, adolescence, and incredible adult years of Al Hirschfeld, celebrated creator of thousands of line drawings of famous people - many in the entertainment industry - over a span of more than sixty years. He is still drawing in his nineties. His interesting domestic life, political, and cultural views are highlights. In addition, he talks about himself a bit - seriously and lightly.(At one point he he claims that his only form of exercise has been to live in his Manhattan townhouse: stairs). He drives his car around Manhattan - an adventure in itself. Brief interviews with, and reminiscences of many friends and associates.",/bSE1L679wWkbhCgW06IfKpuKxej.jpg
2668,Sleepy Hollow,New York detective Ichabod Crane is sent to Sleepy Hollow to investigate a series of mysterious deaths in which the victims are found beheaded. But the locals believe the culprit to be none other than the ghost of the legendary Headless Horseman.,/mTN4m41lHKaIf0dVcWzVdCJOYik.jpg
122924,One in the Chamber,A seasoned assassin plays both sides in a Russian gang war and becomes the target of an unknown enemy.,/mLgTkgKB6B73gKod9IKHRXnyBo1.jpg
40685,In Old California,"Boston pharmacist Tom Craig comes to Sacramento, where he runs afoul of local political boss Britt Dawson, who exacts protection payment from the citizenry. Dawson frames Craig with poisoned medicine, but Craig redeems himself during a Gold Rush epidemic.",/gZ5lF0uBsbIlo3vKwbaAfB0zs95.jpg
13704,License to Drive,"Teenager Les Anderson thinks his life can't get any worse after he flunks his driver's exam, but he's wrong. Even though he didn't receive his license, Les refuses to break his date with the cool Mercedes Lane, and he decides to lift his family's prize luxury car for the occasion. Unfortunately, Mercedes sneaks some booze along and passes out drunk, and a confused Les makes the bad decision of enlisting his rebellious friend, Dean, to help.",/fIEH2uWrR2KkFuYKnL56f0PQFrP.jpg
13572,Twisted,"Recently promoted and transferred to the homicide division, Inspector Jessica Shepard feels pressure to prove herself -- and what better way than by solving San Francisco's latest murder? However, as Shepard and her partner, Mike Delmarco, soon discover, the victim shared a romantic connection to her. As more of Shepard's ex-lovers turn up dead, her mind starts to become unstable, and she begins to wonder if she could be the very killer she's trying to track down.",/yw9yXOPNbCfGf7V4tg3AASjAPPN.jpg
16295,Higher Learning,"Malik (Omar Epps) is an African-American student attending on a track scholarship; academics are not his strong suit, and he goes in thinking that his athletic abilities will earn him a free ride through college. Fudge (Ice Cube), a ""professional student"" who has been at Columbus for six years so far, becomes friendly with Malik and challenges his views about race and politics in America.",/cLeOjovcDq9kULToHuoXa1xmvET.jpg
24731,Short Time,"Nearing retirement, Dabney Coleman finds that he has a disease that will kill him within days. He then finds that his life insurance only pays off if he is killed in the line of duty. In order to leave something to his wife and children, Coleman becomes supercop, ignoring danger and trying his best to get killed.",/vnIvxattreWKxl9FylzwI6AoAuL.jpg
14653,Happily Ever After,Is love compatible with coupledom? And what of freedom and fidelity? These are some of the questions facing two married men.,/rkJ9eXf72yM0mjRGb1PFpAg9X6z.jpg
36049,Rich and Strange,"A couple, Fred (Henry Kendall) and Emily Hill (Joan Barry) , living a mundane middle-class life in London, are given a small fortune by an uncle as an advance against their future inheritance so that they can enjoy it in the present. Immediately Fred takes leave from his job as a clerk and they leave on a cruise for ""the Orient"". Fred quickly shows his susceptibility to sea-sickness while crossing",/eDMrDdi85s2kHU1tBR5jS5lStkb.jpg
41823,Mo' Better Blues,"Opens with Bleek as a child learning to play the trumpet, his friends want him to come out and play but mother insists he finish his lessons. Bleek grows into adulthood and forms his own band - The Bleek Gilliam Quartet. The story of Bleek's and Shadow's friendly rivalry on stage which spills into their professional relationship and threatens to tear apart the quartet.",/eF6mhJfx3CAHXcbbLKt8Knj0YSL.jpg
26983,Odds Against Tomorrow,An old-time crook plans a heist. When one of his two partners is found out to be a black man tensions flare.,/fCzmRbVMJxk3Dd0cBzAy9Zn6Zab.jpg
32042,Night Moves,"When Los Angeles private detective, Harry Moseby is hired by a client to find her runaway teenage daughter, he stumbles upon a case of murder and artifact smuggling.",/jGYyRh1ECOx0uWEC6ocGS6z2V3E.jpg
40041,Dead Kids,A scientist is experimenting with teenagers and turning them into murderers.,/eXK6eayVcOG4l0bVelXOJdG0vYO.jpg
34045,One Day in September,"The full story of the 1972 Munich Olympics Massacre and the Israeli revenge operation 'Wrath of God.' The 1972 Munich Olympics were interrupted by Palestinian terrorists taking Israeli athletes hostage. Besides footage taken at the time, we see interviews with the surviving terrorist, Jamal Al Gashey, and various officials detailing exactly how the police, lacking an anti-terrorist squad and turning down help from the Israelis, botched the operation",/uqrgK5jW0SnzlgtdeqoP2hTzrZr.jpg
41925,The Comfort of Strangers,An Italian diplomat's son follows and seduces English lovers in Venice.,/piFuOBMclOva26to2VRH9vPBIlf.jpg
68629,Happy Here and Now,"When an unhappy young woman disappears, her worried sister desperately searches the internet for a clue to her missing sibling's whereabouts.",/bMIFDandBt4ggilCJSpuL1MR4iY.jpg
208579,The Rites of May,"A young cameraman, Jun Torres, encounters a strange woman, Teresa, in his hometown at the time of Lent.",/z2po6ycFCIGmfIp3mmp5RSnUs27.jpg
37719,A Night at the Opera,The Marx Brothers take on high society and the opera world to bring two lovers together.,/kkAhHpa6eXyqK3i9EgH5dYtdeEp.jpg
2767,Les Amants du Pont-Neuf,"Set against Paris' oldest bridge, the Pont Neuf, while it was closed for repairs, this film is a love story between two young vagrants: Alex, a would be circus performer addicted to alcohol and sedatives and Michele, a painter driven to a life on the streets because of a failed relationship and an affliction which is slowly turning her blind.",/xz00yDmTtGr3Uy3PEiopenQH2Zh.jpg
10312,Patch Adams,"Meet Patch Adams, a doctor who doesn't look, act or think like any doctor you've met before. For Patch, humor is the best medicine, and he's willing to do just anything to make his patients laugh - even if it means risking his own career.",/2T0Mj8gkTXgciedz8W5nsnjCHig.jpg
12684,Sabotage,"A Scotland Yard undercover detective is on the trail of a saboteur who is part of a plot to set off a bomb in London. But when the detective's cover is blown, the plot begins to unravel.",/9DM9MPN6jtvIhqvadCFTPBQZwiW.jpg
115425,The Buccaneer,French pirate Jean Lafitte rescues a girl and joins the War of 1812.,/5DO2nZNxvSYPt88nZiXOkiCz7R3.jpg
18888,Meat Love,"Two meaty characters meet, fall in love, and exprience a heartbreaking ending to their love story.",/ww8S5wCdjcxotux6Xvz4pxynrPA.jpg
100776,Company: Original Cast Album,"Stephen Sondheim's musical ""Company"" opened on Broadway in the Spring of 1970, and tradition dictates that the cast recording is done on the first Sunday after opening night. D.A. Pennebaker, the now-legendary documentarian, filmed the production of the original cast recording, the back and forth between Sondheim and the performers, and the dynamic of trying to record live performance. The film climaxes with Elaine Stritch's performance of ""The Ladies Who Lunch"". The show won 6 Tony Awards including ""Best Musical"" and ran for two years on Broadway.",/5bpEpk2zqPF9dkENZtlQcPMVWb9.jpg
101772,The Last Chance,"Escaping a Nazi prison train in war-torn Italy, an American and a British soldier set out for the Swiss border and find themselves leading a multi-national party of refugees for the Italian underground.",/u2XuEFIrBs9eckoprtgCnfe5oWn.jpg
31944,"Reuben, Reuben","Based on a novel by Peter De Vries. Story of an alcoholic, lecherous Scottish poet on a tour of New England Universities, where he goes from one bed and bottle to another.",/1Yc9qxNWHS5wVRpewOn3cxAnjaQ.jpg
43271,Unconscious,"A Freudian comedy set in Barcelona, 1913, that playfully questions sexual taboos through a Sherlock Holmes-style investigation.",/qGZbzrEWRgAdw8r5YiRiULPk63O.jpg
30194,The Manhattan Project,"Named after the World War II-era program, the plot revolves around a gifted high school student who decides to construct a nuclear bomb for a national science fair. The film's underlying theme involves the Cold War of the 1980s when government secrecy and mutually assured destruction were key political and military issues.",/AwtI7WEFGpj2AH4KIMrLT9yOVoZ.jpg
67381,La Danse: The Paris Opera Ballet,A film by Frederick Wiseman following the ins and outs of 7 ballets by the Paris Opera Ballet.,/agkSUMOVJkPNUMGfnwYb0zeKBOp.jpg
52587,We Are the Night,"One night, 18 year old Lena is bitten by Louise, leader of a female vampire trio that are as deadly as they are beautiful. Her newfound vampiric lifestyle is a blessing and a curse at the same time. At first, she enjoys the limitless freedom, the luxury, the parties. But soon the murderous blood lust of her comrades in arms proves too much for her, and she falls dangerously in love with Tom, a young undercover cop. When she resolves to turn her back on the bloodsucking band of sisters, Louise fury knows no bounds. Lena will have to choose between immortal love and immortal life.",/3rdg390l2AaoS0Y7jJ7G3MCLvjN.jpg
89785,Yesterday Girl,"Yesterday Girl is an acerbic, deliriously fractured, incisive, and darkly comic satire on a young German woman (and archetypal embodiment of the postwar generation), Anita G.'s (Alexandra Kluge) search for happiness, liberation, and independence in the illusive wake of a transformative national recovery",/g97cCuZ0VySdHPPVrdIA0gh1Py6.jpg
63946,Viva Riva!,"Riva is an operator, a man with charm and ambition in equal measure. Kinshasa is an inviting place. With petrol in short supply in DRC's capital, he and his sidekick pursue a plot to get hold of a secret cache - barrels of fuel they can sell for a huge profit. Of course they're not the only ones who want the stuff.",/lZiYkeYWXF4seCPmrL9AGou9F7Q.jpg
47813,Waking Sleeping Beauty,"By the mid-1980s, the fabled animation studios of Walt Disney had fallen on hard times. The artists were polarized between newcomers hungry to innovate and old timers not yet ready to relinquish control. These conditions produced a series of box-office flops and pessimistic forecasts: maybe the best days of animation were over. Maybe the public didn't care. Only a miracle or a magic spell could produce a happy ending. Waking Sleeping Beauty is no fairy tale. It's the true story of how Disney regained its magic with a staggering output of hits - ""Little Mermaid,"" ""Beauty and the Beast ,"" ""Aladdin,"" ""The Lion King,"" and more - over a 10-year period.",/4sUM0oSUKDVIkQAgV85g0Ap6zdj.jpg
9424,Disturbing Behavior,"Steve Clark (James Marsden) is a newcomer in the town of Cradle Bay, and he quickly realizes that there's something odd about his high school classmates. The clique known as the ""Blue Ribbons"" are the eerie embodiment of academic excellence and clean living. But, like the rest of the town, they're a little too perfect. When Steve's rebellious friend Gavin (Nick Stahl) mysteriously joins their ranks, Steve searches for the truth with fellow misfit Rachel (Katie Holmes).",/8eRU4c5vsCrUT5AyZi9qeRskMWk.jpg
147622,Ingeborg Holm,"Ingeborg Holm's husband opens up a grocery store and life is on the sunny side for them and their three children. But her husband becomes sick and dies. Ingeborg tries to keep the store, but because of the lazy, wasteful staff she eventually has to close it. With no money left, she has to move to the poor-house and she is separated from her children. Her children are taken care of by foster-parents, but Ingeborg simply has to get out of the poor-house to see them again..",/6X9l47c4Uw3iDgMGHJXCiGUmzPD.jpg
36843,Life Is Sweet,"Just north of London live Wendy, Andy, and their twenty-something twins, Natalie and Nicola. Wendy clerks in a shop, leads aerobics at a primary school, jokes like a vaudevillian, agrees to waitress at a friend's new restaurant and dotes on Andy, a cook who forever puts off home remodeling projects, and with a drunken friend, buys a broken down lunch wagon. Natalie, with short neat hair and a snappy, droll manner, is a plumber; she has a holiday planned in America, but little else. Last is Nicola, odd man out: a snarl, big glasses, cigarette, mussed hair, jittery fingers, bulimic, jobless, and unhappy. How they interact and play out family conflict and love is the film's subject.",/p6zgpGIz5PhslLm09FzzDKFshOg.jpg
449677,The Year of Living Vicariously,"This split-screen documentary by a Malaysian director chronicles the shooting of the Indonesian film Gie (2005) in the middle of 2004, which is also when the country is undergoing its first direct presidential elections. Opinions from the cast, crew and extras of the film are sought on politics, filmmaking and the national myths of the past and present.",
101006,Liverpool,A sailor takes a short leave to visit his hometown and see if his mother is still alive.,/r5vQhOvIpjBHJxciXvR9B9dPC7d.jpg
18033,Nora Roberts' Montana Sky,The wealthy stock dealer bequeaths his Montana farm to the three daughters provided they would live there together at least for a year.,/eVIU7J3xBmE5K9xOWpiabbTaYj3.jpg
35052,Cracks,Jealousy flares after the headmistress of an elite boarding school for girls becomes obsessed with a new student.,/2zpNd8qPT9HyQMUT1uVwyXhmMjM.jpg
30335,Nora Roberts' Angels Fall,"A woman starts a new life in a small Wyoming mountain town after suffering a traumatic event on the other side of the country - but one day, she witnesses a murder in the woods......",/fKQdPOzciHX2C0QaC0XBq8zKZ4N.jpg
45202,The Housemaid,"A man's affair with his family's housemaid leads to a dark consequences. Eun-yi is hired as an au pair for Hae-ra (pregnant with twins) and her rich husband Hoon. Eun-yi's primary task is watching the couple's young daughter, Nami. Eun-yi is eager to connect to Nami, who gradually warms to her. Hoon begins to secretly flirt with Eun-yi, enticing her with glasses of wine and his piano playing, and they eventually begin a sexual relationship. Despite the affair, Eun-yi is still warm and friendly to Hoon's oblivious wife, Hae-ra. She even expresses enthusiasm and delight at the progress of Hae-ra's pregnancy.",/fBpYdZmVFoaYSht0umAea5cXAWU.jpg
32087,Attack,"At the end of World War II, a National Guard infantry company must set up artillery observation posts in a strategic area. Lt. Costa (Jack Palance) knows that Capt. Cooney (Eddie Albert) is in command only because of the ""connections"" he made stateside. Costa has serious doubts concerning Cooney's ability to lead, and when Cooney sends Costa and his men out on a dangerous mission -- and refuses to reenforce them -- all hell breaks loose.",/cQuo7EfeNR5kGWEl7UokTcPt0pC.jpg
9050,A Chinese Ghost Story II,"Several years after his beloved Nieh has gone, Ning is innocently put into jail. Luckily, he meets a scholar, Elder Chu Kot, in the prison who finally helps him escape. Ning then meets a young witty monk Autumn. They become friends and live in an abandoned villa together. The villa is horrific, yet they choose to stay for a while. Later that night, some ghosts suddenly appear and attack; two parties fight heavily. But after clarifications, Ning and Autumn find that ""the ghosts"" are humans in disguise, who intend to save their leader from imprisonment but not hurting innocence. Among them, Ning finds someone who looks identical to Nieh, and considers she is the reincarnated Nieh. A real giant zombie has seen all these in behind and is ready to ambush...",/u3vlM1NbA2UGE1qkBhvGWTlSN87.jpg
83738,"After Fall, Winter","WINTER is a dangerous, sexy, poignant and at times darkly funny story about two people who desperately want intimacy but have fashioned lives of reclusivity and emotional fracture which ultimately spells the doom of their great love. WINTER begins with Michael, in his mid forties, suicidal about his writing career, which once flourished and now is on a downturn. He leaves his home in New York and goes to Paris in hopes of igniting his passion for writing and life. He also has a penchant for S and M. Soon after is arrival he meets Sophie, a sexy, smart, soulful, nurse who helps dying people transition to the after world. She and Michael instantly have chemistry albeit combative. Sophie has a secret. Her other job is being a dominatrix. Throughout the film, Sophie is nursing a little girl, Anais, who is dying of leukemia. Written by Anonymous  (IMDB.com).",/2XmdFpE1P5mNlnFoRtnALcrMM9t.jpg
126083,If You Could Only Cook,An auto engineer (Herbert Marshall) and a professor's daughter (Jean Arthur) pose as married servants in a mobster's (Leo Carrillo) mansion.,/nK47ri03W6Dx3eHXsYsbtgcMYmd.jpg
5168,To Be and to Have,"The documentary's title translates as ""to be and to have"", the two auxiliary verbs in the French language. It is about a primary school in the commune of Saint-Étienne-sur-Usson, Puy-de-Dôme, France, the population of which is just over 200. The school has one small class of mixed ages (from four to twelve years), with a dedicated teacher, Georges Lopez, who shows patience and respect for the children as we follow their story through a single school year.",/yZKmzBTRBrSFQAWcVXkQGTFmO1Y.jpg
5920,Le Mans,"Steve McQueen is ideally cast as a champion race car driver, participating in the famed 24-hour race headquartered in Le Mans, France. Though dedicated to Going for the Gold, McQueen finds time to romance widowed Elga Andersen. The dramatic angle to this plot wrinkle is that McQueen may well have been responsible for the death of Andersen's husband during a previous car pile-up. Director John Sturges, who'd previously helmed Steve McQueen's legendary motorcycle chase scenes in The Great Escape, was originally slated to direct Le Mans, but withdrew from the project; it was then taken over by Lee H. Katzin.",/3sTS7pdIy5hjmR9dtL54IoiqgmB.jpg
345,Eyes Wide Shut,"After Dr. Bill Hartford's wife, Alice, admits to having sexual fantasies about a man she met, Bill becomes obsessed with having a sexual encounter. He discovers an underground sexual group and attends one of their meetings -- and quickly discovers that he is in over his head.",/zTuqPq1PBsIoG2DV9NgKPgdaoSX.jpg
70435,Haywire,"Mallory Kane is a highly trained operative who works for a government security contractor in the dirtiest, most dangerous corners of the world. After successfully freeing a Chinese journalist held hostage, she is double crossed and left for dead by someone close to her in her own agency. Suddenly the target of skilled assassins who know her every move, Mallory must find the truth in order to stay alive.",/o12IDVPUYOhbe3MnQGmbaUreRn9.jpg
17074,The Batman Superman Movie: World's Finest,Joker goes to Metropolis with an offer and plan to kill Superman for Lex Luthor while Batman pursues the clown to Superman's turf,/rrF3S9lmTQKu1368awR6hE16wy9.jpg
23568,American Virgin,"A Freshman College Girl on a scholarship from an abstinence group that advocates saving sex until marriage discovers that her antics on a night of debauchery, when she reluctantly got drunk for the first time in her life, were captured on camera by a sleazy video producer. Now she and her friends must travel across country to recover the incriminating footage.",/jhrYleU8uA6Act1wTN0OctKSmAD.jpg
22559,Aliens of the Deep,"James Cameron teams up with NASA scientists to explore the Mid-Ocean Ridge, a submerged chain of mountains that band the Earth and are home to some of the planet's most unique life forms.",/pB1HMawACKSpuxcYiufw2pzX63c.jpg
11607,DeepStar Six,The crew of an experimental underwater nuclear base are forced to struggle for their lives when their explorations disturb a creature who threatens to destroy their base.,/viZMUggxaCzmZaqi8sfiGGafr78.jpg
83505,El Bonaerense,"Zapa is a locksmith in a quiet and little town lost somewhere in the province of Buenos Aires. The work is quite slow, and hours seem to pass slowly. Polaco, the owner of the shop, sends him on a job that consists of opening a safe at an office. The next day, Zapa is imprisoned for being responsible of robbing the place. Ismael, his uncle, a retired policeman, bails him out and sends him to Buenos Aires. Zapa becomes an aspiring officer in the Buenos Aires Police. He gets to his new home city, takes the instructional course, works at a precinct, has a love affair with a teacher and starts to see his life turn into a strange fiction.",/rUComXmtNtuf52tKHIKIRXWOqci.jpg
19086,Delta Force 2: The Colombian Connection,"When DEA agents are taken captive by a ruthless South American kingpin, the Delta Force is reunited to rescue them in this sequel to the 1986 film.",/kPSwUb0s0XEDvvCNHEJOk74EfBI.jpg
32568,The Man in the White Suit,"The unassuming, nebbishy inventor Sidney Stratton creates a miraculous fabric that will never be dirty or worn out. Clearly he can make a fortune selling clothes made of the material, but may cause a crisis in the process. After all, once someone buys one of his suits they won't ever have to fix them or buy another one, and the clothing industry will collapse overnight. Nevertheless, Sidney is determined to put his invention on the market, forcing the clothing factory bigwigs to resort to more desperate measures...",/9IGcf0e5IGINakPqwQLbIW13WBk.jpg
15639,Larry the Cable Guy: Health Inspector,A slovenly cable repairman becomes a big-city health inspector and is tasked with uncovering the source of a food poisoning epidemic.,/5r3JUEIvs6AmZIPIRdt9tdvAdbB.jpg
15658,Flowers in the Attic,"After the death of her husband, a mother takes her kids off to live with their grandparents in a huge, decrepit old mansion. However, the kids are kept hidden in a room just below the attic, visited only by their mother who becomes less and less concerned about them and their failing health, and more concerned about herself and the inheritence she plans to win back from her dying father.",/iWjTabMSFvoeqWVctwi34q3wGrr.jpg
36094,Stanley & Iris,"An illiterate cook at a company cafeteria tries for the attention of a newly widowed woman. As they get to know one another, she discovers his inability to read. When he is fired, she takes on trying to teach him to read in her kitchen each night.",/AugbguhFPQ2aHDKMyBecaJiQLWy.jpg
10577,Dracula 2000,"In the millenium version of this classic Gothic horror we find Abraham Van Helsing (Plummer), who has tangled with Count Dracula (Butler) in the past, working as an English antiques dealer. Simon (Miller) is a vampire hunter in training under his apprenticeship.",/6YF56U91zP1mQvle83KA1A7CPop.jpg
1967,Ask the Dust,"Mexican beauty Camilla hopes to rise above her station by marrying a wealthy American. That is complicated by meeting Arturo Bandini, a first-generation Italian hoping to land a writing career and a blue-eyed blonde on his arm.",/8BSVXtlIXveRrOT1lADaycs3KJW.jpg
24922,Ebola Syndrome,A restaurant employee wanted for murder contracts Ebola by raping a woman in South Africa and starts an outbreak there and in Hong Kong when he returns home.,/kL1CZNn12CXnKXe5bTwbBUmqA8E.jpg
14299,Cadillac Records,"The story of sex, violence, race and rock and roll in 1950s Chicago, and the exciting but turbulent lives of some of America's musical legends, including Muddy Waters, Leonard Chess, Little Walter, Howlin' Wolf, Etta James and Chuck Berry.",/jGZgtJXnJG9NOBiS0ratWhVP4Q7.jpg
29056,The Raven,A magician who has been turned into a raven turns to a former sorcerer for help in this film loosely based on the Edgar Allen Poe poem.,/yx3A4mkcf0RnfqmVJoZpQXhgpoE.jpg
9063,The Element of Crime,A cop in a dystopian Europe investigates a serial killings suspect using controversial methods written by his now disgraced former mentor. The film is the first in the director's Europa trilogy. The other two films in the trilogy are Epidemic (1987) and Europa (1991).,/sKZtsq2KCgqO2DvPCYbsi4JmYi9.jpg
54300,Live Forever,"In the mid-1990's, spurred on by both the sudden world-domination of bands such as Oasis and Prime Minister Tony Blair's ""Cool Brittania"" campaign, British culture experienced a brief and powerful boost that made it appear as if Anglophilia was everywhere--at least if you believed the press. Pop music was the beating heart of this idea, and suddenly, ""Britpop"" was a movement. Oasis, their would-be rivals Blur, Pulp, The Verve, and many more bands rode this wave to international chart success. But was Britpop a real phenomena, or just a marketing ploy? This smart and often hilarious documentary probes the question with copious interviews from Noel and Liam Gallagher of Oasis, Pulp's Jarvis Cocker, Damon Albarn of Blur, Sleeper's Louise Wener, and many other artists and critics who suddenly found themselves at the cultural forefront.",/3HevFdfrzpOIr5VOPNMyZ7HTJtD.jpg
62676,Limbo,"Unconventional narrative about the interactions amongst a group of people in a small town in Alaska, each of whom has guards a secret.",/dQOjALrOYmnM81yCiQDvRKX1KBf.jpg
35412,On the Beach,"In 1964, atomic war wipes out humanity in the northern hemisphere; one American submarine finds temporary safe haven in Australia, where life-as-usual covers growing despair. In denial about the loss of his wife and children in the holocaust, American Captain Towers meets careworn but gorgeous Moira Davidson, who begins to fall for him. The sub returns after reconnaissance a month (or less) before the end; will Towers and Moira find comfort with each other?",/o2DzOxwUTwA3k1d8ruC8rrn2tjy.jpg
115565,Equinox,"Henry Petosa and Freddy Ace are twins who were separated being babies, and they do not know each other. Henry was adopted by a honest man, while Freddy becomes a gangster. Henry is very shy and has a lot of mental troubles. The film melts the two stories by a young writer who discovers that they were sons of an european noble and they own a large inheritance.",/tqO00qQBtG3pNuxTTWUTEqPp1jA.jpg
39104,Dragon Ball Z: Super Android 13,"Dr. Gero's Androids #13, #14, and #15 are awakened by the laboratory computers and immediately head to the mall where Goku is shopping. After Goku, Trunks, and Vegita defeat #14 and #15, #13 absorbs their inner computers and becomes a super being greater than the original three separately were. Now it is up to Goku to stop him.",/1PxWfBhrbf2xBPBDZU6h8V97lyg.jpg
85783,The Star,"A washed-up movie queen finds romance, but continues to desire a comeback.",/wmSZyyyOzS7UfiR43GSFa8DOVzQ.jpg
13823,The Power of One,"PK, an English orphan terrorized for his family's political beliefs in Africa, turns to his only friend, a kindly world-wise prisoner, Geel Piet. Geel teaches him how to box with the motto “fight with your fists and lead with your heart”. As he grows to manhood, PK uses these words to take on the system and the injustices he sees around him - and finds that one person really can make a difference.",/so9bcuzOJKMYQJETyOCLF5xH1LN.jpg
84922,Mahler,"The film begins on a train journey with Gustav Mahler (Robert Powell) and his wife Alma (Georgina Hale) confronting their failing marriage. The story is then recounted in a series of flashbacks (some of which are surrealistic and nightmarish), taking one through Mahler's childhood, his brother's suicide, his experience with anti-semitism, his conversion from Judaism to Catholicism, his marital problems, and the death of his young daughter. The film also contains a surreal fantasy sequence involving the anti-Semitic Cosima Wagner (Antonia Ellis), widow of Richard Wagner, whose objections to his taking control of the Court Opera were supposedly removed by his conversion to Catholicism. In the process, the film explores Mahler's music and its relationship to his life.",/mtPdGxtJvWNiP2GL64nlzWXZ3Ux.jpg
109048,Transistor Love Story,"Phaen is a suburban young man with a great love for music. He never misses a chance to show off his voice at temple fairs in his village. It is at one of the fairs that he meets and falls in love with Sadao. On their wedding day, Phaen gives Sadao a transistor radio that the new family loves, and it also gives Phaen many a daydream of becoming a famous singer himself. Soon, Sadao is pregnant and it is hard for Phaen to leave home, but he has to enter military service. While there, he enters a singing contest, and winds up first runner-up. So he decides to leave the service and heads for Bangkok to follow his dream. He spends two years in a band that never goes anywhere, and eventually is forced to work in a sugarcane plantation. But a fight causes him to lose his job. As things go from bad to worse, he recalls his transistor radio with fondness, for it evokes in his mind much better and more peaceful times, when dreams were still possible. Written by",/7CkpxAcRyVb6uRkiuUKplqJrol0.jpg
122804,Greystone Park,"In October 2009, the filmmakers went into an abandoned psychiatric hospital to explore the 'haunted' institution, famous for its radical treatment of patients with mental illness. Electroshock, insulin therapy, and lobotomies were commonplace. Once inside, the filmmakers quickly discovered that they were not alone.",/qBAwpCoHQC1Cd4IExDXx6BNugt7.jpg
337435,Cuckoo in a Dark Forest,"Set in World War 2 as the Germans occupy Czechoslovakia, teenage Emilka's father is murdered by the Nazis, but she is selected for special treatment by virtue of being blonde. She is billeted with the commandant of a concentration camp near the Baltic coast, where his kindness towards her provokes his wife's jealousy, but is compromised when Emilka witnesses his brutality towards the prisoners.",/tpf7Xv8t4UqXqegdN96H6YWBIs.jpg
42731,A Thousand Clowns,"Twelve-year-old Nick lives with his Uncle Murray, a Mr.Micawber-like Dickensian character who keeps hoping something won't turn up. What turns up is a social worker, who falls in love with Murray and a bit in love with Nick. As the child welfare people try to force Murray to become a conventional man (as the price they demand for allowing him to keep Nick), the nephew, who until now has gloried in his Uncle's iconoclastic approach to life, tries to play mediator. But when he succeeds, he is alarmed by the uncle's willingness to cave in to society in order to save the relationship.",/wrqcwGTKkKNXzR39WPa7LD3qm9Z.jpg
74012,Crash Dive,"A US Navy submarine, the USS Corsair, is operating in the North Atlantic, hunting German merchant raiders that are preying on Allied shipping. Its new executive officer, Lt. Ward Stewart (Power), has been transferred back into submarines after commanding his own PT boat. At the submarine base in New London, Connecticut, he asks his new captain, Lt. Cmdr. Dewey Connors (Andrews), for a weekend leave to settle his affairs before taking up his new assignment. On a train bound for Washington D.C., Stewart accidentally encounters New London school teacher Jean Hewlett (Baxter) and her students. Despite her initial resistance to his efforts, he charms her and they fall in love.",/8YbktrwwQMtHHgmOf1lQXg4M1Sp.jpg
13618,Who's Your Daddy?,"An adopted Ohio high school senior discovers he is the inherited heir to a porn empire. Dropped into a bitter power struggle, his new flock of beautiful co-workers come to his aid.",/6GRZWyw6Wv5mTiJfFFNFISNdVVv.jpg
20980,Liquid Sky,"Invisible aliens in a tiny flying saucer come to Earth looking for heroin. They land on top of a New York apartment inhabited by a drug dealer and her female, androgynous, bisexual nymphomaniac lover, a fashion model. The aliens soon find the human pheromones created in the brain during orgasm preferable to heroin, and the model's casual sex partners begin to disappear.",/kIwtXcEGrRsJdRhld7OWCpx5DBO.jpg
10183,Frozen River,"Ray Eddy, an upstate New York trailer mom, is lured into the world of illegal immigrant smuggling. Broke after her husband takes off with the down payment for their new doublewide, Ray reluctantly teams up with Lila, a smuggler, and the two begin making runs across the frozen St. Lawrence River carrying illegal Chinese and Pakistani immigrants in the trunk of Ray's Dodge Spirit.",/AcjPx180lhs8XXgdPsZv0oatTky.jpg
56235,Return with Honor,The story of U.S. fighter pilots shot down over North Vietnam who became POWs for up to 8 and a half years.,/8tDiA2fbYvOIGPmgWynTYn6WEEe.jpg
43277,The Great Ziegfeld,"Lavish biography of Flo Ziegfeld, the producer who became Broadway's biggest starmaker.",/wyB7xg4kANE0S70S6ibX5WmQncm.jpg
26558,Combat Shock,"A dangerously disturbed Vietnam veteran struggles with life 15 years after his return home, and slowly falls into insanity from his gritty urban lifestyle.",/v7nNP0aFabefjwqEn3lWS92bzBy.jpg
54662,The Future,"When a couple decides to adopt a stray cat their perspective on life changes radically, literally altering the course of time and space and testing their faith in each other and themselves.",/lkmEyiGKQLfaym7lfKPdKjk3kwe.jpg
18242,The Secret Adventures of Tom Thumb,A boy born the size of a small doll is kidnapped by a genetic lab and must find a way back to his father in this inventive adventure filmed using stop motion animation techniques.,/1X9xCx8onIKeW9yMO6zDFf3KHZg.jpg
45988,1066: The Battle for Middle Earth,"October 14th, 1066 is the most famous date in English history. It is the year of TWO invasions of England, and in which three huge and bloody pitched battles were fought",/iTbQkp23HBWVhKeOffC9Iptu6bJ.jpg
41212,Titicut Follies,"The film is a stark and graphic portrayal of the conditions that existed at the State Prison for the Criminally Insane at Bridgewater, Massachusetts. TITICUT FOLLIES documents the various ways the inmates are treated by the guards, social workers and psychiatrists.",/8K4A2hy3jpru3QiOkPrqU7oTO67.jpg
4942,Leatherheads,"A light hearted comedy about the beginnings of Professional American Football. When a decorated war hero and college all star is tempted into playing professional football. Everyone see the chance to make some big money, but when a reporter digs up some dirt on the war hero... everyone could lose out.",/dwXbC931oXylH9G42OoXalmPGwj.jpg
193,Star Trek: Generations,Captain Jean-Luc Picard and the crew of the Enterprise-D find themselves at odds with the renegade scientist Soran who is destroying entire star systems. Only one man can help Picard stop Soran's scheme...and he's been dead for seventy-eight years.,/wjrXjlNpDq9U8vYmAwf420yDFtn.jpg
23604,Two Days,"Paul Miller (Paul Rudd - Friends, The Cider House Rules) has struggled as an actor in Hollywood for years, and now he's had enough. But not just of show business-of life. In two days, he's going to kill himself. But in true Hollywood style, he's hired a film crew to chronicle his last moments and the events leading up to them; it's the role of a lifetime.  Often ironic and darkly comical, this is the story of a man searching for meaning and hope. This is the story of two days in the life of Paul Miller. The only question is, will they be his last?",/5YDG2RuDWD4httkdJ3jv9qPihnX.jpg
44629,Animal Kingdom,"Following the death of his mother, J finds himself living with his estranged family, under the watchful eye of his doting grandmother, Smurf, mother to the Cody boys. J quickly comes to believe that he is a player in this world. But, as he soon discovers, this world is far larger and more menacing than he could ever imagine. J finds himself at the center of a cold-blooded revenge plot that turns the family upside down.",/zhj8YPQKuRev5N3KoHacsPnF4mB.jpg
43110,The Mating Game,"Tax collector Lorenzo Charlton comes to the Larkins' farm to ask why Pop Larkins hasn't paid his back taxes. Charlton has to stay for a day to try to estimate the income from the farm, but it isn't easy to calculate when the farmer has such a lovely daughter, Mariette... Plot by Mattias Thuresson.",/yvu9WRT1qwNbgTSFRvUqI4beiyK.jpg
49958,Primal,"Anja and five friends join anthroplogy student, Dace, on a journey to study a remote, ancient rock painting. Their excitement vanishes when Mel becomes delirious after skinny-dipping in the waterhole. Feverish, bleeding, confused, she physically and mentally regresses to a vicious predatory state. Mel has gone primal. Mel’s lover and friends realise they are the prey as she savagely hunts them down. Before they can escape another one of them starts to regress, posing a hideous choice; kill their friends or be killed by them. Their only hope of survival is through a cave, where Anja learns too late the meaning of the ancient rock art they came to study.",/4ZLxPg0mRmmEzR3V4pbJwqEKqov.jpg
50155,Can't Help Singing,"With the California Gold Rush beginning, Senator Frost's singing daughter Caroline loves a young army officer; the Senator can't stand him, and has him sent to California. Headstrong Caroline follows him by train, riverboat, and covered wagon, gaining companions en route: a vagrant Russian prince and gambler Johnny Lawlor, who just might take her mind off the army.",/iLLtnrIhR3QDYbYc7sR2uJkm22e.jpg
601,E.T. the Extra-Terrestrial,"After a gentle alien becomes stranded on Earth, the being is discovered and befriended by a young boy named Elliott. Bringing the extraterrestrial into his suburban California house, Elliott introduces E.T., as the alien is dubbed, to his brother and his little sister, Gertie, and the children decide to keep its existence a secret. Soon, however, E.T. falls ill, resulting in government intervention and a dire situation for both Elliott and the alien.",/8htLKK03TJjKZOXJgihZCu8v0P.jpg
81219,Life as a Fatal Sexually Transmitted Disease,"The story of a doctor named Tomasz who questions his beliefs, faith and morality as his end is near, so he makes all efforts to find dignity in his imminent death.",/rx37Kk3CrsjEuJmmtPwqN8JSpSp.jpg
7461,Vantage Point,The attempted assassination of the American President is told and re-told from several different perspectives.,/2PnFsTzmFC3Ydhj0uBEYjPqHWHO.jpg
58925,Mr. Klein,"Paris, 1942. Robert Klein cannot find any fault with the state of affairs in German-occupied France. He has a well-furnished flat, a mistress, and business is booming. Jews facing discrimination because of laws edicted by the French government are desperate to sell valuable works of art - and it is easy for him to get them at bargain prices. His cosy life is disrupted when he realizes that there is another Robert Klein in Paris - a Jew with a rather mysterious behaviour. Very soon, this homonymy attracts the close - and menacing - attention of the police on the established art trader.",/jDzw7kuphPHb1Vf4Sr7nh5o4aoa.jpg
82675,Taken 2,"In Istanbul, retired CIA operative Bryan Mills and his wife are taken hostage by the father of a kidnapper Mills killed while rescuing his daughter.",/rDX2zd9aVMJnBmlS8efwOYsi76R.jpg
10324,If Lucy Fell,"Joe and Lucy are roommates and best friends. Lucy, whose love life is embarrassingly dull, convinces Joe, who is infatuated with a neighbor he's never met, that if they don't have stable romances within a month, they must jump off the Brooklyn Bridge.",/kFjffUg7zcST9AW4GoWiJFoNsH3.jpg
1716,The Last Metro,"In occupied Paris, an actress married to a Jewish theater owner must keep him hidden from the Nazis while doing both of their jobs.",/njA3RAhkYdqZQFgVoUMw76nkSbO.jpg
10012,Cursed,"A werewolf loose in Los Angeles changes the lives of three young adults, who, after being mauled by the beast, learn they must kill their attacker if they hope to change their fate to avoid becoming werewolves too.",/pxNMDLvgk0XhYZHBeJ3i0t6p3Tl.jpg
87790,Brotherhood of Death,"A group of Black soldiers are home from the war and head to a small Southern town. The town is dominated by a group of Klansmen who keep the Black majority from voting or being treated like human beings. However, these newcomers convince the local population to register to vote so they can take back power and achieve justice. When hundreds show up to register, the Klan responds with violence. Eventually, though, the Black community has little choice other than fight back and the film ends with a small war between these combat vets and the Klan.",/hzIkko247G8FXUVMLN8MZ5tBy8Z.jpg
8094,The Magdalene Sisters,"Four women are given into the custody of the Magdalene sisterhood asylum to correct their sinful behavior: Crispina and Rose have given birth to a premarital child, Margaret got raped by her cousin and the orphan Bernadette had been repeatedly caught flirting with the boys. All have to work in a laundry under the strict supervision of the nuns, who break their wills through sadistic punishment.",/bMoI2hSAbbHEKLv9ZaAkOOsPZdt.jpg
3536,U-571,"In the midst of World War II, the battle under the sea rages and the Nazis have the upper hand as the Allies are unable to crack their war codes. However, after a wrecked U-boat sends out an SOS signal, the Allies realise this is their chance to seize the 'enigma coding machine'.",/6zdPIbSF9vxCBZpntNvishPo5ol.jpg
33600,Der Fuehrer's Face,"A marching band of Germans, Italians, and Japanese march through the streets of swastika-motif Nutziland, serenading ""Der Fuehrer's Face."" Donald Duck, not living in the region by choice, struggles to make do with disgusting Nazi food rations and then with his day of toil at a Nazi artillery factory. After a nervous breakdown, Donald awakens to find that his experience was in fact a nightmare.",/1FtTkJX9piZKdntOk4wTw8VY4dR.jpg
14201,The U.S. vs. John Lennon,"A documentary on the life of John Lennon, with a focus on the time in his life when he transformed from a musician into an antiwar activist.",/9prgp8NUd3hWnNv9lpuJZ0DwS6r.jpg
33344,The House of Yes,"Jackie-O is anxiously awaiting the visit of her brother home for Thanksgiving, but isn't expecting him to bring a friend. She's even more shocked to learn that this friend is his fiance. It soon becomes clear that Jackie Kennedy's obsession is nothing compared to her obsession with her brother, as it also becomes clear she isn't the only member of the family with problems..",/uBu2KizwNg1NAduWOILTDL3UqoY.jpg
34388,Funeral in Berlin,"Colonel Stok, a Soviet intelligence officer responsible for security at the Berlin Wall, appears to want to defect but the evidence is contradictory. Stok wants the British to handle his defection and asks for one of their agents, Harry Palmer, to smuggle him out of East Germany.",/mtYQLTBTMnPQ7SI1bgZtFnWU4Qd.jpg
28790,Arcade,"Alex Manning and her friends decide to visit the local video arcade known as ""Dante's Inferno"" where a new virtual reality arcade game called ""Arcade"" is being test marketed by a computer company CEO. However, it soon becomes clear that the teenagers who lose are being imprisoned inside the virtual reality world by the central villain ""Arcade"" and takes over their minds.",/fSfdt8mXEgrLNUGxgPtkuQyJ0RM.jpg
10690,Space Truckers,John Canyon is one of the last independent space transport entrepreneurs. Rough times force him to carry suspicious cargo to Earth without questions being asked. During the flight the cargo turns out to be multitude of unstoppable and deadly killer robots.,/4EnBPDZR7C2aB1N9RL4IAY4oZrv.jpg
19153,The Real Cancun,"Sixteen American college students drink, flirt, fight and canoodle during their Spring Break vacation in Cancun, Mexico.",/gm03SVNR1oXGpfxyT2QksiWlZRP.jpg
81675,The Bear,"At the Bucharest Circus, the new young manager is trying to solve the major financial issues of the company by selling its only bear (old and about to die soon) to German hunters. But the artists do not want to sacrifice their favorite animal so the manager decides to steal the bear and run to the mountains to meet the Germans. A crazy road movie starts following the bear.",/gMqZSSiXhcSXYL0FMc3L3vImH0T.jpg
14061,The Edge of Love,"The Edge of love is a love story of two feisty women and a brilliant, charismatic poet who love both women. One woman Vera Phillips who is his first love and whom he lost for ten year, while other one is his present wife Caitlin who is adventurous and felt same adventurous nature in this charismatic poet, Dylan Thomas, also.",/st2NkP8YllYIB3UG4lnLE9zS789.jpg
1420,Breakfast on Pluto,"In the 1970s, a foundling lad, Patrick ""Kitten"" Braden, comes of age by leaving his Irish town for London, in part to look for his mother and in part because his trans-gender nature is beyond the town's understanding.",/14tmdb1PiLNDZf3VD29S2nUKVV0.jpg
145902,Trench Road,"Simply put, this is a movie about the identity crisis of a modern man.",/mfvjiPI8NM5LhNLgoGP2TIHZFzO.jpg
78604,Michael,"Although to the outside world he seems like the a perfectly normal insurance broker, Michael secretly keeps a 10-year-old boy, Wolfgang locked in a room in his soundproof basement.",/7rvdmwTt8OyL2y7IEqD88qnDZFb.jpg
14521,The Cup,"While the soccer World Cup is being played in France, two young Tibetan refugees arrive at a monastery/boarding school in exile in India. Its atmosphere of serene contemplation is disrupted by soccer fever, the chief instigator being a young student, the soccer enthusiast Orgyen who desperately seeks a TV to watch the final.",/rvwfUAArjPtDjnYfhBDyxAh5UN1.jpg
31404,Show People,"Peggy Pepper arrives in Hollywood, from Georgia, to become a great dramatic star. Things do not go entirely according to plan.",/zJej7MZvxgGh7oH1qbiCKp8UgEj.jpg
49452,The Smiling Madame Beudet,"One of the first feminist movies, this is the story of an intelligent woman trapped in a loveless marriage.",/4QeRs5jF0tHaWg4KPXd16d8jyhR.jpg
6317,Rosenstrasse,"When Ruth's husband dies in New York, in 2000, she imposes strict Jewish mourning, which puzzles her children. A stranger comes to the house - Ruth's cousin - with a picture of Ruth, age 8, in Berlin, with a woman the cousin says helped Ruth escape. Hannah, Ruth's daughter engaged to a gentile, goes to Berlin to find the woman, Lena Fisher, now 90. Posing as a journalist investigating intermarriage, Hannah interviews Lena who tells the story of a week in 1943 when the Jewish husbands of Aryan women were detained in a building on Rosenstrasse. The women gather daily for word of their husbands. The film goes back and forth to tell Ruth and Lena's story. How will it affect Hannah?",/qbvsfbESs8napwhPDrEec8y2I6E.jpg
273,The White Sound,"Lukas, a young schizophrenic man, has to deal with a new town, a new relationship, and the paranoia in his head.",/kPY3OULwq3RbubFCMJ3aPyj82uW.jpg
22013,Elmer Gantry,An ex-football player becomes a popular evangelist in the 1920s Midwest.,/mYd2J9fw0kC0uVwwknGJnzudFHa.jpg
8888,A Year Ago in Winter,A renowned artist must uncover a young dancer's secrets in order to truly capture her likeness for a commissioned work.,/2N2F72ngs8pktDROan1GM8eIFRV.jpg
8007,Behind Enemy Lines,"While flying a routine reconnaissance mission over Bosnia, fighter pilot Chris Burnett photographs something he wasn't supposed to see and gets shot down behind enemy lines, where he must outrun an army led by a ruthless Serbian general. With time running out and a deadly tracker on his trail, Burnett's commanding officer decides to risk his career and launch a renegade rescue mission to save his life.",/dl1OgKeKxKQsOAqGM7TZRNozbKf.jpg
22747,Bob the Butler,"Bob, an incompetent man, is searching for an available job by alphabetical order. He had just failed all of the A's, and discovers an ad in the Yellow Pages for a butler school. He is the only one in the butler school course to pass, because all of the other people quit due to the embarrassment and pressure of the teacher. Meanwhile, Tess (Genevieve Buechner) and Bates (Benjamin B. Smith) Jamieson",/bEDn6x2rf08lUE2m5ysOJd4ThuA.jpg
16914,The Cruel Sea,"At the start of World War II, Cmdr. Ericson is assigned to convoy escort HMS Compass Rose with inexperienced officers and men just out of training. The winter seas make life miserable enough, but the men must also harden themselves to rescuing survivors of U-Boat attacks, while seldom able to strike back. Traumatic events afloat and ashore create a warm bond between the skipper and his first officer",/p1S2yTGRIN43cnNXg3wldnooWbF.jpg
92117,Like Water,"Anderson Silva is the deadliest man on the planet - The longest-reigning UFC Champion, and the most feared fighter in mixed martial arts. Like Water offers a unique perspective of the living legend as he trains with fellow fighters Lyoto ""The Dragon"" Machida, Junior Dos Santos, and Antonio ""Minotauro"" Nogueira, in preparation for his career defining title defense against challenger, and arch villain Chael Sonnen. A man of few words, Anderson Silva walks the fine line between cockiness and confidence. A philosopher in spirit, and dedicated family man, Silva's personality contradicts that of Sonnen's, who uses trash talk and intimidation to get under his opponents' skin. Balancing family and fighting; respect for the sport, and rage for his opponent; Silva's mind and body will be put to the test, as first-time filmmaker Pablo Croce peels back the layers of an ultimate fighter to reveal the heart of a champion.",/Aqkfp70MjcuztqhX8g6mRnYD552.jpg
58904,Haunted Castle,"A young musician and singer named Johnny has been notified by a law firm that his mother, an aging rock star whom Johnny hasn't seen or heard from since he was 3 years old, has died in a helicopter accident. Johnny has been willed her castle and all of her property and money, but he must visit the actual castle to claim these things.",/3N1yfuKepLNv8OisPmXHnxrIluC.jpg
53231,Beyond the Rocks,A young woman marries an older millionaire and then falls in love with a handsome nobleman on her honeymoon.,/zEZC7IjPv70jiVbSzsJS00IQvfb.jpg
74122,The Bigamist,"Mr Graham, a travelling salesman, is married to two women, Eve and Phyllis. Eventually, the truth comes out.",/c3eHmbZqS1F7JszfHfLcBJa4Yef.jpg
1282,Dogtown and Z-Boys,Dogtown and Z-Boys follows the evolution of skateboarding from the 60's and into the late 70's as skateboarding's california beach boy image is transformed into a low-riding surf oriented style.,/yS11joPn962PSp8iBsmcaZLWN4M.jpg
43326,The Tender Trap,"Charlie Reader is a successful theater agent. He is also successful with young ladies. One day he is visited by his old friend Joe, married with three children. Joe falls in love with Charlie's girl Sylvia while Charlie spends his time with young actress Julie. Written by Mattias Thuresson",/rj8IzUCvj5L6LhNObSQmCXqropY.jpg
43750,Under the Yum-Yum Tree,A love-struck landlord tries to convince a pretty tanant to dump her fiancé and give him a chance.,/iCdqWx9yPoR2wvW1lwzZbi5XAXZ.jpg
29111,Requiem for a Vampire,A vampire lures beautiful young women to his castle in Europe.,/rQWWholA7yBV229DXmzhq20CAWA.jpg
23127,The Haunted World of El Superbeasto,"The Haunted World of El Superbeasto is an animated comedy that also combines elements of a horror and thriller film. It is based upon the comic book series created by Rob Zombie that follows the character of El Superbeasto and his sexy sidekick sister, Suzi-X, voiced by Sheri Moon, as they confront an evil villain by the name of Dr. Satan.",/ywO8qzHhltILnZbeIKw8XbD3u6X.jpg
2994,Danger: Diabolik,One of the great comic book movies of all time from director Mario Bava.,/9ddUlSUNzdmbVz44AiGq4gSbGxf.jpg
9771,Major League: Back to the Minors,At the behest of Roger Dorn -- the Minnesota Twins' silver-tongued new owner -- washed-up minor league hurler Gus Cantrell steps up to the plate to take over as skipper of the club's hapless farm team. But little does he know that Dorn has an ulterior motive to generate publicity with a grudge match between the big leaguers and their ragtag Triple A affiliate.,/8gkKkEFVqDpPRDqZR7p3k51jVtB.jpg
77948,The Cold Light of Day,"A young American uncovers a conspiracy during his attempt to save his family, that was kidnapped while on vacation in Spain.",/zXhphNKS56VQbVJXqk3OMrjtNNc.jpg
214349,The Liar,"Talkative, hyperactive young drifter Ville Alfa goes around Helsinki, basically trying to borrow money from friends and strangers by means of an incessant delivery of quirky and snappy quasi-intellectual lines and fabricated excuses.",/2trk2fape4S0CYnRg38kNVe8w8w.jpg
37721,Accidents Happen,"There are dysfunctional families... and then there are the Conways. After a family tragedy, 15-year-old Billy Conway has become the de facto glue between his bitter mom, distant brother, and stoic dad. But when Billy starts to act out, everything changes for him and his family",/3yfxb1hXTxs2x5S4pItXm2pNPBy.jpg
9901,Freedom Downtime,A feature length documentary about the Free Kevin movement and the hacker world.,/wgnfo0pNRLEjw4bCcLXV2lxdlRl.jpg
64559,The Swindle,"Betty and Victor are a pair of scam artists. One day Betty brings in Maurice, a treasurer of a multinational company. Maurice is due to transfer 5 millions francs out of Switzerland, and Betty is convinced he plans to steal that money.",/ikxQxOuXNW8WRvPVuusvPpmYGTO.jpg
292947,Won't Anybody Listen,"NC-17, whose members included Frank Rogala, Vince Rogala, and Robin Canada, spent two decades playing bars in Los Angeles and Orange County. From 1980 to 1990 they were billed as Exude.  They had a college playlist hit with ""Boys Just Want to Have Sex"" and got two videos on MTV. In 1990 they changed their name to NC-17 and revamped their style into a grungier more Floyd-influenced sound.  Filmmaker Dov Kelemer made a documentary of their career struggles. Once the movie was completed--it played on cable, at film festivals, and a few theaters.  It's available from the www.anybodylisten.com site.  NC-17 has since become inactive, as the members have scattered over several different states. Lead vocalist Frank Rogala remains active on the OC music scene.",/zegJt5EF98kx3KfQgP6Jyafjptc.jpg
15017,Blonde Ambition,A young professional woman (Simpson) unwittingly becomes the pawn of two business executives in their bid to oust the head of a mega-conglomerate.,/gGy0TvLSjqItOgLcqV1PC4ORk0U.jpg
25360,Jack the Giant Killer,"The terrible and trecherous Pendragon plans to gain the throne of Cornwall by getting the king to abdicate and to marry his lovely daughter. To help him he has his dreadful witches in his castle and his almost unstoppable sorcery. A giant under his control abducts the princess, but on the way home with her the giant meets farming lad Jack who slays him. This is only the beginning.",/wgcm5zHbhDYhvnnHyidM7zekCev.jpg
57389,Four Times,"In the backcountry of southern Italy’s mountainous region of Calabria, an old shepherd leads his flock to pasture along paths in the hills which have fallen into disuse. Every morning, the church housekeeper trades a handful of the church’s dust for some of the shepherd’s fresh milk. Every evening, the elderly shepherd dissolves the ""magic"" powder in water and drinks this mixture to remedy his aches and pains. One day, he doesn’t show up for their trade. The next day, he dies in his bed as his goats keep vigil over his passing. A kid takes its first steps, but he is slower than the rest of the flock and falls behind. He falls into a ditch in the middle of the forest. Unable to climb out, he bleats for help, but neither the new shepherd, nor his dog, hear him. When he finally emerges from the ditch, he finds that he is alone. He wanders aimlessly until, as night begins to fall, he stumbles onto a majestic fir tree in which he seeks shelter.",/ov7WhTuZRKek5CEMDc9r0ZeAv43.jpg
9392,The Descent,"After a tragic accident, six friends reunite for a caving expedition. Their adventure soon goes horribly wrong when a collapse traps them deep underground and they find themselves pursued by bloodthirsty creatures. As their friendships deteriorate, they find themselves in a desperate struggle to survive the creatures and each other.",/ldzNyitGjBLjjOzLTaQyYDMVDF1.jpg
876,Frank Herbert's Dune,"A three part mini-series based on Frank Herbert's classic Science Fiction novel entailing politics, betrayal, lust, greed and the coming of a Messiah.",/xhLPh6po1r1qDnemdCj8pGS2MvG.jpg
80427,Platform,"The movie is set in the remote chinese province of Fenyang, and spans the turbulent 1980s by following four performers in the state-run Peasant Culture Group. We see the group evolve from workers that are restricted to approved revolutionary classics that praise Chairman Mao, through performance of western classics, after china adopts an 'open door' policy, and the effects on their lives.",/lGUchU01q9iZQjeGRMoRUtunrkf.jpg
8769,Christine,"Geeky student Arnie Cunningham falls for Christine, a rusty 1958 Plymouth Fury, and becomes obsessed with restoring the classic automobile to her former glory. As the car changes, so does Arnie, whose newfound confidence turns to arrogance behind the wheel of his exotic beauty. Arnie's girlfriend Leigh and best friend Dennis reach out to him, only to be met by a Fury like no other.",/eIFakrk7xLwiNNoiottTBN5EIwy.jpg
623,A Fish Called Wanda,"A diamond advocate is attempting to steal a collection of diamonds, yet troubles arise when he realizes that he is not the only one after the diamonds.",/9gZZyQ8XStpUJBFU1ceU4xx1crv.jpg
11068,Singles,"Romantic comedy about six of Seattle's young people, most of whom live in the same apartment building and whose lives revolve around the city's ever-expanding music scene. The interrelated stories about each character's progress through the singles scene are intriguing and often very funny, and the soundtrack is a grunge fanatic's dream, with the likes of Soundgarden, Pearl Jam and Mudhoney.",/lnZ8W60Cjd3EWs7ty6rJk1K1Qiw.jpg
38006,The Abominable Snowman,A kindly English botanist and a gruff American promoter lead an expedition to the Himalayas in search of the legendary Yeti.,/fr3CCAjXst0IujSvWLnv9Uv0ocS.jpg
9470,Kung Fu Hustle,"Set in Canton, China in the 1940s, the story revolves in a town ruled by the Axe Gang, Sing who desperately wants to become a member. He stumbles into a slum ruled by eccentric landlords who turns out to be the greatest kung-fu masters in disguise. Sing's actions eventually cause the Axe Gang and the slumlords to engage in an explosive kung-fu battle. Only one side will win and only one hero will emerge as the greatest kung-fu master of all.",/dZsfDrNLGWgsIUQL1vGhl8tbnqY.jpg
44497,Hustler White,"Reminiscent of Sunset Boulevard, Hustler White transposes the action from the silver screen's old movie backlots to contemporary male prostitution and the porn industry. Said to be an homage to classic Hollywood cinema.",/sREgNitMxCnucK5yL8oV4eP4EnK.jpg
2015,Secret Sunshine,"Sin-ae moves with her son Jun to Miryang, the town where her dead husband was born. As she tries to come to herself and set out on new foundations, another tragic event overturns her life.",/oozg0YdOzAMM4B0QeskooiYjZi6.jpg
95402,Lonelyhearts,"Eager to land a journalistic position, Adam White goes to work as an advice-giving newspaper columnist. His editor, Shrike, takes pleasure in browbeating his alcoholic wife Florence for her past adultery, and assigning his employees journalistic jobs for which they have little aptitude or interest. Shrike goads Adam into meeting one of his correspondents, Fay Doyle, a teary, self-pitying woman who makes a play for him. Adam is torn between his loyalty to the newspaper and his girl Justy.",/zglv3zWPN8eUz2CdW7W98eZ0COb.jpg
9678,Little Nicky,"After the lord of darkness decides he will not cede his thrown to any of his three sons, the two most powerful of them escape to Earth to create a kingdom for themselves. This action closes the portal filtering sinful souls to Hell and causes Satan to wither away. He must send his most weak but beloved son, Little Nicky, to Earth to return his brothers to Hell.",/ijfKqbZoZQjer5Oiolxy7hn8L92.jpg
3509,A Scanner Darkly,An undercover cop in a not-too-distant future becomes involved with a dangerous new drug and begins to lose his own identity as a result.,/wS0QhF2RTwap84BKGr9hKHzNAMx.jpg
2292,Clerks,"Convenience and video store clerks Dante and Randal are sharp-witted, potty-mouthed and bored out of their minds. So in between needling customers, the counter jockeys play hockey on the roof, visit a funeral home and deal with their love lives.",/dmNytzvQTjylI83qrgDoS1KQ0ev.jpg
34528,The Human Condition II: Road to Eternity,"Kaji, having lost his exemption from military service by protecting Chinese prisoners from unjust punishment, has now been conscripted into the Japanese Kwantung Army. Despite his anti-militarism, Kaji excels in his training and tries to implement his ideals in his dealings with other soldiers in the face of the prevailing brutality. The film ends with the Soviet army's victorious onslaught.",/svdKfhT9WLfrC8zgOWmZt4mgyK0.jpg
16019,Lost Islands,A family with five kids in the 80s get into a crisis when twin brothers fall in love with the same girl.,/q8oKwbz9YwbCtoUNqoESyMxJFxI.jpg
273807,Last Exit,"An out of luck English man, Nigel, arrives in Copenhagen hoping to start a new life. When he falls for a gorgeous prostitute, his life takes a very dark turn and his life begins to spiral out of control.",/aT9Cvozk1aWhnCfnJT7bD8RApqT.jpg
49051,The Hobbit: An Unexpected Journey,"Bilbo Baggins, a hobbit enjoying his quiet life, is swept into an epic quest by Gandalf the Grey and thirteen dwarves who seek to reclaim their mountain home from Smaug, the dragon.",/ysX7vDmSh5O19vFjAi56WL7l4nk.jpg
45871,The Mission,"Triad boss Lung (Eddy Ko), who has just escaped being killed in an assassination attempt hires the killers Curtis (Anthony Wong), James (Lam Suet), Mike (Roy Cheung), Roy (Francis Ng) and Shin (Jackie Lui) for his protection.",/zmMjY2I8Aj8TG1bU25ahoL8Zxuw.jpg
44322,East Palace West Palace,"In China, homosexuality isn't illegal, but homosexuals are routinely persecuted by police and arrested for ""hooliganism"". The film focuses on a young gay writer A-Lan who, being attracted to a young policeman, manages to have himself interrogated for a whole night. His life-story which he tells during the interrogation reflects the general repression of the Chinese society. The policeman's attitude shifts from the initial revulsion to fascination and, finally, to attraction.",/y5u1cxjtOCaQRZZUr6MqpQ12b7a.jpg
82792,Pepe,"Mario ""Cantinflas"" Moreno is a hired hand, Pepe, employed on a ranch. A boozing Hollywood director buys a white stallion that belongs to Pepe's boss. Pepe, determined to get the horse back (as he considers it his family), decides to take off to Hollywood. There he meets film stars including Jimmy Durante, Frank Sinatra, Zsa Zsa Gabór, Bing Crosby, Maurice Chevalier and Jack Lemmon in drag as Daphne from Some Like It Hot. He is also surprised by things that were new in America at the time, such as automatic swinging doors. When he finally reaches the man who bought the horse, he is led to believe there is no hope of getting it back. However, the last scene shows both him and the stallion back at the ranch with several foals.",/kCj59Lun58oD9Hfcf2LFXH4fa7s.jpg
18603,Hands on a Hard Body: The Documentary,"Hands on a Hard Body: The Documentary is a 1997 film documenting an endurance competition that took place in Longview, Texas. The yearly competition pits twenty-four contestants against each other to see who can keep their hand on a pickup truck for the longest amount of time. Whoever endures the longest without leaning on the truck or squatting wins the truck.",/vm3BFvPCz498WfuNrDclxSYTruU.jpg
118013,Endeavour,"Shaun Evans (The Take) steps into John Thaw's shoes as the younger version of Colin Dexter's iconic creation, Inspector Morse, shedding new light on the origins of the detective famed for his love of crosswords, classical music, real ale, and classic cars.",/aGwgeCPl9QIlcUhPHzCjm6dhprr.jpg
43489,Brewster's Millions,"Monty Brewster is a pennyless, former U.S. Army soldier back from World War II Europe who learns that he has inherited $8 million from a distant relative. But there's a catch: he must spend $1 million of that money in less than two months before his 30th birthday in order to inherit the rest.",/euzJE3b2Yy9yStK9FRfSF396Zml.jpg
64158,Guns at Batasi,An anachronistic martinet RSM on a remote Colonial African army caught in a local coup d'etat must use his experience to defend those in his care.,/yPggf1vyD0oMaE7yHV0nTYp5Nzn.jpg
18973,Cinderfella,"This was Jerry Lewis' answer to the classic Cinderella story. When his father dies, poor Fella is left at the mercy of his snobbish stepmother and her two no-good sons, Maximilian and Rupert. As he slaves away for his nasty step-family, Maximilian and Rupert attempt to find a treasure Fella's father has supposedly hidden on the estate. Meanwhile, hoping to restore her dwindling fortunes, the stepmother plans a fancy ball in honor of the visiting Princess Charmein whom she hopes will marry Rupert. Eventually, Fella's Fairy Godfather shows up to convince him that he has a shot at winning the Princess himself.",/27d8hTPQuiaGMRdvnGGjfKjYhdC.jpg
38356,Transformers: Dark of the Moon,"Sam Witwicky takes his first tenuous steps into adulthood while remaining a reluctant human ally of Autobot-leader Optimus Prime. The film centers around the space race between the USSR and the USA, suggesting there was a hidden Transformers role in it all that remains one of the planet's most dangerous secrets.",/sZY3ls18QTY0pFBJn2vl2MmauTQ.jpg
37467,The Atomic Submarine,"Ships disappear on route across the Arctic Sea, and a special submarine is sent to investigate.",/yj4RCLdiMwysichhHw88SFpules.jpg
15030,Deep Water,"DEEP WATER is the stunning true story of the fateful voyage of Donald Crowhurst, an amateur yachtsman who enters the most daring nautical challenge ever – the very first solo, non-stop, round-the-world boat race.",/oSOMJMDOef9AuviQCzc3S1iTAji.jpg
21765,Good Boy!,"An intergalactic dog pilot from Sirius (the dog star), visits Earth to verify the rumors that dogs have failed to take over the planet.",/6puZkWMkBBetr7hvuPxcWe8ALOM.jpg
648,Beauty and the Beast,"The story of a gentle-hearted beast in love with a simple and beautiful girl. She is drawn to the repellent but strangely fascinating Beast, who tests her fidelity by giving her a key, telling her that if she doesn't return it to him by a specific time, he will die of grief. She is unable to return the key on time, but it is revealed that the Beast is the genuinely handsome one. A simple tale of tragic love that turns into a surreal vision of death, desire, and beauty.",/bhGxt2YxlyO7x4GpliHEzI28H0z.jpg
47614,Sexual Dependency,"A poor girl, a rich stud, a university student and a model -- nothing in common, except the desire to experience true intimacy. Their stories unfold and overlap as each becomes victim to their own sexual dependencies, self-perceptions and illusions. Thematically structured around issues of femininity, masculinity, virginity, rape and sexuality, each teen struggles to make sense of their own identity, reaching for ideals that represent everything they feel they are supposed to be, but are not.",/jxEkso14KNatQtvEpj7I6XA8nQR.jpg
42237,Jonah Who Will Be 25 in the Year 2000,"The European equivalent of ""The Return of the Secaucus 7,"" this Swiss film looks at the lives of several men and women in their 30s as they confront the slim gains of the ""revolutionary"" sixties. Max, a dissatisfied copy editor; Myriam, a redhead into tantric sex; and Marie, a supermarket checker who gives unauthorized discounts to the elderly, search for renewed meaning on a communal farm. The title character, a six-year-old child, is the carrier of their hopes for the future.",/bILUr2F8FUDCZ6tK1hyBG6FDJH3.jpg
11713,Fist of Fury,"Chen Zhen returns to the international compound of China only to learn of his beloved teacher's death. This is compounded by the continual racist harassment by the Japanese population in the area. Unlike his friends, he confronts it head on with his mastery of martial arts while investigating his teacher's murder.",/jtm94bGz4uqOVD8aIj12LQwj7Rs.jpg
20663,Dead Reckoning,"Paratroopers Captain 'Rip' Murdock  and Sergeant Johnny Drake are mysteriously ordered to travel to Washington, DC. When Drake learns that he is to be awarded the Medal of Honor, he disappears before newspaper photographers can take his picture. Murdock follows the clues and tracks him down, where he learns Drake is dead. Further investigations reveal unexpected twists. Rip learns that Johnny had been accused of murder and sets out to find out whatever he can. He falls in love with Coral whose husband Johnny is supposed to have killed.",/h5CTXB4qKp3HY1bQcFRNc4VyHvt.jpg
42136,The Grey Fox,"Old West highwayman Bill Miner, known to Pinkertons as ""The Gentleman Bandit,"" is released in 1901 after 33 years in prison, a genial and charming old man. He goes to Washington to live and work with his sister's family. But the world has changed much while he has been away, and he just can't adjust. So he goes to Canada and returns to the only thing familiar to him -- robbery (with stagecoaches changed to trains).",/wAKDJmxGaTqfw0MiyzlD7eqQQA4.jpg
111100,Boy Meets Girl,Two lazy screenwriters need a story for the studio's cowboy star. A studio waitress turns out to be pregnant. This gives them the idea for a movie about a cowboy and a baby. The waitress's baby becomes the star. The cowboy and his agent run off with the waitress and her valuable asset. The writers retaliate by hiring an unemployed extra to impersonate the baby's father. But the extra already knows the waitress...,/AdFXbHvtPQvfAoiG1XMkvWUVbcL.jpg
11381,Tommy Boy,"Party animal Tommy Callahan is a few cans short of a six-pack. But when the family business starts tanking, it's up to Tommy and number-cruncher Richard Hayden to save the day.",/lbsuDUaTH9POXWb4Inyck8gZFck.jpg
77621,Within Our Gates,"Abandoned by her fiancé, an educated negro woman with a shocking past dedicates herself to helping a near bankrupt school for impoverished negro youths.",/rtYCZEZfN5SRfpPkqc3aHVsKRMW.jpg
28303,The Cheyenne Social Club,"Two cowboys inherit a ""social club"" specializing in satisfying men.",/5bRm0ALG9yPO53Y2kKuPPV3irdF.jpg
26185,McQ,Police Lieutenant Lon McQ investigates the killing of his best friend and uncovers corrupt elements of the police department dealing in confiscated drugs.,/xjdWBe3wn2UjVnN1D2husC1LjHG.jpg
9905,Shallow Grave,Three friends discover their new flatmate dead but loaded with cash.,/qak9QuEiH5ENwqxyVEO0onegCx6.jpg
28955,First Man Into Space,"Once he was a handsome, fearless test pilot. ow he is a viscious, hideous love-killer. Did the deadly gamma rays do it? In this classic 50s sci-fi thriller, cocky all-american test pilot Dan Prescott disobeys orders and flies an experimental rocket 250 miles above the earth, thus becoming the first man into space.",/7ZCo6gVLBhGf6vkntHr5q06m1t.jpg
10930,The Flower of Evil,"Three generations of a wealthy Bordeaux family are caught in the crossfire when Anne decides to run for mayor, thanks to a political pamphlet that revives an old murder scandal.",/4OpX8gOrCOaQVhUl4GUqDRSvMug.jpg
37563,A Summer's Tale,"A shy maths graduate takes a holiday in Dinard before starting his first job. He hopes his sort-of girlfriend will join him, but soon strikes up a friendship with another girl working in town. She in turn introduces him to a further young lady who fancies him. Thus the quiet young lad finds he is having to do some tricky juggling in territory new to him.",/9BwNmNi9qUFjlWqLK5E4rJPdjB5.jpg
116014,Enemies: A Love Story,"A ghostwriter finds himself romantically involved with his current wife, a married woman and his long-vanished wife.",/g0zh75AWArVtadhaNKZjs231TwF.jpg
6280,Junior,"As part of a fertility research project, a male scientist agrees to carry a pregnancy in his own body.",/bwt2hkLGKo5KAVMCw4u1umUPhax.jpg
21200,Intimate Strangers,"Because she picked the wrong door, Anna ends up confessing her marriage problems to a financial adviser named William Faber. Touched by her distress, somewhat excited as well, Faber does not have the courage to tell her that he is not a psychiatrist. From appointment to appointment, a strange ritual is created between them. William is moved and fascinated to hear the secrets no man ever heard.",/bOHC2Us8Tnh8VwuMms78bSgboIM.jpg
56816,The Visitor,"A young boy lives with his mother on a farm surrounded by deep forest in the remote wilds of the Finnish countryside. From time to time, the boy visits his father - a man of great violence - in prison. Locked in the stable is an unruly horse, the boy´s only other companion. Their simple life is disrupted when a stranger appears, with a note from the father and a bullet in his side. Reluctantly, mother and son offer the stranger refuge.",/5mghtg6d6gZkQtwxQvDadtQ5scw.jpg
318535,The Mesmerist,"Based on an Edgar Allan Poe story, this film tells the grimly comic tale of a bad-tempered old man (Howard Hesseman) who cheats death, only to go on tormenting the living. When a medical experiment leaves the grouch hovering between life and death (and able to describe the world beyond), things get tricky for his daughter (Jessica Capshaw) and her beau (Neil Patrick Harris, of ""Doogie Howser, M.D."" fame), who can't get their hands on his estate.",/fx4yyBwryFDpMZsKawDgYgZtuN3.jpg
56288,Spy Kids: All the Time in the World,"Eight years after the third film, the OSS has become the world's top spy agency, while the Spy Kids department has since become defunct. A retired spy Marissa (Jessica Alba) is thrown back into the action along with her stepchildren when a maniacal Timekeeper (Jeremy Piven) attempts to take over the world. In order to save the world, Rebecca (Rowan Blanchard) and Cecil (Mason Cook) must team up with their hated stepmother. Carmen and Juni have since also grown up and will provide gadgets to them.",/eHldUGDNxb4ZPQSPDnGolyFDECa.jpg
12723,Inventing the Abbotts,"In the 1950s, brothers Jacey and Doug Holt, who come from the poorer side of their sleepy Midwestern town, vie for the affections of the wealthy, lovely Abbott sisters. Lady-killer Jacey alternates between Eleanor and Alice, wanting simply to break the hearts of rich young women. But sensitive Doug has a real romance with Pamela, which Jacey and the Abbott patriarch, Lloyd, both frown upon.",/6L1SkHZB7jmMwFCrHMgRGJ9WAPG.jpg
20533,Jonah Hex,"Gunslinger Jonah Hex (Josh Brolin) is appointed by President Ulysses Grant to track down terrorist Quentin Turnbull (John Malkovich), a former Confederate officer determined on unleashing hell on earth. Jonah not only secures freedom by accepting this task, he also gets revenge on the man who slayed his wife and child. Megan Fox plays a prostitute as well as Jonah Hex's love interst in the film.",/fhpl0NYcwQ8oUmur30L0ANOay4L.jpg
161710,The Squaw Man,"Blamed for th theft of an orphans fund, Captain James Wynnegate flees to the West where he makes a new life with the Indian woman Nat-U-Rich",/lcrjqlFDivw09LtP7TxDwXw1naH.jpg
10564,Where the Heart Is,"Novalee Nation is a 17-year-old Tennessee transient who has to grow up in a hurry when she's left pregnant and abandoned by her boyfriend on a roadside in Sequoyah, Okla., and takes refuge in the friendly aisles of Wal-Mart. In short order, some eccentric, kindly strangers ""adopt"" Novalee and her infant daughter, helping them buck the odds and build a new life.",/rNP5NSdXzl6y5CuQ6Sh2JmEnvt5.jpg
11853,Bad Girls,"Four former harlots try to leave the wild west (Colorado, to be exact) and head north to make a better life for themselves. Unfortunately someone from Cody's past won't let it happen that easily.",/eaGOVOI4BZG7xFOzMdDpfAhDOWJ.jpg
4515,Lions for Lambs,"Three stories told simultaneous in ninety minutes of real time: a Republican Senator who's a presidential hopeful gives an hour-long interview to a skeptical television reporter, detailing a strategy for victory in Afghanistan; two special forces ambushed on an Afghani ridge await rescue as Taliban forces close in; a poli-sci professor at a California college invites a student to re-engage.",/iLuo4swOCHF2a8BlaxXZGdqETUs.jpg
60566,She,"Leo Vincey, told by his dying uncle of a lost land visited 500 years ago by his ancestor, heads out with family friend Horace Holly to try to discover the land and its secret of immortality, said to be contained within a mystic fire. Picking up Tanya, a guide's daughter, in the frozen Russian arctic, they stumble upon Kor, revealed to be a hidden civilization ruled over by an immortal queen, called She, who believes Vincey is her long-lost lover John Vincey, Leo's ancestor.",/3mNZX48DB0C5u17QdruRx6PXcGV.jpg
43781,Orchestra Wives,"Connie Ward is in seventh heaven when Gene Morrison's band rolls into town. She is swept off her feet by trumpeter Bill Abbot. After marrying him, she joins the bands tour and learns about life as an orchestra wife, weathering the catty attacks of the other band wives.",/nfpwJvGNfmELCMVkUb6hLD6nPy1.jpg
9281,Witness,"A sheltered Amish child is the sole witness of a brutal murder in a restroom at a Philadelphia train station, and he must be protected.  The assignment falls to a taciturn detective who goes undercover in a Pennsylvania Dutch community. On the farm, he slowly assimilates despite his urban grit and forges a romantic bond with the child's beautiful mother.",/pQZa314NJP3ieMAj6CgPI1v7nUY.jpg
389,12 Angry Men,"The defense and the prosecution have rested and the jury is filing into the jury room to decide if a young Spanish-American is guilty or innocent of murdering his father. What begins as an open and shut case soon becomes a mini-drama of each of the jurors' prejudices and preconceptions about the trial, the accused, and each other.",/3W0v956XxSG5xgm7LB6qu8ExYJ2.jpg
10647,Pay It Forward,"Like some other kids, 12-year-old Trevor McKinney believed in the goodness of human nature. Like many other kids, he was determined to change the world for the better. Unlike most other kids, he succeeded.",/l5diVKdxKMUkn4jOAxASbbGtSl1.jpg
9439,The Nameless,"The mutilated body of a six year old girl is found in a water hole. The girl is identified as the missing daughter of Claudia. However, only two peices of evidence could be used to identify her; a bracelet with her name on it near the crime scene, and the fact that her right leg was three inches longer than her left. All other methods of identification were removed from her body. Five years later Claudia, now addicted to tranquilizers, receives a phone call from someone claiming to be her daughter, asking for her mother to come find her before 'they' kill her. Other mysterious clues show up, further indicating that Claudia's daughter is indeed still alive, and very much in danger. Claudia, a run-down ex-cop, and a parapsychology reporter put together the clues to discover Angela's whereabouts",/t8E2dyt46ngeVrkgJvo3RpaZq2b.jpg
49494,The Eagle,"In 140 AD, twenty years after the unexplained disappearance of the entire Ninth Legion in the mountains of Scotland, young centurion Marcus Aquila (Tatum) arrives from Rome to solve the mystery and restore the reputation of his father, the commander of the Ninth. Accompanied only by his British slave Esca (Bell), Marcus sets out across Hadrian's Wall into the uncharted highlands of Caledonia - to confront its savage tribes, make peace with his father's memory, and retrieve the lost legion's golden emblem, the Eagle of the Ninth.",/1e3SKFIEy8zPYICzQXBqeKM6xx8.jpg
25739,L'associé,No overview found.,/y8rFKNeYNh5DmRvmAWDEh9daRwN.jpg
9064,Hellbound: Hellraiser II,"Doctor Channard is sent a new patient, a girl warning of the terrible creatures that have destroyed her family, Cenobites who offer the most intense sensations of pleasure and pain. But Channard has been searching for the doorway to Hell for years, and Kirsty must follow him to save her father and witness the power struggles among the newly damned.",/pa0NxJBrekjf85QPV4JvwmlnY3h.jpg
171982,Romance,She's as hot as Britney Spears. Hotter. She parties like Hollywood. She's way out of his league. Or that's the story he's sticking to.,/yyISPCAcYwWKhu1XXQtL419CIyK.jpg
26618,Clay Pigeons,"Clay is a young man in a small town who witnesses his friend, Earl kill himself because of the ongoing affair that Clay was having with the man's wife, Amanda. Feeling guilty, Clay now resists the widow when she presses him to continue with their sexual affairs. Clay inadvertently befriends a serial killer named Lester Long, who murders the widow in an attempt to ""help"" his ""fishing buddy.""",/titlFNXp9nATuiyOr0Q3QCKW7IW.jpg
42390,Boys Town,"Against all odds Father Flanagan starts ""Boys' Town"" after hearing a convict's story. Whitey Marsh comes there. He runs away but, hungry, returns. He runs away again but, when friend Pee Wee is hit by a car, returns. He runs away and joins his brother's gang. Flanagan and the boys capture the crooks and the reward saves the town.",/oK94ozuwj8dZYKWFnaYva1QGB5R.jpg
51248,11-11-11,"After the death of his wife and child, an author travels to Barcelona to see his estranged brother and dying father, where he learns that his life is plagued by events that occur on 11/11/11.",/qndJCrG6Z1mpAwitDaiEC8494Tl.jpg
10942,Babylon 5: The Gathering,"The first installment of this Emmy award-winning series. A movie based at Babylon 5: a new space station built by Humans. The Vorlon ambassador, Kosh, has been poisoned. It is the new commanding officer's, Jeffrey Sinclair, responsibility to find the culprit. Otherwise the space station will fail in its role to bring all the races together.",/xSMIQLKzTDqyO0fV01Hm4xe8djT.jpg
12127,Pippi in the South Seas,"Pippi in the South Seas (original title is Pippi Långstrump på de sju haven) is a 1970 film, based on the eponymous children's books by Astrid Lindgren with the cast of the 1969 TV series. Pippi, with friends Tommy and Annika, adventures on the South Seas to hunt for her father, who has been kidnapped by pirates.",/q7Xe5i1KnARZgvzxgahBxPCZ48q.jpg
12123,Chain Reaction,Two researchers in a green alternative energy project are put on the run when they are framed for murder and treason.,/t6anpB9iny456N7sVLd3S0QARGv.jpg
149586,The Conscientious Objector,"It's 1945, World War II. The Place, Okinawa. The Scene, an impregnable 400-foot high cliff-AKA Hacksaw Ridge. The Engagement, a battle so fierce the odds of survival were 1 in 10. The Act, Medic Pfc. Desmond T. Doss braved intense enemy fire to rescue 75 wounded GI's over the precipice. The Story, Infantrymen who once ridiculed and scoffed at Desmond's simple faith and refusal to carry a weapon-now owed their lives to him. Director Terry Benedict tells Desmond's incredible story through the eyes of the men who witnessed this humble man's heroic acts. Winning the respect of his fellow soldiers, they recommended him for the highest honor America can bestow on one of her sons-The Medal of Honor.",/anfe68e0JW9c9FA7KCpf765cl9C.jpg
84259,Hearts of the West,"Naive Iowa farm boy Lewis Tater dreams of being a famous Western novelist like his hero, Zane Grey. He leaves home to answer a writing correspondence course's ad for on-campus classes, only to discover that the school consists of a row of postboxes at an isolated Nevada train depot. On the run from the con men responsible, Lewis stumbles across ""real"" cowboys shooting a movie in the desert. The would-be writer soon finds himself instead acting in Westerns, for the rundown Tumbleweed Productions, in silent-era Hollywood.",/tNOLQdXpqxhgDd7a0xQBvqCBHbe.jpg
8975,The Marine,A group of diamond thieves on the run kidnap the wife of a recently discharged marine who goes on a chase through the South Carolinian wilderness to retrieve her.,/nyfNJo6Htju5h0Xgj6szROpxqdt.jpg
17734,Thirteen Conversations About One Thing,"The lives of a lawyer, an actuary, a housecleaner, a professor, and the people around them intersect as they ponder order and happiness in the face of life's cold unpredictability.",/u1HZGQyWMwxtyEWTXfWMM6xXNbi.jpg
25361,Thunderbird 6,"The International Rescue team is faced with one of its toughest challenges yet, as the revolutionary lighter-than-air craft Skyship One is hijacked while on her maiden voyage around the world. Against backdrops including the Statue of Liberty and the Sphinx, Lady Penelope, Parker, Alan and Tin-Tin fight the hijackers from on-board, while the rest of the team tries to stop the airship crashing.",/8bYq7cWznhsptcNQoctSzd4auzQ.jpg
25284,The Last Seduction,"Looking to escape her unhappy marriage, villainous femme fatale Bridget Gregory (Linda Fiorentino) convinces her husband, Clay (Bill Pullman), to sell cocaine, then steals the profits and runs out on him. She stops in a small town en route to Chicago, where she ensnares her next conquest, insurance man Mike Swale (Peter Berg). After getting a job at his insurance company, Bridget convinces Mike to run a scam -- but things take a deadly turn when she recruits him to help get rid of her husband.",/9gB7E2GPGURD2QbzlM6kSv5Uc94.jpg
1989,My Blueberry Nights,"Elizabeth has just been through a particularly nasty breakup, and now she's ready to leave her friends and memories behind as she chases her dreams across the country. In order to support herself on her journey, Elizabeth picks up a series of waitress jobs along the way. As Elizabeth crosses paths with a series of lost souls whose yearnings are even greater than her own, their emotional turmoil ultimately helps her gain a greater understanding of her own problems...",/xjR7Gbu6Xw7EwLgxupJtnRBoP5i.jpg
44772,No Small Affair,"The 16 years old amateur photographer Charles accidentally takes a photo of Laura - and falls in love with her, when he develops the picture. He finds out that she works as singer in a bar, but is about to be thrown out. Although rejected at first by the 23 years old, he wants to help her and starts an ad campaign behind her back... with unexpected results.",/s2VU2KPRZrLOvvALKo2Y39Z2SbL.jpg
43855,The Mad Miss Manton,"When the murdered body discovered by beautiful, vivacious socialite Melsa Manton disappears, police and press label her a prankster until she proves them wrong.",/q8o5Lz3g6coVGOhgldqRiYV4daW.jpg
77560,Faust,"Faust is a 2011 Russian film directed by Alexander Sokurov. Set in the 19th century, it is a free interpretation of the Faust legend and its literary adaptations by Johann Wolfgang von Goethe and Thomas Mann. The dialogue is in German. The film won the Golden Lion at the 68th Venice International Film Festival.",/zxzwzL2V3LIkhPhT9jl2WYdMCWs.jpg
35588,Geronimo: An American Legend,"The Apache Indians have reluctantly agreed to settle on a US Government approved reservation. Not all the Apaches are able to adapt to the life of corn farmers. One in particular, Geronimo, is restless. Pushed over the edge by broken promises and necessary actions by the government, Geronimo and thirty or so other warriors form an attack team which humiliates the government by evading capture, whi",/cipYLKXoT3PRPIccwUN47bZvYhO.jpg
57965,Red Like the Sky,"A nearly sightless boy is sent to a school for blind children, where he secretly discovers the possibilities of the recorded sound.",/2KDFqYdTE9WzOS9aJCEvv4AHDG4.jpg
11820,Mona Lisa Smile,"The story of Katherine Ann Watson, a feminist teacher who studied at UCLA graduate school and in 1953 left her boyfriend behind in Los Angeles, California to teach at Wellesley College, a conservative women's private liberal arts college in Massachusetts, United States.",/zLn6dKedtaR3rnCRohxIxjfqmxV.jpg
24124,The Burning,"A caretaker at a summer camp is burned when a prank goes tragically wrong. After several years of intensive treatment at hospital, he is released back into society, albeit missing some social skills. What follows is a bloody killing spree with the caretaker making his way back to his old stomping ground to confront one of the youths that accidently burned him.",/eHqxGUZ9jOsCPSxhG6Ngr1uSBYJ.jpg
1994,The Most Dangerous Game,"When legendary hunter Bob Rainsford is shipwrecked on the perilous reefs surrounding a mysterious island, he finds himself the guest of the reclusive and eccentric Count Zaroff. While he is very gracious at first, Zaroff eventually forces Rainsford and two other shipwreck survivors, brother and sister Eve and Martin Towbridge, to participate in a sadistic game of cat and mouse in which they are the prey and he is the hunter.",/914xvJkth01wdyJ9h8Tvie7220B.jpg
33390,Charlie Chan in Egypt,"While investigating the theft of antiquities from an ancient tomb excavation , Charlie discovers that the body of the expedition's leader concealed inside the mummy's wrappings.",/a1eCUwSHo5wRYAocaOtId7KaRc6.jpg
28063,"Caltiki, the Immortal Monster",Academic researchers are chased by a nuclear-hot specimen of ancient Mayan blob.,/yZX5P2QLeal7XXTia7Xl2YMMfEv.jpg
71723,Take Aim at the Police Van,"A sharpshooter kills two prisoners in a police van at night. The guard on the van is suspended for six months; he's Tamon, an upright, modest man. He begins his own investigation into the murders. Who were the victims, who are their relatives and girlfriends, who else was on the van that night? As he doggedly investigates, others die, coincidences occur, and several leads take him to the Hamaju Agency, which may be supplying call girls. Its owner is in jail, his daughter, the enigmatic Yuko, keeps turning up where Tamon goes. Tamon believes he can awaken good in people, but has he met his match? Will he solve the murders or be the next victim? And who is Akiba?",/ylN3kVHjCjzCwU3iq10K3Zebjlq.jpg
22004,Trespass,"Two Arkansas firemen, Vince and Don, get hold of a map that leads to a cache of stolen gold in an abandoned factory in East St. Louis. What they don't know is that the factory is in the turf of a local gang, who come by to execute one of their enemies. Vince sees the shooting, the gang spots Vince, and extended mayhem ensues. As Vince and Don try to escape, gang leader King James argues with his subordinate Savon about how to get rid of the trespassers.",/zTvIflGrVhLM6UKRqSJ4VkydLwv.jpg
5146,The In-Laws,"Right before his daughter's wedding, a mild-mannered foot doctor discovers that his new in-laws are international smugglers.",/46mOsibNxltAYBNemeMWH0IrKjT.jpg
38570,The 41–Year–Old Virgin Who Knocked Up Sarah Marshall and Felt Superbad About It,"Follows Andy, who needs to hook up with a hottie, pronto, because he hasn't had sex in... well, forever - and his luck isn't the only thing that's hard. His equally horny teenage roommates also need it superbad, and with the help of their nerdy pal, McAnalovin' and his fake I.D., they may tap more than just a keg.",/1I8VzKj0piI36RdPBliSBn5Qk1O.jpg
120109,Too Many Husbands,Romantic comedy adapted from a Somerset Maugham play.,/fhBDIvGAc8m72gfk3YyJErFrCgj.jpg
155445,Nicht alle waren Mörder,"Based on the childhood memories of actor Michael Degen, the movie deals with the everyday struggle to survive as a Jewish boy in Nazi Germany. As his father had died in 1940 after being released from the Sachsenhausen concentration camp, Michael and his mother fear to be deported themselves. They manage to live in Berlin with false names and faked papers, hidden by several, often broken, people...",/6vkfFRmy3cgGZBIJV0buhX1phjd.jpg
10199,The Tale of Despereaux,"Once upon a time... in the far away kingdom of Dor... lived a brave and virtuous mouse with comically oversized ears who dreamt of becoming a knight. Banished from his home for having such lofty ambitions, Despereaux sets off on an amazing adventure with his good-hearted rat friend Roscuro, who leads him, at long last, on a very noble quest to rescue an endangered princess and save an entire kingdom from darkness.",/8Nge4rXAQzU5w9U8OvnXuuJltL9.jpg
31777,Morning Glory,"Eva Lovelace, would-be actress trying to crash the New York stage, is a wildly optimistic chatterbox full of theatrical mannerisms. Her looks, more than her talent, attract the interest of a paternal actor, a philandering producer, and an earnest playwright. Is she destined for stardom or the ""casting couch""? Will she fade after the brief blooming of a ""morning glory""?  This was Katharine Hepburn's third film, and resulted in her first Academy Award for Best Actress. The film is based on a play and was remade in 1958 as ""Stage Struck"", with Susan Strasberg, Christopher Plummer and Henry Fonda in the three lead roles.",/wLcqCwK36mrOfInUInk0imT9CES.jpg
5488,"I'm a Cyborg, But That's OK","Young-Goon works at manufacturing plant assembling radio’s. She also believes she is a cyborg. One day, while working at the factory, she decides to re-charge herself by slashing her wrist and implanting electrical wires into her arm. Her action gets Young-Goon a mental hospital full of bizarre characters. At New World, Young-Goon spends her time listening to the radio, talking with vending machines, and licking the terminals of 9 volt batteries. She soon encounters a guy named Il-Sun. Il-Sun is a thief of souls in the mental hospital. Young-Goon and Il-Sun soon form a strong bond as their odd personalities complements each other perfectly. Unfortunately, Young-Goon becomes gravely ill from malnutrition. Young-Goon doesn't believe cyborgs should eat human food. She soon loses most of her energy and becomes bedridden. Doctors say that Young-Goon has only a few more days to live if she continues her ways. Il-Sun must now find a way to connect to her soul and save her from imminent death.",/9uDGx2lzjROf3335CGKdCYs6WD5.jpg
43688,The Old Fashioned Way,The Great McGonigle and his troupe of third-rate vaudevillians manage to stay one step ahead of the bill collectors and the sheriff.,/goGkA17bGyguv8jLutOqkW1tEar.jpg
6058,The Patriot,"A deadly virus threatens to wipe out an entire Rocky Mountain town, leaving the town doctor to find some way to escape the soldiers who enforce the town's quarantine and devise an antidote. Matters take a more deadly turn after the physician is captured by a dangerously unstable band of militia extremists.",/thMkesyVxyVzREKwndv9MnNtc05.jpg
44373,New Best Friend,"Alicia (Mia Kirshner) is a poor girl starting college. Hadley (Meredith Monroe), Julianne (Rachel True) and Sydney (Dominique Swain) are three well-off girls in a row house. Classes begin and Alicia is paired with Hadley to work on a sociology class project. At first rejected, Alicia is finally accepted into Hadley's clique where she is introduced to a world of privilege and dangerous thrills. But her attempts to become one of them ultimately land her in the hospital.",/4qdxBV2FZ9o46neCW3T7Na8W9L.jpg
144326,Satan Never Sleeps,"A priest (William Holden) arrives at a mission-post in China accompanied by a young native girl who has joined him along the way. His job is to relieve the existing priest (Clifton Webb), who is now too old and weak to continue with the upkeep of the church. However, Communist soldiers arrive at the mission and seize it as a command post. Their leader rapes the native girl and impregnates her, only later to realise that Communism is no good for him. In the end, the foursome flee to the border, but are pursued by Communist forces along the way.",/2Ijlu5CSuiBdVlmCJw55cl6gXWQ.jpg
27498,Jack O,"A long long time ago a wizard was put to death, but he swore vengeance on the townsfolk that did him in, particularly Arthur Kelly's family. Arthur had done the final graces on him when he came back to life as Mr. Jack the Pumpkin Man. The Kellys proliferated through the years, and when some devil-may-care teens accidentally unleash Jack-O, young Sean Kelly must stop him somehow as his suburban world is accosted and the attrition rate climbs",/fPFc4tu6ai3r2JZtQiDQOObZevL.jpg
288298,Victor Seastrom,Documentary of the Swedish actor/director Victor Sjöström and his work - from Terje Vigen (1917) to Smultronstället (1957) Director Ingmar Bergman is interviewed about his memories of and experiences of Sjöström.,
21622,Cover Girl,"Rusty Parker, a red-headed leggy dancer at Danny McGuire's Night Club in Brooklyn, wants to be a successful Broadway star. She enters a contest to be a 'Cover Girl' as a stepping-stone in her career. She reminds the publisher, John Coudair, of his lost love, showgirl Maribelle Hicks. He was engaged to Maribelle, although his wealthy society mother made fun of her. Maribelle left John at the altar when she saw the piano at her wedding. It reminded her of the piano-player she truly loved. Rusty is Maribelle's granddaughter and there are musical sequences with Maribelle dancing to songs from the beginning of the 20th century.",/S7434rxUqA8nRzadqGw0jxtoSz.jpg
35006,The Mask of Dimitrios,A meek novelist investigates the mysterious death of a notorious scoundrel.,/cgGZV924cBloldp5bsZeZJ4ze9n.jpg
10419,Swing Kids,"The story of a close-knit group of young kids in Nazi Germany who listen to banned swing music from the US. Soon dancing and fun leads to more difficult choices as the Nazi's begin tightening the grip on Germany. Each member of the group is forced to face some tough choices about right, wrong, and survival.",/dQOGz6FhLSMDAT4thqeDb9VTkvU.jpg
13687,I Want Candy,"Two hopeful lads from Leatherhead trying to break into the movies stumble upon the opportunity of a lifetime. Frustrated by their arty film teacher, wannabe producer Joe and his talented but neurotic director friend Baggy head to London to sell what they know is a script made of gold.",/hjJBfJ3UjbQ5Xe01y53ByVIwTZi.jpg
43498,Yolanda and the Thief,"Johnny Riggs, a con man on the lam, finds himself in a Latin-American country named Patria. There, he overhears a convent-bred rich girl praying to her guardian angel for help in managing her tangled business affairs. Riggs decides to materialize as the girl's ""angel"", gains her unquestioning confidence, and helps himself to the deluded girl's millions. Just as he and his partner are about to flee Patria with their booty, Riggs realizes he has fallen in love with the girl and returns the money, together with a note that is part confession and part love letter. But the larcenous duo's escape from Patria turns out to be more difficult than they could ever have imagined.",/1mLucEX0jcl9oHwS1ZW9sdiuMtT.jpg
125413,Fear Strikes Out,"Director Robert Mulligan's 1957 biographical drama stars Anthony Perkins as Jimmy Piersall, the baseball player whose career was interrupted by his battle with mental illness. The cast also includes Karl Malden, Norma Moore, Adam Williams and Perry Wilson.",/9xM3Yp3Wt6bnjEdzJ1TpIvTTcF.jpg
18507,Tu£sday,"Four career criminals, two glamorous bank workers and one over-the-hill has-been all happen to be planning a robbery on a London bank on the same day, by sheer coincidence. The two investigating detectives must try and deduce how these seemingly unrelated people came to be in the area and which were responsible for the lifting a priceless emerald.",/bEKTzJEQ2pgtakNi575nBrdnyTI.jpg
153102,12 Days of Terror,"July of 1916 was a time of record heat, a polio epidemic, and a World War in Europe. But beachgoers in New Jersey are threatened by a even greater terror: a shark that has suddenly developed a taste for human flesh. Starting July 1st and lasting over a period of 12 days, the unidentified shark kills four people and seriously injures a fifth before the attacks stop, and threatens New Jersey's thriving tourist industry. Based on true events, and one of the inspirations behind Peter Benchley's Jaws.",/fQ9BlupRLy7WTzgOjXrbmuW80zf.jpg
80351,The Castaway Cowboy,Wayward Texas cowboy (James Garner) washes up on the beaches of Hawaii and is taken home by an fatherless boy. He saves the family's business while romancing the single mom (Vera Miles).,/93C3EgfpfAFMUDHxsvq2M6SlknB.jpg
26670,Noises Off...,A travelling theater group has so much action going on behind-the-scenes it almost ruins the performances.,/l7XsUr6E0W6O3XxfKhWDgfOFGmV.jpg
9759,Cellular,A young man receives an emergency phone call on his cell phone from an older woman. She claims to have been kidnapped – and the kidnappers have targeted her husband and child next.,/wguhhHAHoh2ECwjf5oHRH0P9ial.jpg
11937,The Gods Must Be Crazy II,"Xixo is back again. This time, his children accidentally stow away on a fast-moving poachers' truck, unable to get off, and Xixo sets out to rescue them. Along the way, he encounters a couple of soldiers trying to capture each other and a pilot and passenger of a small plane, who are each having a few problems of their own.",/zdKMqYiy7s5eyITRf9Q19WtyBxQ.jpg
174865,Penelope,"When James met Penelope at a club, it took all of three weeks before they were married. But after the marriage, other women became attracted to James and he kept getting promoted, which took him away from Penelope. So Penelope puts on a disguise and robs her husband's bank. Her psychiatrist, Greg, believes that this condition is caused by James being over worked and under romantic with Penelope. She also tells Greg that she robs the business associates of James. But Greg is in love with Penelope - in fact everyone likes her. The problem is when she confesses to her crimes, no one believes her.",/varYyN9w2rgBjl8nDKyVGgddY6E.jpg
8291,Poetic Justice,"In this film, we see the world through the eyes of main character Justice, a young African-American poet. A mail carrier invites a few friends along for a long overnight delivery run.",/vfXuJbZucP2hgkuthwMyz1IEM8s.jpg
20438,The Tao of Steve,"Underachieving, overweight kindergarten teacher Dex finds a woman who forces him to reexamine his Zen-like system of seduction.",/d24d4YKOVs8pHtvqb8sQGDpDrdN.jpg
80965,Blind Date,"A man goes blind when remembering his lost girlfriend, but the doctors can't find anything wrong with his eyes. They fit him with an experimental device which allows him to see with the aid of a computer interface and brain electrodes. Meanwhile, a taxi driver is taking young women up to their apartments, giving them gas, and performing a little fatal amateur surgery on them. Their paths inevitably converge, and the blind man must try to stop the psychopath.",/vnAF0Z96cOSDc5D4rEZV8SM45lC.jpg
43872,Born to Dance,"Sailor Ted meets and falls in love with Nora Paige, an aspiring Broadway show dancer, at the Lonely Hearts Club. After Ted rescues Lucy James' Pekinese during a public relations campaign on his submarine, Lucy falls in love with Ted; and Ted's captain orders him to meet Lucy for a date at a night club breaking a date with Nora. When she sees a picture of Ted and Lucy in the newspaper, Nora, who lives with Jenny and her daughter (Jenny's husband is Gunny), no longer wants anything to do with Ted.",/70AuRQClUSOZayCJ4EerulG2Z0R.jpg
78400,The City Below,"A man and a woman at an art exhibition share a fleeting moment of attraction, which neither can act upon. Days later, a chance second meeting leads to an innocent coffee and the two strangers – both married - toy with their unexplainable fascination for each other. Svenja is curious and finds herself in a hotel room with Roland, but she does not consummate an affair. A powerful executive at the large bank where Svenja's husband works, Roland is used to getting what he wants. He manipulates the transfer of her husband to Indonesia to replace a recently murdered bank manager. Unaware of Roland’s actions, Svenja now ceases to resist...",/rMXl9cNC4wGpO8ged5TttoDcYt7.jpg
376394,To Mars by A-Bomb: The Secret History of Project Orion,Top scientists want to build a nuclear bomb-powered spaceship to visit Mars and the planets.,/cs2ZC9eesFAkcf4qbj5ZJKTq8oD.jpg
66605,Russell Peters: The Green Card Tour,"Russell Peters once again delivers his trademark take on race and culture as well as his lightning quick improv. Russell shares his observations on everything from the declining population of white people, to the stereotyping of Arabs, to his recent travels in India.",/3gWkOByTuAlsRgcBYNSLgjSEhVy.jpg
37628,The Criminal Life of Archibaldo de la Cruz,"A bizarre black comedy about a man whose overwhelming ambition in life is to be a renowned serial killer of women, and will stop at nothing to achieve it - but not everything goes according to plan...",/yPwqLk2LuSIC4Zpu7v77w7WxtH8.jpg
32048,Still of the Night,"When one of his patients is found murdered, psychiatrist Dr. Sam Rice is visited by the investigating officer but refuses to give up any information. He's then visited by the patient's mistress, Brooke Reynolds, whom he quickly falls for despite her being a likely murder suspect. As the police pressure on him intensifies, Rice decides to attempt solving the case on his own and soon discovers that someone is trying to kill him as well.",/qDbq1iuJ5SM3vmrqEh48UtiXja8.jpg
28802,Female Vampire,"Countess Irina of Karlstein resides quietly in a hotel on the island of Madeira, where she sustains her immortality by feeding on the life essence of men and women. When new victims are found fatally drained of potency, forensic scientist Dr. Roberts consults his colleague, Dr. Orloff, who confirms that a vampire is responsible. Meanwhile, Irina is confronted by a poet who believes he is destined to become her lover and join her among the immortals!",/TPIyIK39Efda8WdHohsnHgBpwH.jpg
55859,Knock On Wood,"Ventriloquist Jerry Morgan has failed with another love affair. The reason: when the relationship reaches the point when it is time to discuss marriage, his doll Clarence becomes mean and jealous. His fiancée Audrey leaves him and Jerry smashes his two dolls, Clarence and Terrence. Morgan's dollmaker Papinek is member of a spy ring who has stolen the secret plans to the top secret Lafayette airplane. Since Morgan is leaving for Zurich the same night, he decides to use Morgan's dolls as a mailbox and hides the secret plan in the heads of the dolls. Another secret spy ring also wants to get their hands on Jerry's luggage and they *also* follow him. Eventually, Jerry is chased by both these organizations as well as the police, who suspects him of murder.",/w8vCwSemFQkmcLzQOJM86HscZlp.jpg
73604,Greetings,"An offbeat, episodic film about three friends, Paul, a shy love-seeker, Lloyd, a vibrant conspiracy nut, and Jon, an aspiring filmmaker and peeping tom. The film satirizes free-love, the Kennedy assassination, Vietnam, and amateur film-making.",/saqtwYWMbIAOzWp4Nm8oGEzDUqU.jpg
21634,Prayers for Bobby,"True story of Mary Griffith, gay rights crusader, whose teenage son committed suicide due to her religious intolerance. Based on the book of the same title by Leroy Aarons.",/zQGYwsdvabI8uhpyG9S1Hh0qUFr.jpg
16296,Killer Klowns from Outer Space,"Aliens, who look like clowns, arrive on Earth to capture and harvest people in order to use them as sustenance.",/AtMEp5pLpJr4wOMCxVezTKi2okL.jpg
6183,Barefoot,"A hedonistic bachelor, falls for an escaped mental patient.  Til Schweiger comes up with a slickly-made off-the-wall romantic comedy drama ""Barfuss"" (Barefoot), his first solo directing effort in nearly a decade.  Punchy, anti-establishment tone, with Schweiger playing a hedonistic bachelor - he is his rich family's black sheep - who falls for a suicidal mental patient (Johanna Wokalek).  An offbeat, strangely tender love story develops as Nick struggles with responsibility for the first time in his life.",/aN4dn64CVkdYbCLroxspDHEFX9g.jpg
8744,Albino Alligator,Three petty thieves who the police believe to be major criminals are chased into a basement bar where they take five hostages including all the bar employees. The rest of the movie deals with the cops lurking outside the bar while the trio try to get hold of the situation inside.,/jyDSlbq3FO5JIw8RuaQJl5bwMvI.jpg
33913,Tomorrow at Dawn,"Mathieu, a piano virtuoso, goes home to help his brother Paul to take care of their sick mother. Paul is into reenacting old battles, dressing up and getting into character, even dueling if necessary. Mathieu gets involved in this world and play becomes real.",/7WQg4TqzIc2fmevKYnrTopKXPs2.jpg
9962,The Good Girl,A discount store clerk strikes up an affair with a stock boy who considers himself the incarnation of Holden Caulfield.,/gXUh1LQ8g2rOKNzmOCe3tjfnsZR.jpg
27204,God Is Great and I'm Not,"Michèle, 20 years old, feels terrible after having broken up with her boy-friend. She meets Francois, who's a veterinarian and jewish. Michèle decides to convert into Judaism because she has to believe in something, if not in someone.",/hsnDnRcmpctfMsGsH5ZdGJYrG46.jpg
75969,Men in the City 2,"The sequel of the ""Men in the city"" movie which reunites all the characters.",/89bWsRCSQYMzLqorFVXK0JPtvHh.jpg
45380,Crazy Stone,Three thieves try to steal a valuable jade that is tightly guarded by a security chief. But the security guards are not the only obstacle these thieves are facing. An extremely unlucky internationally known master thief is also trying to get a hand on this piece of precious jade. What would be the final destination of this piece of crazy stone?,/q9DKpx7cvxhUHfcn8bnvgAz3tfe.jpg
2754,Abel,"An extremely weird comedy about the life of 31- year-old Abel, who has never left home. After failing with doctors and psychiatrists, Abel's father Victor brings home Christine, a friend, in an attempt to teach Abel basic social skills. After that trouble starts and Abel is thrown out into the street.",/zsXNdIoSRtkylveLmMt3YTuqxu5.jpg
36912,The Sting II,"Hooker and Gondorf pull a con on Macalinski, an especially nasty mob boss with the help of Veronica, a new grifter. They convince this new victim that Hooker is a somewhat dull boxer who is tired of taking dives for Gondorf. There is a ringer. Lonigan, their victim from the first movie, is setting them up to take the fall.",/5DS3Jj8uSv48s0HjmbeNSIqd0vr.jpg
12554,Citizen X,"Based on the true story of a Russian serial killer who, over many years, claimed victim to over 50 people. His victims were mostly under the age of 17. In what was then a communists state, the police investigations were hampered by bureaucracy, incompetence and those in power. The story is told from the viewpoint of the detective in charge of the case.",/1txSRJWrzOG7H5342QUCfL2yRju.jpg
43819,Strike Up the Band,Jimmy and Mary get a group of kids together to play in a school orchestra. A huge contest between schools is coming up and they have a hard time raising money to go to Chicago for the contest.,/m3Pb9KTtO6PLWCWVIs0tjfCIvgM.jpg
12548,I Vitelloni,"Five young men linger in a postadolescent limbo, dreaming of adventure and escape from their small seacoast town. They while away their time spending the lira doled out by their indulgent families on drink, women, and nights at the local pool hall. Federico Fellini’s second solo directorial effort (originally released in the U.S. as The Young and the Passionate) is a semiautobiographical masterpiece of sharply drawn character sketches: Skirt chaser Fausto, forced to marry a girl he has impregnated; Alberto, the perpetual child; Leopoldo, a writer thirsting for fame; and Moraldo, the only member of the group troubled by a moral conscience. An international success and recipient of an Academy Award® nomination for Best Original Screenplay, I vitelloni compassionately details a year in the life of a group of small-town layabouts struggling to find meaning in their lives.",/4gnreB5FridNQwaoNs75Hqvijrh.jpg
90,Beverly Hills Cop,"Tough-talking Detroit cop Axel Foley heads to the rarified world of Beverly Hills in his beat-up Chevy Nova to investigate a friend's murder. But soon, he realizes he's stumbled onto something much more complicated. Bungling rookie detective Billy Rosewood joins the fish-out-of-water Axel and shows him the West Los Angeles ropes.",/s7n0rS2Ff85SuSpqYG3ndkmdQf4.jpg
94108,Nobody's Children,"The tragic love story between Guido, the owner of a marble quarry and Luisa, the humble daughter of one of his employees, ends up in her giving birth to a baby boy. Giulio's mother is against them: at first she takes her son abroad with an excuse and then has her grandson kidnapped making Luisa think the boy died in a fire.",/xAITznGiaIRA6sNjqFZ3cnU2CYs.jpg
64689,Killing Them Softly,"Jackie Cogan is an enforcer hired to restore order after three dumb guys rob a Mob protected card game, causing the local criminal economy to collapse.",/3WPa43edrQeLRFgXdiLiWnWV34a.jpg
26932,The Island of Dr. Moreau,"A ship-wrecked man floats ashore on an island in the Pacific Ocean. The island is inhabited by a scientist, Dr. Moreau, who in an experiment has turned beasts into human beings.",/q5kWAWxb3eWCkxFNT6WCipAnpQe.jpg
33630,Vivacious Lady,College town life gets turned upside down after a button-down botany professor secretly weds a sizzling night-club singer.,/xyCdblCxFRpaxpHg5RnFXgGDQ0W.jpg
76464,Something to Sing About,James Cagney has a rare chance to show his song-and-dance-man roots in this low-budget tale of a New York bandleader struggling with a Hollywood studio boss.,/59mhvtSPqE2cnyCl3kBNhHFNZLa.jpg
49688,Johnny 100 Pesos,"Based on real events, 17-year-old Johnny García becomes involved with four older thugs who are planning to rob a money-laundering business masquerading as a video store. As they try to escape, a swarm of exploitative media attention awaits.",/1ecnHYAlNARJU1cktlRRtKaRuUG.jpg
36404,A Trip Down the River,"A stowaway (Stanisław Tym) sneaks aboard a ship departing on a cruise down the Vistula River. The captain takes him for a Communist Party cultural coordinator and the intruder gladly adapts to his new role, immediately setting to work at manipulating the passengers and crew into silly and vaguely humiliating games. Before long, Tym has got everyone under his thumb and created his own comedic dictatorship.",/nUv51I7AZaP6OW2S9XeOJf0Igan.jpg
58455,Dakota,"In 1871, professional gambler John Devlin elopes with Sandra ""Sandy"" Poli, daughter of Marko Poli, an immigrant who has risen to railroad tycoon. Sandy, knowing that the railroad is to be extended into Dakota, plans to use their $20,000 nest egg to buy land options to sell to the railroad at a profit. On the stage trip to Ft. Abercrombie, their fellow passengers are Jim Bender and Bigtree Collins, who practically own the town of Fargo and Devlin is aware that they are prepared to protect the little empire... trying to drive out the farmers by burning their property, destroying their wheat, and blaming the devastation on the Indians. Continuing their journey north on the river aboard the ""River Bird', Sandy and John meet Captain Bounce, an irascible old seafarer. Two of Bendender's henchmen, Slagin and Carp, board the boat and relieve John of his $20,000 at gunpoint. Captain Bounce, chasing the robber's dinghy..",/5T9RTdbbuu6H5MyDMAkzlE5E56z.jpg
10971,A Night to Remember,"The sinking of the Titanic is presented in a highly realistic fashion in this tense British drama. The disaster is portrayed largely from the perspective of the ocean liner's second officer, Charles Lightoller. Despite numerous warnings about ice, the ship sails on, with Capt. Edward John Smith keeping it going at a steady clip. When the doomed vessel finally hits an iceberg, the crew and passengers discover that they lack enough lifeboats, and tragedy follows.",/6fDhJAz6AuYWj3hAnvUL42Xlxfj.jpg
20941,Innocent Voices,"A young boy, in an effort to have a normal childhood in 1980's El Salvador, is caught up in a dramatic fight for his life as he desperately tries to avoid the war which is raging all around him",/78Mo4UFc6QqNhj3cAWseoO9iYqC.jpg
28051,5 Dolls for an August Moon,A group of friends get together in a remote Mediterranean island for a weekend of relaxation. Soon they start turning up dead one by one. The group gets together to determine the identity of the killer amongst them.,/xZFS3RwudBCW3TPVzA7SBWEyAeS.jpg
33994,ivans xtc.,"Update on Leo Tolstoy's ""The Death of Ivan Ilyich,"" set in contemporary Hollywood.",/9QORNzStfqTTbeqCZ2SPwfaI7aw.jpg
60387,Operation Mad Ball,"In this wacky military spoof, Lemmon plays a terminally bored Army private waging a war of wits as he tries to throw a party under the nose of his obnoxious commanding officer.",/pkgAPvromhjtbP06zh5e8R2tb8P.jpg
4203,Women on the Verge of a Nervous Breakdown,"Pepa resolves to kill herself with a batch of sleeping-pill-laced gazpacho after her lover leaves her. Fortunately, she is interrupted by a deliciously chaotic series of events.",/lOehCiqghODNrNBpI1JS76zl6Lx.jpg
652,Troy,"In year 1250 B.C. during the late Bronze age, two emerging nations begin to clash. Paris, the Trojan prince, convinces Helen, Queen of Sparta, to leave her husband Menelaus, and sail with him back to Troy. After Menelaus finds out that his wife was taken by the Trojans, he asks his brother Agamemnom to help him get her back. Agamemnon sees this as an opportunity for power. So they set off with 1,000 ships holding 50,000 Greeks to Troy. With the help of Achilles, the Greeks are able to fight the never before defeated Trojans.",/edMlij7nw2NMla32xskDnzMCFBM.jpg
42801,"Yesterday, Today and Tomorrow","Stories about three very different women and the men they attract. Adelina sells black-market cigarettes in Naples, is married to the unemployed Carmine, and faces a jail sentence. She can avoid it as long as she's pregnant. Several years and seven children later, Carmine is exhausted, so jail looks inescapable as does her contempt for Carmine. In Milan, Anna drives a Rolls, is bored, and picks up a writer. She talks dreamily of running off with him until he dents her car; that gets her emotional attention. Mara, a Roman call girl, turns the head of a naive seminarian, prompting a run-in with his granny and a vow of abstinence. Mara's fizzy lover from Bologna grows impatient.",/dA8d8uAyKKqc2GUf7rKrudbXW3G.jpg
37924,Sweeney Todd,"A BBC adaptation of the Victorian ""penny dreadful"" tale of 18th century ""demon barber"" Sweeney Todd, of Fleet Street, who cuts the throats of unsuspecting clients in his London shop.",/40ntPvTqjqEJlME1AtBEzwVUPHC.jpg
10535,Spy Hard,"The evil Gen. Rancor has his sights set on world domination, and only one man can stop him: Dick Steele, also known as Agent WD-40. Rancor needs to obtain a computer circuit for the missile that he is planning to fire, so Steele teams up with Veronique Ukrinsky, a KGB agent whose father designed the chip. Together they try to locate the evil mastermind's headquarters, where Veronique's father and several other hostages are being held.",/rYIqre2VJvykvXuQSVC0D3Hs4LU.jpg
2612,Mr. Destiny,"Larry Burrows is unhappy and feels powerless over his life. He believes his entire life could have turned out differently had he not missed that shot in a baseball game when was a kid. One night he meets this mysterious man, who could change his fate by offering him that alternative life he always dreamed of. But as Burrows embarks on this journey of self discovery he realises that even this new life has its problems and drawbacks..",/6dgR1qZK3cTx90P8T6pmVCWYyko.jpg
19596,Electric Dreams,"Miles buys himself a state-of-the-art computer that starts expressing thoughts and emotions after a having champagne spilled down on him. Things start getting out of hand when both Miles and Edgar, how the computer calls himself, fall in love with Madeline, an attractive neighbour.",/8wPmd5UothUkQQ8jqjgQOj1DTc9.jpg
7347,Elite Squad,"In 1997, before the visit of the pope to Rio de Janeiro, Captain Nascimento from BOPE (Special Police Operations Battalion) is assigned to eliminate the risks of the drug dealers in a dangerous slum nearby where the pope intends to be lodged.",/soOOLcNFRHCKf1WD6T8psUY5Xgi.jpg
9910,Two for the Money,A former college athlete joins forces with a sports consultant to handicap football games for high-rolling gamblers.,/6Oc8AubEs3YwqBRGi5of8QkLA33.jpg
44027,"My Son, My Son, What Have Ye Done","Brad (Michael Shannon) has committed murder and barricaded himself inside his house. With the help of his friends and neighbours, the cops piece together the strange tale of how this nice young man arrived at such a dark place; Based on a true story, this gripping and unnerving blend of deadpan comedy, melodrama and raw tragedy is fleshed out by an expert cast, including Willem Dafoe and Chloe Sevigny",/jxdXEm2YKWn7ty0KfGwHoyE9dXi.jpg
19614,Fade to Black,"An intimate look at hip-hop artist Shawn Carter, Jay-Z, revealing the multiple Grammy Award winning artist as never before, from his background and rise to fame to the recording of his last album. The film chronicles the legendary concert of Jay-Z's performance at Madison Square Garden in November 2003. In an unprecedented event, a hip-hop artist sold out an arena in only two hours. Nearly one year later, fans and artists alike still reflect on this monumental musical night. The event was a spectacular culmination of Jay-Z's recording career prior to his self-proclaimed retirement from solo performing. Yet this one night also defined a musical generation, showcasing the evolution and reach of the world's most popular music genre. Guest performers included Jay-Z's closest friends and music industry colleagues: Beyoncé, Mary J. Blige, Missy Elliott, R. Kelly, Foxy Brown, Pharrell, and Questlove and The Illadelphonics along with appearances by hip hop icons Damon Dash.",/zOFdRVRQMZRfcXhK3zk3qRi40Xy.jpg
114875,The Dark at the Top of the Stairs,"Robert Preston plays the flip side of his eternally ebullient Professor Harold Hill in Dark at the Top of the Stairs. Preston portrays an early 20th-century harness salesman, fully aware that his product is rapidly becoming obsolete. He tries to compensate for his own lack of self-esteem by cheating on his patient wife Dorothy McGuire; Preston's ""other woman"" is played by Angela Lansbury. Meanwhile, daughter Shirley Knight falls in love with Jewish boy Lee Kinsolving, who kills himself in the face of relentless bigotry.",/8sWNX6K0SXwNoTl8rNehmQhIb4i.jpg
12435,The Nanny Diaries,"A college graduate goes to work as a nanny for a rich New York family. Ensconced in their home, she has to juggle their dysfunction, a new romance, and the spoiled brat in her charge.",/vaARLtfmTHbNpcZycgYLV62M7ye.jpg
10549,Hamlet,"Hamlet, Prince of Denmark, returns home to find his father murdered and his mother remarrying the murderer, his uncle. Meanwhile, war is brewing.",/gApBWTMD5N8UVClI7rcqwf6dIrB.jpg
1656,The Legend of Zorro,"Having spent the last 10 years fighting injustice and cruelty, Alejandro de la Vega is now facing his greatest challenge: his loving wife Elena has thrown him out of the house!  Elena has filed for divorce and found comfort in the arms of Count Armand, a dashing French aristocrat.  But Alejandro knows something she doesn't: Armand is the evil mastermind behind a terrorist plot to destroy the United States.  And so, with his marriage and the county's future at stake, it's up to Zorro to save two unions before it's too late.",/rH3WJbSE3APS1l1hTXZZbz3NVP1.jpg
102809,Disorder,"A ""city symphony"" full of dark humor that weaves together a collage of absurd sounds and events.",/kXoWtTWkonD2CgkdgTEUddanj88.jpg
42787,Lady in a Cage,A woman trapped in a home elevator is terrorized by a group of vicious hoodlums.,/2pkbnIC5aYkMSX8nHKm4dXfDkGX.jpg
10379,Drop Dead Fred,"When Elizabeth returns to her mother's home after her marriage breaks up, she recreates her imaginary childhood friend, Fred, to escape from the trauma of losing her husband and her job. In between the chaos and mayhem that Fred creates, Elizabeth attempts to win back her husband and return to normality.",/skRvltgHJXnFRMfZNOiID6o4UQn.jpg
36832,Born in Flames,"Set ten years after the most peaceful revolution in United States history, a revolution in which a socialist government gains power…",/xxWAroL8UziRciPkQLV7X1Lkz73.jpg
689,The Travelling Players,"This expansive Greek drama follows a troupe of theater actors as they perform around their country during World War II. While the production that they put on is entitled ""Golfo the Shepherdess,"" the thespians end up echoing scenes from classic Greek tales in their own lives, as Elektra (Eva Kotamanidou) plots revenge on her mother (Aliki Georgouli) for the death of her father, and seeks help from her brother, Orestes (Petros Zarkadis), a young anti-fascist rebel.",/n5SL8nyNX8s4VpFv01cysMlQyLh.jpg
9574,Flubber,"Professor Phillip Brainard, an absent minded professor, works with his assistant Weebo, trying to create a substance that's a new source of energy and that will save Medfield College where his sweetheart Sara is the president. He has missed his wedding twice, and on the afternoon of his third wedding, Professor Brainard creates flubber, which allows objects to fly through the air.",/xrbkE6g2myJPLWxNy52yL2MJJHX.jpg
147164,Assassin of the Tsar,"A new doctor from Moscow arrives at a provincial mental institution. His interest is the peculiarities of the psyche of a patient who believes that he is Yakov Yurovsky, the man who assassinated the last Russian tsar. In the course of their conversations it transpires that the patient is a kind of philosopher, not without a gift for suggestion. In a while the doctor himself falls under his patient’s influence: he tends to relive that fatal night of June 16-17, 1918 when, without any investigation or trial, Tsar Nicholas II, who had recently abdicated, was murdered, together with his wife, daughters and incurably ill heir. Soon the doctor realizes that the tragedy of the last Russian tsar is in part his own tragedy, too...",/QFtKvNNmQdWcBpfUNVKUCwlkKd.jpg
121940,Knockout,"Bell decides to follow the footsteps of his father, devoted to boxing to become champion. But not only must fight against his opponents but against a world where it seems that nobody wants to see it succeed.",/thCmiXIZYeK2dtgVCLzJCKphl3p.jpg
11796,The Hairdresser's Husband,"The film begins in a flashback from the titular character, Antoine. We are introduced to his fixation with female hairdressers which began at a young age. The film uses flashbacks throughout and there are frequent parallels drawn with the past. We are unsure what Antoine has done with his life, however we know he has fulfilled his childhood ambition, to marry a haidresser.",/78oCJ9sB7knG4xo145Px8xfzDvo.jpg
13156,Secondhand Lions,"""Secondhand Lions"" follows the comedic adventures of an introverted boy left on the doorstep of a pair of reluctant, eccentric great-uncles, whose exotic remembrances stir the boy's spirit and re-ignite the men's lives.",/tMH0MShJOceh77Vg30OECnFcEzY.jpg
8898,The Headless Woman,"After running into something with her car, Vero experiences a particular psychological state. She realizes she might have killed someone.",/gAW58xbpzAcUstDh3tyaVcJaOET.jpg
1904,Memoirs of a Geisha,"A sweeping romantic epic set in Japan in the years before World War II, a penniless Japanese child is torn from her family to work as a maid in a geisha house.",/rhqL5iuhfwtDnpwMYAY2iuNZbxo.jpg
104,Run Lola Run,"Lola receives a phone call from her boyfriend Manni. He lost 100,000 DM in a subway train that belongs to a very bad guy. She has 20 minutes to raise this amount and meet Manni. Otherwise, he will rob a store to get the money. Three different alternatives may happen depending on some minor event along Lola's run.",/3L8QhF5IkZOnEnBFdpj6GVkkp7d.jpg
29388,High Life,"It's 1983, and hopeless junkie Dick gets an unwelcome visit from the past - his seriously sleazy former cellmate, Bug, to be precise. Bug requires a crash course in the 80s: different music, different drugs, and machines in walls that dispense money. The latter development gives Dick an idea.",/7YLp9jPwTSADvnJnImaVg8ufT5l.jpg
42171,The Infidel,"Based in a London suburb Mahmud Nasir lives with his wife, Saamiya, and two children, Rashid and Nabi. His son plans to marry Uzma, the step-daughter of Egyptian-born Arshad Al-Masri, a so-called 'Hate Cleric' from Waziristan, Pakistan. Mahmud, who is not exactly a devout Muslim, he drinks alcohol, and does not pray five times, but does agree that he will appease Arshad, without whose approval the marriage cannot take place. Shortly thereafter Mahmud, while going over his recently deceased mother's documents, will find out that he was adopted, his birth parents were Jewish, and his name is actually Solly Shimshillewitz.",/vRBLtSmFTQ5Z0OHbGFOmfZnEuwj.jpg
69778,A Good Old Fashioned Orgy,A group of 30-year-olds who have been friends since high school attempt to throw an end-of-summer orgy.,/wQvt4aPXA1fLzJZns1Bawnr0xl4.jpg
41841,Tall Tale,"A young boy draws on the inspiration of legendary western characters to find the strength to fight an evil land baron in the old west who wants to steal his family's farm and destroy their idyllic community. When Daniel Hackett sees his father Jonas gravely wounded by the villainous Stiles, his first urge is for his family to flee the danger, and give up their life on a farm which Daniel has come to despise anyway. Going alone to a lake to try to decide what to do, he falls asleep on a boat and wakes to find himself in the wild west, in the company of such ""tall tale"" legends as Pecos Bill, Paul Bunyan, John Henry and Calamity Jane. Together, they battle the same villains Daniel is facing in his ""real"" world, ending with a heroic confrontation in which the boy stands up to Stiles and his henchmen, and rallies his neighbors to fight back against land grabbers who want to destroy their town.",/g20GsTJ3gDVEt17Z13vXzjJ7RON.jpg
2202,Lassie Come Home,"Hard times came for Carraclough family and they are forced to sell their dog to the rich Duke of Rudling. However, Lassie, the dog, is unwilling to leave the young Carraclough boy and sets out on the long and dangerous journey in order to rejoin him.",/56kDCzHX8nkWZ4hzBb7P6Uh15VH.jpg
98096,Live Music,An animated musical about a Rock n' Roll Guitar that falls in love to the wrong song but ends up with the Violin of his dreams.,
33172,Watchers,"A boy takes in a stray dog, later finding out that its an ultra-intelligent runaway from a genetic research lab. Unknow to him, the dog is being stalked by another escaped creature thats not quite so friendly.",/rTUvFJviHLD6r9MT1ZvZFfnFOsJ.jpg
14646,Family Resemblances,"An upper middle-class French family celebrates a birthday in a restaurant. In one evening and during one meal, family history, tensions, collective and separate grudges, delights, and memories both clash and coalesce.",/82otLNZ5aHMDaBtWUKpj7tBmyQA.jpg
25381,Night Passage,"Grant MacLaine, a former railroad troubleshooter, lost his job after letting his outlaw brother, the Utica Kid, escape. After spending five years wandering the west and earning his living playing the accordion, he is given a second chance by his former boss.",/xmxh0hAydY3TJZ1snHkqWcJyAnr.jpg
19848,The Players Club,"Young single mother Diana struggles to provide for her child and pay for her college education. She ends up working at a shoe store, but meets two strippers from a nearby gentlemen's club who convince her there's fast money to be made stripping. At the Players Club, however, Diana faces danger and heartbreak.",/wcLhljCphk92Pw4j7bjy1RagFEN.jpg
18476,Horsemen,A recently widowed detective still grieving over his wife's death discovers a shocking connection between himself and the suspects in a serial killing spree linked to the Four Horsemen of the Apocalypse.,/dvbXO2IzX3A2ujEa2ROB3spgO7d.jpg
54195,It Happened Here,"It is the Second World War. The Nazis have invaded Britain. There is a split between the resistance and those who prefer to collaborate with the invaders for a quiet life. The protagonist, a nurse, is caught in the middle.",/ea8dckRzJTiZdaxnehYhIhaKPx0.jpg
40171,Woochi : The Demon Slayer,"""Woochi"" begins in the Chosun Dynasty in 1509 and involves a trio of Taoist wizards, a magician named Jeon Woo Chi and his dog turned man, a corrupt king, evil goblins, and a prophetic pipe everyone is after. Eventually Jeon Woo Chi becomes sealed inside an ancient scroll for a crime he did not commit.Jumping ahead to the year 2009, the wizards are called out of peaceful retirement as goblins start appearing in modern Korea to wreak havoc all around. The trio call on Jeon Woo Chi, who is released from his ancient scroll entrapment, in to save the day. Problem is Jeon Woo Chi, a kind of anti-superhero, becomes more interested in sight-seeing and womanizing in modern day Korea.",/3oGuv651I03RtLrlBRwn9sClaaN.jpg
26500,Turn Left at the End of the World,"The year is 1968. To a small town in the south of Israel, mostly inhabited by Moroccan immigrants, a few families from India arrive, searching for a better life in the west. The instinct driven Moroccans patronize the ""black"" Indians, while the quiet Indians see the Moroccans as Ignorant and coarse. In this cultural war two girls, Moroccan and Indian, discover the sexual revolution of the 60's.",/qd1IeKUetincvLQcQkOy95Epp3b.jpg
6075,Carlito's Way,"A Puerto-Rican ex-con, just released from prison, pledges to stay away from drugs and violence despite the pressure around him and lead on to a better life outside of NYC.",/tGPqPHuOCbyFxwllrYgKkPDu9xB.jpg
53651,Hangman's Knot,"In 1865, a troop of Confederate soldiers led by Major Matt Stewart attack the wagon of gold escorted by Union cavalry and the soldiers are killed. The only wounded survivor tells that the war ended one month ago, and the group decides to take the gold and meet their liaison that knew that the war ended but did not inform the troop. The harsh Rolph Bainter kills the greedy man and the soldiers flee in his wagon driven by Major Stewart. When they meet a posse chasing them, Stewart gives wrong information to misguide the group; however, they have an accident with the wagon and lose the horses. They decide to stop a stagecoach and force the driver to transport them, but the posse returns and they are trapped in the station with the passenger. They realize that the men are not deputies and have no intention to bring them to justice but take the stolen gold.",/ifpv8Tyxg4h33HrkkeDSpBr37ki.jpg
28212,La Vie de Bohème,"Three penniless artists become friends in modern-day Paris: Rodolfo, an Albanian painter with no visa, Marcel, a playwright and magazine editor with no publisher, and Schaunard, a post-modernist composer of execrable noise.",/z7SpdsjLFQUEmHUDjWiqA9bI8Jm.jpg
15397,I Am David,"Based on Anne Holm's acclaimed young adult novel North to Freedom, I Am David chronicles the struggles of a 12-year-old boy (Ben Tibber) who manages to flee a Communist concentration camp on his own -- through sheer will and determination. All he has in his possession is a loaf of bread, a letter to deliver to someone in Denmark and a compass to help get him there.",/l3W33iOapTaHA4ZxX0vECBfPyoG.jpg
55086,Old Acquaintance,"Old friends Kit Marlowe and Millie Drake adopt contrasting lifestyles: Kit is a single, critically acclaimed author while married Millie writes popular pulp novels.",/wbjuyCnBYDwoknecOf36t6ghKx.jpg
37607,Some Kind of Hero,"A Vietnam vet returns home from a prisoner of war camp and is greeted as a hero, but is quickly forgotten and soon discovers how tough survival is in his own country.",/8tQshz7WRy2Zm1QxYGQei28Eqyw.jpg
38226,Moonbase,The most dangerous criminals in the universe escape from the Off-World Penitentiary and stow away to the quiet Moonbase Waste Disposal Plant. Hidden beneath the lunar surface lies an arsenal of nuclear warheads- the inmates' passport home to earth. Moonbase Commander John Russell launches a desperate fight to save his crew from a force capable of laying waste to an entire planet.,/6sffceAd8SzDLRIX9LMhNhio03J.jpg
3469,Far from the Madding Crowd,"Bathsheba Everdine, a willful, flirtatious, young woman, unexpectedly inherits a large farm and becomes romantically involved with three widely divergent men.",/9ZVEK7bbcyZ18gNdpzh6suhAXZt.jpg
8868,Asterix vs. Caesar,"Obelix falls for a new arrival in his home village in Gaul, but is heartbroken when her true love arrives to visit her. However, the lovers are kidnapped by Romans; Asterix and Obelix set out to rescue them on a dangerous journey that will involve gladiators, slavers and beauracracy - and a personal encounter with the Emperor himself, Julius Caesar...",/mGItmlNRLWnZde2f7qsXGWTxaUC.jpg
2778,Clifford,"When his brother asks him to look after his young son, Clifford, Martin Daniels agrees, taking the boy into his home and introducing him to his future wife, Sarah. Clifford is fixated on the idea of visiting a famed theme park, and Martin, an engineer who helped build the park, makes plans to take him. But, when Clifford reveals himself to be a first-rate brat, his uncle goes bonkers, and a loony inter-generational standoff ensues.",/w7H47l6scZ0JWxfD3CNxpZrb7SV.jpg
11905,The Company of Wolves,"A bag full of symbolic folklore about werewolves, or, rather, their sexual connotation. Granny tells her granddaughter Rosaleen strange, disturbing tales about innocent maidens falling in love with handsome, heavily eyebrowed strangers with a smoldering look in their eyes; about sudden disappearances of spouses when the moon is round &amp; the wolves are howling in the woods",/eWZSDqED1KEg92W9auAdoK75SL6.jpg
2762,Young and Innocent,"Derrick De Marney finds himself in a 39 Steps situation when he is wrongly accused of murder. While a fugitive from the law, De Marney is helped by heroine Nova Pilbeam, who three years earlier had played the adolescent kidnap victim in Hitchcock's The Man Who Knew Too Much. The obligatory ""fish out of water"" scene, in which the principals are briefly slowed down by a banal everyday event, occurs during a child's birthday party. The actual villain, whose identity is never in doubt (Hitchcock made thrillers, not mysteries) is played by George Curzon, who suffers from a twitching eye. Curzon's revelation during an elaborate nightclub sequence is a Hitchcockian tour de force, the sort of virtuoso sequence taken for granted in these days of flexible cameras and computer enhancement, but which in 1937 took a great deal of time, patience and talent to pull off. Released in the US as The Girl Was Young, Young and Innocent was based on a novel by Josephine Tey.",/8teH96d4Hcg1BWwCePXcuHrcYxw.jpg
14703,The Night of the Iguana,Drama while a tour bus driver shows church ladies around Mexico. Helped establish Puerto Vallarta as tourist destination.,/kgaHjKgfg2cs6mg9zFz5q7DgC0B.jpg
47104,Through the Olive Trees,"The movie focuses on one of the events in Zendegi Edame Darad (1992), and explores the relationship between the movie director, and the actors. The local actors play a couple who got married right after the earthquake. In reality, the actor is trying to persuade the actress that they should get married.",/b0Bf2Y5ERHHdJBBaEnmB1a8M6gA.jpg
16729,Don't Move,"While waiting for the brain surgery of his daughter Angela, victim of a motorcycle accident, the surgeon Timoteo recalls his torrid affair with and passion for Italia, a simple woman from slums in the periphery of the big city where he lives. The ghost of the beloved and sexual object of desire Italia chases him in his memories.",/6WDiBc3i0wMmu0gMRd4GmaohrH5.jpg
49527,Man on a Ledge,"An ex-cop turned con threatens to jump to his death from a Manhattan hotel rooftop. The NYPD dispatch a female police psychologist to talk him down. However, unbeknownst to the police on the scene, the suicide attempt is a cover for the biggest diamond heist ever pulled.",/ssl4ZcThbMtEPNBEXmWpSgtT9xK.jpg
24458,The Age of Stupid,"The Age of Stupid is the new movie from Director Franny Armstrong (McLibel) and producer John Battsek (One Day In September). Pete Postlethwaite stars as a man living alone in the devastated future world of 2055, looking at old footage from 2008 and asking: why didn’t we stop climate change when we had the chance?",/pbY7CxwXQ6MnVqilWb6paDJqJQ5.jpg
11891,Kung Pow: Enter the Fist,"A movie within a movie, created to spoof the martial arts genre. Writer/director Steve Oedekerk uses contemporary characters and splices them into a 1970s kung-fu film, weaving the new and old together.
 As the main character, The Chosen One, Oedekerk sets off to avenge the deaths of his parents at the hands of kung-fu legend Master Pain. Along the way, he encounters some strange characters",/yB9bESCHpp2iHUGuTC2Rc74Wdff.jpg
18992,My Friend Flicka,"Ken McLaughlin (Roddy McDowall) is a precocious 10-year-old who lives with his family on a remote Wyoming ranch. When Ken returns home from school with failing grades, his father, Rob (Preston Foster), blames the boy's lack of personal responsibility. At the suggestion of his wife, Nell (Rita Johnson), Rob allows Ken to choose a single colt from the herd to raise as his own. Much to his father's dismay, Ken chooses a fiery mustang filly -- but the two soon become fast friends.",/3vKWScdFxLbsJtS6MVTfYY1qIa3.jpg
24499,Scar,"Joan Burrows returns to her hometown for her niece's graduation, only to be confronted by the serial killer she thought she offed years ago -- after he kidnapped and tormented her and her best friend.",/riJvMCzoFi9bTQy42kRCpzZZ67n.jpg
21887,The Great Santini,"As he approaches manhood, Ben Meechum struggles to win the approval of his demanding alpha male father, an aggressively competitive, but frustrated marine pilot.",/4E6D7mUvoZXP12xgozoO9DuqguJ.jpg
54635,When Ladies Meet,"Mary, a writer working on a novel about a love triangle, is attracted to her publisher. Her suitor Jimmy is determined to break them up; he introduces Mary to the publisher's wife without telling Mary who she is.",/1WiFAm0LmbwfPGDguyrOjcbQOne.jpg
89158,The President's Lady,"The story of president Andrew Jackson from his early years, through his meeting with and subsequent marriage to Rachel Donelson Robards. The plot concentrates on the later scandal concerning the legality of their marriage and how they overcame the difficulties.",/ehhmimRNLSoXyVaxkxJupF1qpPS.jpg
14710,The Westerner,"Drifter Cole Harden is accused of stealing a horse and faces hanging by self-appointed Judge Roy Bean, but Harden manages to talk his way out of it by claiming to be a friend of stage star Lillie Langtry, with whom the judge is obsessed, even though he has never met her. Tensions rise when Harden comes to the defense of a group of struggling homesteaders who Judge Bean is trying to drive away.",/9gbMN4FIz9eSofSYCuinMcN4j1M.jpg
21864,Wyvern,The residents of a small Alaskan town find themselves under attack by a flying reptile known in medieval mythology as a Wyvern. It has thawed from its ancient slumber by melting icecaps caused by global warming.,/g83Dndkp3xFZkTXBZBF89mF6MP2.jpg
1992,Planet Terror,"Two doctors find their graveyard shift inundated with townspeople ravaged by sores. Among the wounded is Cherry, a dancer whose leg was ripped from her body. As the invalids quickly become enraged aggressors, Cherry and her ex-boyfriend Wray lead a team of accidental warriors into the night.",/7Yjzttt0VfPphSsUg8vFUO9WaEt.jpg
149687,The Perils of Pauline,"Funloving Pearl White, working in a garment sweatshop, gets her big chance when she ""opens"" for a delayed Shakespeare play...with a comic vaudeville performance. Her brief stage career leads her into those ""horrible"" moving pictures, where she comes to love the chaotic world of silent movies, becoming queen of the serials. But the consequences of movie stardom may be more than her leading man can take",/uSu4ztCcnSE50cvMCZdbpxkkFLg.jpg
13710,The Merry Widow,"Anne-Marie vient de perdre son mari dans un accident de voiture. Elle est enfin libre d'aimer celui qu'elle voit en cachette depuis deux ans. Mais elle n'a pas prévu que sa famille, pétrie de bons sentiments, a décidé de rester à ses côtés pour la soutenir dans son chagrin. Anne-Marie se retrouve alors encore plus prisonnière que lorsqu'elle était mariée ...",/6EulJy49XifXp4xi94GAnZEFYUt.jpg
15876,The Enemy Below,"The American destroyer escort, the USS Haynes commanded by Robert Mitchum, detects a German U-Boat, commanded by Curt Jürgens, resulting in a prolonged, deadly battle of wits.",/8bmK6JpkMBI5CHiOY5GeOq29mUL.jpg
14772,The Memory Keeper's Daughter,"During a blizzard in 1964, Dr. David Henry delivers his son Paul with the help of nurse Caroline. But when Henry realizes his wife is also carrying a girl with Down syndrome, he hands the second child over to Caroline without his wife's knowledge. Henry's fateful decision yields grave consequences for his family over the next 20 years.",/6B21iTRhPCbdrLwyZZyybCOpvWE.jpg
22105,Danika,"The story follows Danika, a woman whose fears for her children are manifested in premonitions of death and disaster. Bierko plays Tomei's husband, while Hall is her psychiatrist and confidant.",/1GCcUpTfpa1QnJSWdCPCuiy4v5D.jpg
56969,Tere Naam,"Lower Caste Radhey Mohan is a no good slacker, who is always picking fights and getting himself and his friends in trouble. One day he sees upper caste Nirjala, and is instantly attracted to her. When Nirjala comes to know about him, she is also attracted to him. The problems arise when marriage is proposed with Radhey, as Nirjala's family with have nothing to do with a lower caste groom, and they arrange Nirjala's marriage with Rameshwar, a young man from their caste. Radhey is arrested and imprisoned in a prison for the mentally unstable, where is chained to a wall, while Nirjala must undergo preparations to get married to Rameshwar.",/xNH5HVOc6U7qMPh9pbUWJxzROZm.jpg
4250,Pornorama,A free-wheeling chronicle of the Munich sex film industry in the 1970s.,/2e1ukVRzmuudlbfNdGtslF07zoS.jpg
84334,Searching for Sugar Man,"Two South Africans set out to discover what happened to their unlikely musical hero, the mysterious 1970s rock 'n' roller, Rodriguez. The film won Best Documentary at the 85th Academy Awards.",/7Jr5J3pdgEnQymHNge20XUM3YlV.jpg
51759,The Love Parade,"The queen of mythical Sylvania marries a courtier, who finds his new life unsatisfying.",/s94JJxn8z8SZAT8nfFqNSJUqBIi.jpg
4997,Wonderland,"On the afternoon of July 1, 1981, Los Angeles police responded to a distress call on Wonderland Avenue and discovered a grisly quadruple homicide. The police investigation that followed uncovered two versions of the events leading up to the brutal murders - both involving legendary porn actor John Holmes. You're about to experience both versions.",/b1BlGu3cZxDSBwEMG77pAxH41VF.jpg
48752,2012: Time for Change,2012: Time For Change is a documentary feature that presents ways to transform our unsustainable society into a regenerative planetary culture. This can be achieved through a personal and global change of consciousness and the systemic implementation of ecological design.,/kE5SAdIVTTDhefwzek81laEDaxT.jpg
9980,Maximum Overdrive,"When a comet passes close to the earth, machines all over the world come alive and go on homicidal rampages. A group of people at a desolate truck stop are held hostage by a gang of homicidal 18-wheelers. The frightened people set out to defeat the killer machines ... or be killed by them.",/lgNXAQ1TlKEKzssbjcc5iEhs8mi.jpg
34282,Whistle Down the Wind,"When an injured wife murderer takes refuge on a remote Lancashire farm, the owner’s three children mistakenly believe him to be the Second Coming of Christ.",/9DXz397KAzSrYmA7OPu6gO4dKGb.jpg
20357,Trauma,"Awaking from a coma to discover his wife has been killed in a car accident, Ben's world may as well have come to an end. A few weeks later, Ben's out of hospital and, attempting to start a new life, he moves home and is befriended by a beautiful young neighbour Charlotte. His life may be turning around but all is not what it seems and, haunted by visions of his dead wife, Ben starts to lose his grip on reality.",/ikhBWw8kOQfhb4fez0GQciQNnJv.jpg
53204,Amazing Journey: The Story of The Who,"A documentary on The Who, featuring interviews with the band's two surviving members, Pete Townshend and Roger Daltrey.",/blxTQo6yRnvOwTAudKMrDZFZde0.jpg
66110,Fall from Grace,"The shocking story of Rev. Fred Phelps, the Westboro Baptist Church, those who oppose it, and those who chose to leave it all behind. The first feature-length documentary to explore the hate-filled world of Rev. Fred Phelps and his Westboro Baptist Church of Topeka, KS. Since the mid-90s, this group has participated in nearly 25,000 anti-homosexual demonstrations around the world. With signs that say things like ""God hates fags,"" ""You're going to Hell,"" ""Thank God for 9/11,"" ""God hates your tears,"" ""Thank God for dead soldiers,"" the small congregation of 75 members has garnered international attention, especially now that they have targeted military funerals as a venue for their picketing. 'Fall From Grace' features interviews with Rev. Phelps, other members of the church, many of its dissenters, and two members that left the church and their family behind. Written by KRJ",/AilOPmFEOmWOC6vmPOzPWWM5Wfl.jpg
151138,The Visit,"Carla Zachanassian had a child by Serge Miller as a teenager. When Serge refused to marry her, she was driven out of town. By her own wit and cunning, she has returned as a multi-millionaire for a visit. The town lays out the red carpet expecting big things from Carla, only to learn that her sole purpose is to see Serge Miller killed...",/6VESwh2OOlmhPVlRsXYH3XytVps.jpg
57946,Margaret Cho: Notorious C.H.O.,"A film of Margaret Cho's one-woman stand-up show, in which she presents her take on modern sexual topics and minority issues. Filmed live.",/j2iwt8ohVxezOO00ACX8NqcNvlk.jpg
46758,Richard III,"Shakespeare's tragedy of the hump-backed Duke of Gloucester, who rises to the throne of England by chicanery, treachery, and brilliance, only to find that his own methods have prepared the groundwork for his downfall.",/zM9IT7IeUJ2pY42vx8OhUgklVMu.jpg
14223,Wind Chill,"Two college students share a ride home for the holidays. When they break down on a deserted stretch of road, they're preyed upon by the ghosts of people who have died there.",/pEVChTdLzgXO1fBvlSYFsukWlP4.jpg
11332,8 ½ Women,"After the death of his wife, wealthy businessman Philip Emmenthal and his son Storey open their own private harem in their family residence in Geneva (they get the idea while watching Federico Fellini's 8½ and after Storey is ""given"" a woman, Simato (Inoh), to waive her pachinko debts). They sign one-year contracts with eight (and a half) women to this effect. The women each have a gimmick (one is a nun, another a kabuki performer, etc.). Philip soon becomes dominated by his favourite of the concubines, Palmira, who has no interest in Storey as a lover, despite what their contract might stipulate. Philip dies, the concubines' contracts expire, and Storey is left alone with Giulietta (the titular ""½"", played by Fujiwara) and of course the money and the houses.",/9HXeaaFjiNYkkEHmbjnBFfgbqwp.jpg
110351,Thérèse: The Story of Saint Thérèse of Lisieux,"The mesmerizing story of a young girl's romance with God. Her faith, trials, and sacrifices reveal a way of life based on love and simplicity. A contemplative film based on the true story of Saint Therese of Lisieux, the most popular saint of modern times.",/pBMpUA6L1yJGnFCxfdRxtqmba1B.jpg
1563,Sunless,"""He wrote me..."" A woman narrates the thoughts of a world traveler, meditations on time and memory expressed in words and images from places as far-flung as Japan, Guinea-Bissau, Iceland, and San Francisco.",/3L5sW2hGHQmNfVBdOsonSfGzSrN.jpg
10235,Alexander Nevsky,"It is the 13th century, and Russia is overrun by foreign invaders. A Russian knyaz', or prince, Alexander Nevsky, rallies the people to form a ragtag army to drive back an invasion by the Teutonic knights. This is a true story based on the actual battle at a lake near Novgorod.  Soviet film-maker Sergei Eisenstein's only successfully-completed sound film project with producer acceptance, it was none-the-less pulled from release upon Josef Stalin's disastrous signing of the ""peace pact"" with the Third Reich just a few weeks after its premiere; but it was quickly put back into distribution when the Germans (also disastrously) decided to invade the USSR, pact or no pact, a few months later and it has remained an acclaimed example of Soviet film to the present time.",/nbb1SCNimACNe77874JJBQL2MUb.jpg
34276,First Men in the Moon,"Based on the HG Wells story. The world is delighted when a space craft containing a crew made up of the world's astronauts lands on the moon, they think for the first time. But the delight turns to shock when the astronauts discover an old British flag and a document declaring that the moon is taken for Queen Victoria proving that the astronauts were not the first men on the moon.",/gulDAVj2urfKPhWLzLvWOUC6NDc.jpg
19105,Iron Maiden: Flight 666,"A chronological account of the heavy metal band Iron Maiden's 2008 world tour through India, Australia, Japan, USA, Canada, Mexico and South America in a jet piloted by the band's front man, Bruce Dickinson. Features interviews with the musicians, their road crew and fans.",/uQomOM1emV0uGM50EYg4R9HxlYH.jpg
94548,The Capture of Bigfoot,"A series of killings occur, with no suspects, the locals soon decide that Bigfoot is responsible.",/6iK8OS6LRst7M5XcPLKpDvyZsYR.jpg
43549,The Experiment,20 men are chosen to participate in the roles of guards and prisoners in a psychological study that ultimately spirals out of control.,/kW6vfjG2HnXj3kaBMu2BRLkRlkq.jpg
15527,Otis,"After being captured and tortured by the psychopath Otis, teen cheerleader Riley Lawson escapes and informs her parents, who quickly sidestep sluggish FBI agents and take matters into their own hands. But the Lawsons' revenge plan hits a snag when Otis's unusual brother enters the picture.",/1Y4Foe8frm5ijZnqM3NYKOGMzhl.jpg
464,As It Is in Heaven,A musical romantic tragedy about a famous composer who moves back to his small hometown after having had heart troubles. His search for a simple everyday life leads him into teaching the local church choir which is not easily accepted by the town yet the choir builds a great love for their teacher.,/86c6dJecxlptDUtfkAHcyxeWkNQ.jpg
48524,Too Beautiful for You,"A car dealer, well-to-do and with a beautiful wife, finds himself attracted to his rather plain new temporary secretary. Despite her own commitments she feels the same and the two soon embark on an affair. Though it would seem it has happened before his wife finds this particular entanglement of her husband's very difficult to accept.",/gOY3XbEIZ2VmVtPNu6cDiNmrP6L.jpg
64524,Nightmare,"Janet is a young student at a private school; her nights are troubled by horrible dreams in which she sees her mother, who is in fact locked in an insane asylum, haunting her. Expelled because of her persistent nightmares, Janet is sent home where the nightmares continue.",/aarbDuehvIpbFwCdzf5m3SG1VKC.jpg
85837,Detroit 9000,"After a fundraiser for a black politician is robbed, Detroit police put two detectives, one white and one black, on the case, who try to work together under boiling political pressure.",/kDrblsZBZCbDgmcYRPNMMDwNZ8e.jpg
19082,No Direction Home: Bob Dylan,"A chronicle of Bob Dylan's strange evolution between 1961 and 1966 from folk singer to protest singer to ""voice of a generation"" to rock star.",/jNTmUqA21koqouZh5A3QP4HD3Ld.jpg
109572,Lupin the Third: Episode 0: First Contact,"A reporter asks Jigen to tell how he met Lupin and the rest of the gang. He tells of when he was hired by a millionaire named Galvez to help guard the Clam of Helmeth, a green cylinder made of unbreakable metal. The cylinder contained instructions on how to forge a metal similar to the one that composed it. The Clam has also gained the attentions of Lupin, a fellow thief named Brad, and Brad's partner, Fujiko.  Brad manages to steal the Clam, but is murdered by Galvez' henchman, Shade. Lupin and Fujiko now have possession of it, but no means to open it. Meanwhile, Inspector Zenigata has been dispatched by the Japanese police to hunt down and arrest Fujiko. He is paired with George McFly, an American detective who is his only resource. And on the other side of the world, Goemon is seeking a sword worthy of his skills.  The key to opening the Clam of Helmeth is now the focus of everyone's efforts, but who will come across it first?",/6TtREhh5xEbGkFi90kUBOqW9F1W.jpg
32050,The Black Windmill,"A British agent's son is kidnapped and held for a ransom of diamonds. The agent finds out that he can't even count on the people he thought were on his side to help him, so he decides to track down the kidnappers himself.",/A0B6MdCbxPbotliIJwotFb8dINH.jpg
28172,Blood Feast,"In the sleepy suburbs of Miami, seemingly normal Egyptian immigrant Fuad Ramses (Mal Arnold) runs a successful catering business. He also murders young women and plans to use their body parts to revive the goddess Ishtar. The insane Ramses hypnotizes a socialite in order to land a job catering a party for her debutante daughter, Suzette Fremont (Connie Mason), and turns the event into an evening of gruesome deaths, bloody dismemberment and ritual sacrifice.",/bH2GAITqQeJZsJPQBLhZXOlfjkH.jpg
40365,The Blood Spattered Bride,"A young husband's sexual fantasies frighten his new wife and cause her to seek advice from Carmilla, a descendent of Mircalla de Karnstein. Carmilla seduces the young bride and forces her to commit gory acts of mutilation.",/87g4ediyCcrGcsiqvGtLxeparYz.jpg
52998,El Dorado,"The story of an expedition down the Orinoco and Amazon rivers in 1560 by Spanish soldiers searching for the fabled city of gold, El Dorado.",/rYLR2fgcC1XJEHAX7qiAtwQBZDb.jpg
43236,Peyton Place,"Grace Metalious' once-notorious bestseller Peyton Place is given a lavish -- and necessarily toned-down -- film treatment in this deluxe 20th Century-Fox production.  Set during WWII, the film concentrates on several denizens of the outwardly respectable New England community of Peyton Place.  Top-billed Lana Turner plays shopkeeper Constance McKenzie, who tries to make up for a past indiscretion -- which resulted in her illegitimate daughter Allison (Diane Varsi) -- by adopting a chaste, prudish attitude towards all things sexual.  In spite of herself, Constance can't help but be attracted to handsome new teacher Michael Rossi (Lee Philips).  Meanwhile, the restless Allison, who'd like to be as footloose and fancy-free as the town's ""fast girl"" Betty Anderson (Terry Moore), falls sincerely in love with mixed-up mama's boy Norman Page (Russ Tamblyn).",/hD4vMxAdAL238tpC4oYJNAYRa33.jpg
61813,Dream Man,"Kris is a homicide cop with psychic abilities. She works to prove that the prime suspect in her latest case (the much younger husband of the millionaire victim) is innocent. But are her visions true, or planned by someone who knows what she can see?",/7JbvfOA2hnWkSIJslAayK0AemDU.jpg
2261,Wattstax,Wattstax is the 1973 documentary film about the Afro-American Woodstock concert held in Los Angeles seven years after the Watts riots. Director Mel Stuart mixes footage from the concert with footage of the living conditions in the current day Watts neighborhood. The film won the Golden Globe for Best Documentary Film.,/1AIpkJ71cNb0soBWdTUWaK3OLFj.jpg
11662,Casshern,"Fifty years of war between the Great Eastern Federation and Europa - now merged as Eurasia - have taken their toll on planet Earth. As a result of the use of biological, chemical and nuclear weapons, much of Earth has become uninhabitable and people have become prey to new diseases. Professor Azuma's ""neo-cell"" project, which is supposed to be the answer to mankind's hardships, becomes a nightmare come true when mutants spawned from the experiment escape and declare war on the human race. Azuma's son Tetsuya, who was killed during the previous war, is reborn into the cyborg Casshern as mankind's last hope against the new mutant threat. This live-action sci-fi movie based on a 1973 Japanese animé of the same name.",/nFjFYXATw8TCKeaqHkC6DScq2xa.jpg
3638,No Reservations,"Master chef Kate Armstrong runs her life and her kitchen with intimidating intensity. However, a recipe for disaster may be in the works when she becomes the guardian of her young niece while crossing forks with the brash sous-chef who just joined her staff. Though romance blooms in the face of rivalry, Kate needs to look outside the kitchen to find true happiness.",/qBVLHY48fwij7T8iViqpAG7fU2q.jpg
14594,The Thin Man Goes Home,"Nick and Nora go on holiday, and end up involved in a murder.",/du4TzqmTLfRdPtnqKlXH7HSFHQV.jpg
19155,Before the Rain,"The circularity of violence seen in a story that circles on itself. In Macedonia, during war in Bosnia, Christians hunt an ethnic Albanian girl who may have murdered one of their own. A young monk who's taken a vow of silence offers her protection. In London, a photographic editor who's pregnant needs to talk it out with her estranged husband and chooses a toney restaurant.",/aIll5MvOZmUCmiwuGWMlaHRj2gj.jpg
31512,Memories of Matsuko,"While combing through the belongings of his recently deceased aunt, Matsuko, nephew Sho pieces together the crucial events that sank Matsuko's life into a despairing tragedy.",/vth8KWUHl1d9zdpvxQ34YZvVt8g.jpg
9300,Orlando,"In 1600, nobleman Orlando inherits his parents' house, thanks to Queen Elizabeth I, who commands the young man to never change. After a disastrous affair with Russian princess Sasha, Orlando looks for solace in the arts before being appointed ambassador to Constantinople in 1700, where war is raging. One morning, Orlando is shocked to wake up as a woman and returns home, struggling as a female to retain her property as the centuries roll by.",/lFToTOQuwKrN72MHyhhuVdNC8L4.jpg
3001,How to Steal a Million,A woman must steal a statue from a Paris museum to help conceal her father's art forgeries.,/iwvS2LwATS6vNI0WqZbEc81BOql.jpg
26426,A Show of Force,"In this thriller, television reporter Kate Ryan de Meléndez investigates the death of two radical Puerto Rican activists, whom she begins to believe may have been framed and murdered by undercover American agents.",/zefbVwraE1dJbkJEvlErhSaoVSQ.jpg
32612,The Traveler,"On a dark Christmas Eve in a small town, the lone Sheriffs on the night shift encounter a mysterious man who goes by the name of Mr. Nobody. As the night progresses, the Sheriffs discover that this isn't just a nobody, but a vengeful killer whose past threatens to haunt them all.",/7vZ2C66SwastgmQKJ1wC41F2WFK.jpg
34574,Nadja,"This ultra-hip, post-modern vampire tale is set in contemporary New York City. Members of a dysfunctional family of vampires are trying to come to terms with each other, in the wake of their father's death. Meanwhile, they are being hunted by Dr. Van Helsing and his hapless nephew. As in all good vampire movies, forces of love are pitted against forces of destruction.",/bRz2J0jlMgczJptX0Atzo9l70Bd.jpg
42684,Skyline,"When strange lights descend on the city of Los Angeles, people are drawn outside like moths to a flame where an extraterrestrial force threatens to swallow the entire human population off the face of the Earth. Now the band of survivors must fight for their lives as the world unravels around them.",/AdadT2HuwHkYWxbzme4QP77M6Wt.jpg
14683,The Nine Lives of Fritz the Cat,"Fritz, now married and with a son, is desperate to escape from the domestic hell he now finds himself in. Lighting up a joint, he begins to dream about his eight other lives, hoping to find one that will provide a pleasant distraction.",/rKBbhGqRWnyfQtxAmCyjkWHevgO.jpg
69166,A Perfect Fake,Myths and stories abound that speak to man's desire to bring life to inanimate matter. A Perfect Fake looks at the persistence of these myths in modern times and takes us into the world of men who have chosen to reject the reality of human sexual companionship in order to pursue emotional and physical bonds with a variety of erotic surrogates. This film examines the emerging market for hyper-realistic simulations of real women through computer-generated virtual pornography and erotica. A Perfect Fake also delves into the disturbing world of men who share their lives with life-sized female love dolls.  A Perfect Fake is a compelling study of how new technologies extend age-old human desires for gratification and control.,/dtfkMbq11JmtxN677XGx7bB1bVQ.jpg
21317,Paramore: The Final Riot!,"'The Final RIOT!' is a live CD and DVD that documents the band in their most intimate moments on tour. On top of the all access documentary footage, an entire 15 song live set was filmed at the Chicago stop of The Final RIOT! Tour, for what the band has called their 'best show ever.' Join millions of Paramore fans around the world as they experience 'The Final RIOT!'",/iweHmyQK8d5IAAkXn8Rm6Iu6Un2.jpg
43491,Rhapsody in Blue,Fictionalized biography of George Gershwin and his fight to bring serious music to Broadway.,/pciU4si8BJCgxPUVoIsENDgQrEl.jpg
51792,Aerial Gunner,Old rivals are pitted against each other in basic training and fight for the same woman.,/61P607cH13gK53v9A1nj4coaoz5.jpg
12475,In the Army Now,"Bones Conway and Jack Kaufman didn't really know what they were in for when they enlisted in the U.S. Army; they just wanted to get a job and make some money. But these new recruits are so hapless, they run the risk of getting kicked out before their military careers even begin. Soon, though, they're sent to the Middle East to fight for their country -- which they manage to do in their own wacky ways.",/j7306D476K6bIKKatGL7tLC26ro.jpg
17182,Eye for an Eye,"It's fire and brimstone time as grieving mother Karen McCann takes justice into her own hands when a kangaroo court in Los Angeles fails to convict Robert Doob, the monster who raped and murdered her 17-year-old daughter.",/y2lZSdJ1o0VvLegTw3ad6KFtxra.jpg
17180,Princess Blade,"Yuki is the last surviving royal of the House of Takemikazuchi or Takemikazuchi no Hime (たけみかずち　の　ひめ), who live in a futuristic post-apocalyptic isolationist world where they use their skills as former Mikado guards to become hired assassins. The wise old sage Kuka, who was once Yuki's mother's bodyguard, gives Yuki information that changes her life—and her destiny. She discovers that Byakurai has a dangerous connection to Yuki.  After learning this information she chooses to leave the House of Takemikazuchi. She soon encounters Takashi, leader of the rebel movement, who offers Yuki a chance at revenge—and perhaps love. They soon discover similarities for they are both trying to escape the past to start new lives....",/4I83Cct1PZJCV9iZ78Ee0RtafMz.jpg
45759,Helter Skelter,"A new take on the Manson Family murders, with a keen focus on Charles Manson himself.",/mNJMBEiDKTaJVtrpws9JqGnTXqb.jpg
59045,Ro.Go.Pa.G.,"This consists of four short films by different directors. Rosselini's 'Chastity' ('Illibatezza') deals with an attractive air hostess who receives the unwelcome attentions of a middle aged American. Godard's 'New World' ('Il Nuovo Mondo') illustrates a post-apocalypse world the same as the pre-apocalyptic one but for an enigmatic change in attitude in most people, including the central character's girlfriend. In Pasolini's 'Curd Cheese' ('La Ricotta'), a lavish film about the life of Jesus Christ is being made in a poor area. The impoverished people subject themselves to various indignities in the name of moviemaking in order to win a little food. The central character is hoisted up on a cross for filming, and dies there. Finally comes Gregoretti's 'Free Range Chicken' ('Il Pollo Ruspante') in which a family of the materialist culture inadvertantly illustrate the cynical, metallic voiced doctrine of a top sales theorist.",/6SMfpb6jpGXnr1EuqC6VPMRjIAo.jpg
36676,Jonestown: The Life and Death of Peoples Temple,"Featuring never-before-seen footage, this documentary delivers a startling new look at the Peoples Temple, headed by preacher Jim Jones who, in 1978, led more than 900 members to Guyana, where he orchestrated a mass suicide via tainted punch.",/aS3YuTg36vSO4GHXcWWYLHC8Jm9.jpg
58589,Metal Gear Solid: Philanthropy,"METAL GEAR SOLID PHILANTHROPY is a movie inspired by the Hideo Kojima’s videogame series “Metal Gear Solid”. It is not a Hollywood-style production, better a fan movie made out of the passion of some fans, non profit and no budget. The movie has been released on September 27th, 2009, for free.",/jlpRq1CNn8ftQI3yKFBcmLYX58R.jpg
20309,Say It Isn't So,"Boy meets girl; boy falls in love (and had wild, non-stop sex) with girl; boy loses girl... when they discover they are brother and sister! But when he learns that he's the victim of the ultimate case of mistaken identity, the lovesick young man -- whom everyone still thinks is after some taboo thrills -- must race across the country to stop her from marrying another man.",/c9h3BHLFXrXrpJ3xgwp0Bf9niP3.jpg
19058,Down,"After the elevators at a New York City skyscraper begin inexplicably malfunctioning, putting its passengers at risk, mechanic Mark Newman (James Marshall) and reporter Jennifer Evans (Naomi Watts) begin separate investigations. Newman gets resistance from superiors at his company, which manufactured the elevator, while additional elevator incidents cause several gruesome deaths. The police get involved and suspect that terrorists are responsible, but a far stranger explanation looms.",/o25WdQiVIj5uMzeCBR20rq9wqBB.jpg
4478,Indecent Proposal,"Robert Redford stars as billionaire John Gage, who offers a down-on-his-luck yuppie husband (Woody Harrelson) $1 million for the opportunity to spend the night with the man's wife (Demi Moore).",/tBsmJ9owjjnT4rO4kE1mOzxQAJc.jpg
18212,Better Than Chocolate,"Not long after moving into her own place, Maggie finds herself with two unsolicited roommates: her recently divorced mother, Lila, and her young brother. The timing is especially bad, considering Maggie has fallen hard for an attractive woman, Kim, only hours before they move in. What could be a nonissue becomes increasingly complicated -- since Maggie's family is unaware of her sexual orientation, and Maggie is not open to sharing that information.",/gT38JHYcUSrwdrWX7cQda0FuaFD.jpg
38303,You Again,"History -- make that high school -- may repeat itself when Marni learns that Joanna, the mean girl from her past, is set to be her sister-in-law. Before the wedding bells toll, Marni must show her brother that a tiger doesn't change its stripes. On Marni's side is her mother, while Joanna's backed by her wealthy aunt.",/8WdXpoFCEUReirxSn3SDAMXG1q5.jpg
47406,Arabian Nights,"The final part of Pasolini's Trilogy of Life series is rich with exotic tales of slaves and kings, potions, betrayals, demons and, most of all, love and lovemaking in all its myriad forms. Mysterious and liberating, this is an exquisitely dreamlike and adult interpretation of the original folk tales.",/1Mf4nGHpEuR7oVIFW8iLdHS0lKX.jpg
16791,Five Children and It,"A Psammead is 'It', an ancient, irritable, ugly sand fairy, which five children find one day in a gravel pit. As a reward for finding him, It grants the children one wish a day, the results of which will last until sunset.",/8pwS9DSeAfNKeXC6ssTEHjxDH94.jpg
131770,"Arise, My Love","In 1939, American Tom Martin, who fought in the Spanish Civil War, awaits execution at the hands of the Fascist victors when reporter Augusta 'Gusto' Nash, for a scoop, aids him in an audacious escape. Of course, Tom tries to romance Gusto; but though she likes him, her career comes first, and Tom himself prefers freedom-fighting to settling down. Comedy becomes drama as their mixed feelings lead them on a circuitous path through the deepening chaos and catastrophe of the early days of World War II.",/tZHRmX572J48utRO5NdyBCmNHg3.jpg
105077,Battlestar Galactica: The Plan,"When the initial Cylon attack against the Twelve Colonies fails to achieve complete extermination of human life as planned, twin Number Ones (Cavils) embedded on Galactica and Caprica must improvise to destroy the human survivors.",/8pTymK6Hqt3MZ9RlnfLpzv2kclP.jpg
20343,Make Mine Music,"In the tradition of Fantasia, Make Mine Music is a glorious collection of nine musically charged animated shorts featuring such fun-filled favorites as ""Peter And The Wolf"", narrated by the beloved voice behind Winnie The Pooh. In addition, you'll enjoy such classic cartoon hits as ""Casey At The Bat,"" ""The Whale Who Wanted To Sing At The Met"" and ""Johnnie Fedora And Alice Bluebonnet.""",/20Hs0MNWxwIAhSC7gfIN2bISrZI.jpg
43373,Chained for Life,"A Siamese twin kills the husband who left her. The courts have to decide if she is convicted of murder, how can they punish her sister, who had nothing to do with the crime?",/Avk6UU5qOFr7fNAMvc5Jc4VYjrd.jpg
11798,This Is England,"A story about a troubled boy growing up in England, set in 1983. He comes across a few skinheads on his way home from school, after a fight. They become his new best friends even like family. Based on experiences of director Shane Meadows.",/wVc7lwmTgDN7QY4G9V8dfYynDec.jpg
9261,The Wedding Banquet,A Taiwanese-American man is happily settled in New York with his American boyfriend. He plans a marriage of convenience to a Chinese woman in order to keep his parents off his back and to get the woman a green card. Chaos follows when his parents arrive in New York for the wedding.,/q0rDZgwfgUywEhj07qQTQ0CnNLz.jpg
1678,Godzilla,"Japan is thrown into a panic after several ships explode and are sunk near Odo Island. An expedition to the island led by paleontologist Professor Kyohei Yemani soon discover something more devastating than imagined in the form of a 164 foot tall monster whom the natives call Gojira. Now the monster begins a rampage that threatens to destroy not only Japan, but the rest of the world as well.",/1MJcpTpeSh2RtRHI7EMHStvWDEt.jpg
11152,The Ruins,"A group of friends whose leisurely Mexican holiday takes a turn for the worse when they, along with a fellow tourist embark on a remote archaeological dig in the jungle, where something evil lives among the ruins",/cP4FKhIn1VhoZsS3Ycqqy7dhFDN.jpg
82624,The Forgiveness of Blood,"After his father and uncle kill a neighbor, an Albanian teen (Tristan Halilaj) finds that his own life may be forfeited in a legal blood feud.",/bU6zoL3fNrbtgn2BL6LBVx7geQc.jpg
178736,Chizuko's Younger Sister,"Chizuko and Mika are sisters who get along very well, and have a good relationship, but one day Chizuko dies unexpectedly in an accident. Mika always feels undermined for not living up to her sisters achievements until one day the ghost of her sister appears again. And by the encouragement  of Chizuko, she overcomes various difficulties in her life.",/oRqqwwQWJzPkwb9bUypcijwEHuC.jpg
41516,The Mole People,A party of archaeologists discovers the remnants of a mutant five millennia-old Sumerian civilization living beneath a glacier atop a mountain in Mesopatamia.,/9ozw07YVow3hAZoFg5CloP8U3CM.jpg
11065,O,"Hot young stars, a hip, driving soundtrack, plus a provocative tale of jealousy and betrayal combine to create this controversial modern-day version of Shakespeare's classic, ""Othello."" O is Odin James (Mekhi Phifer), the school's star basketball player and future NBA hopeful. Even though he's the only black student at the elite Palmetto Grove Academy...",/5tBxJ030QaIcPRdGxIE7kgZdyA5.jpg
52556,The Road,"A harsh portrait of Turkey, its people and its authorities, shown through the stories of five prisoners given a week's home leave, and the problems they encounter in adjusting to the world outside.",/y0AG0unrrDZT5P1MrMCxP0C9IdX.jpg
69851,The Grandfather,"After his son dies, an elderly man comes back to Spain from the US and hopes to find out which of his granddaughters is true, and which one is bastard.",/u3skCiuJxbAZzHW92WnPBKheaJG.jpg
14817,Good Burger,Two hapless youths lead their burger joint in a fight against the giant fast-food chain across the street.,/iMF2tXISr0PcgdZaQDKI4cKQnR4.jpg
37301,A Big Hand for the Little Lady,"A naive traveler in Laredo gets involved in a poker game between the richest men in the area, jeopardizing all the money he has saved for the purpose of settling with his wife and child in San Antonio.",/yeNhh96E6iFWbwwrNeoIFsB5bxd.jpg
35156,The End of the Line,"Imagine an ocean without fish. Imagine your meals without seafood. Imagine the global consequences. This is the future if we do not stop, think and act.In the film we see firsthand the effects of our global love affair with fish as food.It examines the imminent extinction of bluefin tuna, brought on by increasing western demand for sushi; the impact on marine life resulting in huge overpopulation of jellyfish; and the profound implications of a future world with no fish that would bring certain mass starvation.Filmed over two years, The End of the Line follows the investigative reporter Charles Clover as he confronts politicians and celebrity restaurateurs, who exhibit little regard for the damage they are doing to the oceans.Filmed across the world – from the Straits of Gibraltar to the coasts of Senegal and Alaska to the Tokyo fish market – featuring top scientists, indigenous fishermen and fisheries enforcement officials, The End of the Line is a wake-up call to the world.",/tOqV6G2gcEKmMJoRAwmOPAjdAe6.jpg
34847,College,"To reconcile with his girlfriend, a bookish college student tries to become an athlete.",/dUwk8qNkXb243JViqdVqOvUmiMt.jpg
28522,Day of the Dead 2: Contagium,"In 1968, in the Ravenside Military Hospital in a military facility in Pennsylvania, the army loses control of an experiment of a lethal bacteriologic weapon that changes the DNA and transforms human beings into zombies. A group of soldiers is sent to the hospital to eliminate the infected staff and interns but private DeLuca steals a test tube with the virus and hides it inside a vacuum flask. He is transformed into a zombie and killed but the vacuum flask falls in the grass. In the present days, a group of patients in the mental institution Ravenside Memorial Hospital finds the vacuum flask and later when one of them opens the vessel, the culture tube drops on the floor of a bathroom contaminating the group and their Dr. Donwynn",/q1cUKVVBz6CJ47mdakKZfIA7wWx.jpg
3512,Under Siege 2: Dark Territory,"A passenger train has been hijacked by an electronics expert and turned into an untraceable command center for a weapons satellite. He has planned to blow up Washington DC and only one man can stop him, former Navy SEAL Casey Ryback.",/6Z1p71nkm45cYuIZWOx5JSCYc0o.jpg
89287,The Fairy,A hotel clerk searches all over Le Havre for the fairy who made two of his three wishes come true before disappearing.,/7sdt2GeumNzCALfItTki0grqvx7.jpg
65041,Triple Agent,"The Popular Front wins elections, the Spanish Civil War begins, and Hitler and Stalin are manipulating and spying. The brilliant exile, Fiodor Voronin, a general at 20, is the deputy at the White Russian Military Union, probably slated to replace the aging Général Dobrinsky soon. Fiodor's Greek wife, Arsinoé, paints and stays away from politics, befriending Communist neighbors. Her health declines; the attentive Fiodor arranges care and, against the backdrop of Stalin's Great Purge, considers his options. He plays a chess game in which love of country, love of Arsinoé, ideology, petty jealousies, and the machinations of power roil in matters of life and death.",/q3be0gXflwhbZNRD0BHGMNUeuqc.jpg
24266,The Man from Snowy River,"Jim Craig has lived his first 18 years in the mountains of Australia on his father's farm. The death of his father forces him to go to the low lands to earn enough money to get the farm back on its feet. Kirk Douglas plays two roles as twin brothers who haven't spoken for years, one of whom was Jim's father's best friend and the other of whom is the father of the girl he wants to marry.",/lAa65eXokvlD4DeaTfHyy0UJgh0.jpg
25112,Ballast,"A single mother and her embattled son struggle to subsist in a small Mississippi Delta township. An act of violence thrusts them into the world of an emotionally devastated highway store owner, awakening the fury of a bitter and longstanding conflict.",/iRsBIqUL7n3veC0PKlGXTGvw02x.jpg
193547,Kind Lady,"Mary Herries has a passion for art and fine furniture. Even though she is getting on in years, she enjoys being around these priceless articles. One day she meets a strange young painter named Elcott, who uses his painting skill to enter into her life. Little does she expect that his only interest in Mary is to covet everything she has.",/fQL5Rcqtf8kfbqYuDOGpZzG5TV0.jpg
9499,Le Divorce,"While visiting her sister in Paris, a young woman finds romance and learns her brother-in-law is a philanderer.",/kknXCFaww99tXIu8hY1kXwu0fep.jpg
33916,Czech Dream,"Two students from the Czech Film Academy commission a leading advertising agency to organize a huge campaign for the opening of a new supermarket named Czech Dream. The supermarket however does not exist and is not meant to. The advertising campaign includes radio and television ads, posters, flyers with photos of fake Czech Dream products, a promotional song, an internet site, and ads in newspapers and magazines. Will people believe in it and show up for the grand opening?",/ulCXkKsAiT3kkhUnQ5KnslvEC5K.jpg
131792,At Sea,Three segments depicting the life cycle of a freighter boat.,/66JnAN85f3OrYlHNY7whgwdone6.jpg
52663,The Foul King,"Dae-Ho is an unproductive bank clerk who is late to work every morning and the object of his manager's frustrations. He was a fan of TV wrestling as a child, but can't get out of a headlock. He finds a local wrestling trainer and through a series of events eventually starts to train. He is slowly transformed as he begins his second job as the cheating villain wrestler known as the Foul King. He starts to stand up for himself in odd ways that are not really in his own best interest. Events get out of hand as conflicting influences come together.",/6hLtyqqS8VykYIssJCLohKnShxk.jpg
31411,The Cameraman,"Buster is a tintype portrait photographer who at first sight develops a serious crush on Sally, a beautiful young woman who works as a secretary for MGM's newsreel department. Buster seeks to also work there, as a newsreel cameraman, in hopes of impressing her. However, his skills with a movie camera are lacking at first. Buster is determined to succeed, in hopes of winning the girl.",/4Td9W5FDp6XMdvJy5WzNWiwyJkz.jpg
15936,Just Add Water,"An offbeat romantic comedy about a decent guy, Ray Tuckby, with a dead-end life in the dead-end town of Trona, CA. After encouragement from a stranger whom he happens upon, Ray begins to dream again. He sheds the parasites in his life, musters the nerve to pursue his childhood love, and finally takes back his community by toppling the local teenage Meth-baron.",/wOgfdyoQRFLwtC9wwmz9vC6elQb.jpg
34025,Kisses,"Two kids, Dylan and Kylie, run away from home at Christmas and spend a night of magic and terror on the streets of inner-city Dublin.",/tfHByXfwWjPlZlrq8pb9JUSykK0.jpg
29244,3 Godfathers,"Three outlaws on the run discover a dying woman and her baby. They swear to bring the infant to safety across the desert, even at the risk of their own lives.",/dsVrYIpK2Rcgsr5QrfjBQWee5JE.jpg
14336,ABBA - The Movie,"Movie detailing ABBA's mega-successful tour of Australia during mid-1977. While it mostly contains back-stage footage and as well as ABBA's famous songs such as ""Dancing Queen"", ""Tiger"", ""Name Of The Game"" and ""Eagle"" among others sung filmed during their concerts in Sydney, Melbourne, Perth and Adelaide, it has the sub-plot of young country and western radio disc-jockey, Ashley, whose boss orders",/b6ELAAxwFiyiy8RreGQRDcleOkk.jpg
1934,Shakespeare in Love,"Young Shakespeare is forced to stage his latest comedy, ""Romeo and Ethel, the Pirate's Daughter,"" before it's even written. When a lovely noblewoman auditions for a role, they fall into forbidden love -- and his play finds a new life (and title). As their relationship progresses, Shakespeare's comedy soon transforms into tragedy.",/sAN5jedynbs3pa3ww0UXQ1k0lRF.jpg
16806,Johnny Dangerously,"Set in the 1930s, an honest, goodhearted man is forced to turn to a life of crime to finance his neurotic mother's skyrocketing medical bills.",/vTm2PygQZLLsK6AsKJJfmVqYho9.jpg
26156,Hiding Out,A very successful stock broker is called to court to testify against a mob boss who was into some inside trading. Andrew Morenski must become Max Hauser and go back to high school for protection from the mob.,/n1INpdK4goM1XFQKDv9bsA9Bmd6.jpg
26263,Death Wish 4: The Crackdown,"After the death of his girlfriend's daughter from a drug overdose, Paul Kersey (Charles Bronson) takes on the local drug cartel.",/8yVdLJa5ywqwNAKU1nmUtDJlx8b.jpg
26282,Macao,A man on the run in the Far East is mistaken for an undercover cop.,/1hvGaESoUw1nIXOr3mI1hWYmvtr.jpg
13177,Battle in Seattle,"Thousands of activists arrive in Seattle, Washington in masses to protest the WTO Ministerial Conference of 1999 (World Trade Organization). Although it began as a peaceful protest with a goal of stopping the WTO talks, it escalated into a full-scale riot and eventually, a State of Emergency that pitted protesters against the Seattle Police Department and the National Guard.",/s5NJ34KJ1da3JtoCTDV7wnbcD3e.jpg
9517,Bully,"After finding himself at the constant abuse of his best friend Bobby, Marty has become fed up with his friend's twisted ways. His girlfriend, a victim of Bobby's often cruel ways, couldn't agree more and they strategize murdering Bobby.",/qpvCDZPFUg3bdPUeoIwiWFdXOTM.jpg
21786,Cold Prey,"Jannicke, Morten Tobias, Eirik, Mikael and Ingunn are on a snowboarding vacation in Jotunheimen. They are forced to take shelter in an abandoned hotel when Morten Tobias breaks his leg and their car is too far away for them to reach within nightfall. They quickly discover that the hotel was closed in the seventies due to the disappearance of the managers’ son.",/nR9Gqb50QB226nX7Npe2F9Am2tL.jpg
32097,"The Devil, Probably","In order to be technically free of the mortal sin of suicide, a young man who has given up on the world pays a drug-addict to shoot him. Charles (Antoine Monnier), who is a student, has tried political action and investigated the claims of religion but ultimately finds nothing which will change the overwhelming bleakness he feels surrounded by.  In this austere movie by director Robert Bresson, the power of the storytelling comes from the lucidity of the imagery captured on film, rather than in the acting.",/zVrxNiNozXbQgc9ez2nUYL8bOZm.jpg
70779,The American Nightmare,"An examination into the nature of 1960's-70's horror films, the involved artists, and how they reflected contemporary society.",/aUVo2stEPu0jaiTUOt61lN1Kcpz.jpg
42758,Small Faces,"Three teenage brothers, gang-member Bobby, troubled mama's boy Alan and self-assured prankster Lex, reside in a downtrodden section of Glasgow, Scotland, circa 1968. But while Bobby and Alan are beginning to experience the power of raging hormones, the story focuses on Lex, who begins a downward spiral after he accidentally shoots the leader of Bobby's gang. Lex's cockiness and immaturity unfortunately prevent him from understanding the effect his subsequent crimes will have on both himself, and on those around him.",/s9I3gLu9ySsfyM3JvlpSW9KrszF.jpg
763,Braindead,"When a Sumatran rat-monkey bites Lionel Cosgrove's mother, she's transformed into a zombie and begins killing (and transforming) the entire town while Lionel races to keep things under control.",/zzgn2fBeKmIMDEuX7FqS2l1WGfu.jpg
20304,Never Die Alone,A drug kingpin's return home touches off a turf war.,/uQy6wONTZA5hxHk7ktipRFYm8KO.jpg
12714,She's Having a Baby,"Jake and Kristy Briggs are newlyweds. Being young, they are perhaps a bit unprepared for the full reality of marriage and all that it (and their parents) expect from them. Do they want babies? Their parents certainly want them to. Is married life all that there is? Things certainly aren't helped by Jake's friend Davis, who always seems to turn up just in time to put a spanner in the works.",/5vYlV82YQUSubsuGzubnviuyPW9.jpg
8047,Matador,A conflicted youth confesses to crimes he didn't commit while a man and woman aroused by death become obsessed with each other.,/4vUxmmOWaHMG92HJtcH6DLogyQp.jpg
2290,Jakob the Liar,"In 1944 Poland, a Jewish shop keeper named Jakob is summoned to ghetto headquarters after being caught out after curfew. While waiting for the German Kommondant, Jakob overhears a German radio broadcast about Russian troop movements. Returned to the ghetto, the shopkeeper shares his information with a friend and then rumors fly that there is a secret radio within the ghetto.",/kadiPVZ1GjoFsom1hCgAcOVN337.jpg
452,The Idiots,With his first Dogma-95 film director Lars von Trier opens up a completely new film platform. With a mix of home-video and documentary styles the film tells the story of a group of young people who have decided to get to know their “inner-idiots” and thus not only facing and breaking their outer appearance but also their inner.,/myMAaET7kCGSp3vyUcvd8hwTnD6.jpg
6623,The Peacemaker,"When a train carrying atomic warheads mysteriously crashes in the former Soviet Union, a nuclear specialist discovers the accident is really part of a plot to cover up the theft of the weapons. Assigned to help her recover the missing bombs is a crack Special Forces Colonel.",/1yemGzqs99QAWuwm6lR5wMH0Xn0.jpg
20483,Catch That Kid,"Athletic 12-year-old Maddy (Kristen Stewart) shares an enthusiasm for mountain climbing with her father, Tom (Sam Robards). Unfortunately, Tom suffers a spinal injury while scaling Mount Everest, and his family is unable to afford the surgery that can save him. Maddy decides to get the money for her father's operation by robbing a high-security bank. She relies on her climbing skills and help from her geeky friends (Max Thieriot, Corbin Bleu) to pull it off successfully.",/6uuhmTcmjmTBr1h49t8y6856JOh.jpg
28238,Hamlet,"David Tennant stars in a film of the Royal Shakespeare Company's award-winning production of Shakespeare's great play. Director Gregory Doran's modern-dress production was hailed by the critics as thrilling, fast-moving and, in parts, very funny.",/u5sBtExMmlxvWE3aE5oVpjttFrE.jpg
714,Tomorrow Never Dies,A deranged media mogul is staging international incidents to pit the world's superpowers against each other. Now 007 must take on this evil mastermind in an adrenaline-charged battle to end his reign of terror and prevent global pandemonium.,/k3eI9q7ISgpDEu2CMwR2s6inJVp.jpg
18080,Out to Sea,"Care-free Charlie (Walter Matthau) cons his widower brother-in-law Herb (Jack Lemmon) into an expenses-paid luxury cruise in search of rich, lonely ladies. The catch is that they are required to be dance hosts! With a tyrannical cruise director, and the luscious Liz and lovely Vivian, our heroes have lots of mis-adventures before they finally return to port.",/A9mdtkLl9yM2jWgti5hJ83UZf84.jpg
70842,Salome's Last Dance,"Oscar Wilde watches an outrageous staging of his banned play ""Salome"" at a London brothel, with parts played by prostitutes, Wilde's host, his lover Bosey, and Lady Alice.",/pTa4OElppiowGDDIoLJePGIDZ4k.jpg
12661,Undercover Blues,"When fun-loving American agents Dennis Quaid and Kathleen Turner are called back from maternity leave for a special assignment in New Orleans, the spy parents decide to skip the sitter and give their bouncing baby girl the adventure of a lifetime. There's nothing to the dumb story about a deadly arms dealer in the Louisiana Bayou, but you'd be hard put to find a friskier pair of doting parents.",/onY1HTuKhWZFo34F5Bi5IfuQJAS.jpg
89199,Trash,"The movie follows Joe (Dallesandro), a heroin addict, throughout his quest to score more drugs. The episodic plot occurs over a single day and centers around Joe's problematic relationship with his on-off, sexually frustrated girlfriend (Woodlawn).  During the course of the day, Joe overdoses in front of an upper-class couple, attempts to fool Welfare into approving his methadone treatment by having Holly fake a pregnancy, and frustrates the women in his life with his drug-induced impotence.",/dGbEfOTb2surTMtUKqtomb1rTs0.jpg
39127,Ripley Under Ground,"After his friend, a hot young artist, is killed, a resourceful American man living in London covers up the crime and tries to keep the friend's name alive in order to exploit his legacy and reap millions in the process.",/sg9oMZUfytYUPwZelo7LoGiObOr.jpg
9822,Mighty Joe Young,"As a child living in Africa, Jill Young saw her mother killed while protecting wild gorillas from poachers led by Andrei Strasser. Now an adult, Jill cares for an orphaned gorilla named Joe -- who, due to a genetic anomaly, is 15 feet tall. When Gregg O'Hara arrives from California and sees the animal, he convinces Jill that Joe would be safest at his wildlife refuge. But Strasser follows them to the U.S., intent on capturing Joe for himself.",/7ZqKvQwc3xUMBbadqzroMOnWwKc.jpg
698,Moonraker,During the transportation of a Space Shuttle a Boeing 747 crashes in the Atlantic Ocean yet when they go to look for the destroyed shuttle it is not there. James Bond investigates the missing mission space shuttle and soon learns that the shuttles owner Hugo Drax wants to kill all of mankind.,/pz2r25q3NzNTDGygTYesq5mvwbz.jpg
28285,The Three Faces of Eve,"Classic dramatization of America's best-known case of a woman suffering from multiple personality disorder, and her road to recovery.",/5mc5n32157cdMi0ilKKdFnxZQ6L.jpg
39440,Waiting for 'Superman',"Gripping, heartbreaking, and ultimately hopeful, Waiting for Superman is an impassioned indictment of the American school system from An Inconvenient Truth director Davis Guggenheim.",/8UOlV1woQn22cm6MaY2b6G51HRd.jpg
12776,Johnny Stecchino,"Good hearted but not very wordly-wise, Dante is happy driving the school bus for a group of mentally handicapped children, while feeling he is somehow missing out on life and love. So he is very excited when after nearly being knocked down by her car he meets Maria, who seems immediately enamoured of him. He is soon invited to her sumptuous Palermo villa, little suspecting that this is part of a plot. He bears an amazing likeness to Maria's stool-pigeon gangster husband and it would be convenient for them if the mobster, in the shape of Dante, was seen to be dead and buried.",/zP3u68DsEoUb76pJ2t0U5OwtZzs.jpg
22102,Troop Beverly Hills,A Beverly Hills housewife in the middle of a divorce tries to find focus in her life by taking over her daughter's Wilderness Girls troop.,/cjuVYB1JH9fszU1j3ImMqRAc4nV.jpg
17126,Satisfaction,"When a young rock group called The Mystery gets its first gig at a club, it's an opportunity to see what life is all about! Fresh out of high school, the rockers are hired by an exclusive beach resort thanks to a faded '60s songwriter. There, they meet with romance and adventure. But street-smart lead singer Jennie Lee faces a dilemma: pursue her budding career or finish high school.",/5US5eeyO06EEPV3fai3v0UtqSVX.jpg
20442,The Naked Spur,"Stewart is a bounty hunter in Colorado territory after killer Robert Ryan. Stewart's efforts to bring in Ryan and collect the reward are compromised by the presence of Ryan's loyal girl friend Janet Leigh and Stewart's two disreputable sidekicks, wily prospector Millard Mitchell and disgraced Union-officer Ralph Meeker.",/7zXRBUvSI22pHLwXfo0WC37STXW.jpg
41954,Hôtel Terminus: The Life and Times of Klaus Barbie,"Winner of a Best Documentary Academy Award, Marcel Ophuls' riveting film details the heinous legacy of the Gestapo head dubbed ""The Butcher of Lyon."" Responsible for over 4,000 deaths in occupied France during World War II, Barbie would escape--with U.S. help--to South America in 1951, where he lived until a global manhunt led to his 1983 arrest and subsequent trial.",/m4tQAZCJ19ulvH5wpYcLK7x2NmV.jpg
73211,King of Devil's Island,"Based on a true story: Norwegian winter, 1915. On the island Bastøy, outside Oslo, a group of young boys aged 11 to 18, are held in an institution for delinquent youth, notorious for its sadistic regime.  One day a new boy, Erling, arrives, determined to escape from the island. After a tragic incident, he ends up leading the boys in a violent uprising. When the boys manage to take over the island, 150 soldiers are sent in to restore order.",/jIhrA1lDGTYdl5AEVvTT1IvM1du.jpg
26814,Love Happy,The Marx Brothers help young Broadway hopefuls when they get mixed up with gangsters due to a tin of sardines containing Romanoff diamonds.,/xQncYU4fKbT4hHoMWMKQHfQl0rm.jpg
837,Videodrome,A sleazy cable-TV programmer begins to see his life and the future of media spin out of control in a very unusual fashion when he acquires a new kind of programming for his station.,/fl09Ai2lKPau49MdLp0pOc5rYlP.jpg
4986,Fuzz,Police in Boston search for a mad bomber trying to extort money from the city.,/virgq13UnhrLSBXpYHjbDtAyrKc.jpg
20271,Divorce Italian Style,"A married Sicilian baron falls in love with his cousin and vows to wed her, but with divorce illegal he must concoct a crime of passion to do away with his wife.",/sh4GkJCzER1cLOd7iy9IVSCkhnE.jpg
20641,Love's Enduring Promise,"In this Janette Oke sequel to ""Love Comes Softly,"" the eldest child in an 1800s frontier family, Missie Davis is a bright and beautiful elementary schoolteacher whose love for the prairie is matched only by her passion for books. When Missie encounters Grant, a handsome New England railroad executive, she feels as though shes met a hero from one of her novels.",/7xshC2cbWoU6dUMgZeBcrafRM9t.jpg
11522,Pretty in Pink,"Andie is an outcast, hanging out either with her older boss, who owns the record store where she works, or her quirky high school classmate Duckie, who has a crush on her. When one of the rich and popular kids at school, Blane, asks Andie out, it seems too good to be true. As Andie starts falling for Blane, she begins to realize that dating someone from a different social sphere is not easy.",/iSSExklJXBcevQuD8Rycq95fD2p.jpg
12484,The Forsaken,A young man is in a race against time as he searches for a cure after becoming infected with a virus that will eventually turn him into a blood-sucking vampire.,/hKwscHAZKrjeOSF7Bvksejpt26m.jpg
13253,Futurama: Bender's Game,"When Leela is insulted by a group of space-rednecks (like regular rednecks, but in space) she enters the Planet Express ship in a demolition derby.  She emerges victorious, but when she brings the damaged ship home and the Professor sees the fuel gauge, he's enraged by the hit he's going to take at the Dark Matter pump.  Now the crew have to find a way to break Mom's stranglehold on starship fuel, even if they have to wade through a Lord of the Rings-inspired fantasy-land to do it!",/11Hk76FncIaCkt3jmGLHvDPZE9i.jpg
5062,The Inquisitor,"A police inspector, suspecting an attorney of two child sex murders, has him held for a questioning session that goes on for hours.",/uoz10JVrFdj7QS8UzvOyogynnMI.jpg
17831,A Tale of Two Cities,"The exciting story of Dr. Manette, who escapes the horrors of the infamous Bastille prison in Paris. The action switches between London and Paris on the eve of the revolution where we witness 'the best of times and the worst of times' - love, hope, the uncaring French Aristocrats and the terror of a revolutionary citizen's army intent on exacting revenge.",/wKnAUFV9W9K3aYarNE6DBcxc8Fd.jpg
24447,Louis C.K.: Shameless,"Louis C.K. is back on HBO in an ALL-NEW hour of raw no-holds-barred stand-up comedy! The creator and star of the 2006 comedy series Lucky Louie, performs in front of a live audience in LA at the Henry Fonda Theater. Louis C.K. covers issues near and dear to his heart like marriage, lying to your spouse, having kids and losing your privacy, and obligatory sex among husbands and wives.",/xaaIf3rI6rLbl5M65yONmLAvWCz.jpg
55151,"Tuesday, After Christmas","Paul Hanganu loves two women. Adriana his wife and the mother of their daughter, the woman with whom he's shared the thrills of the past ten years, and Raluca the woman who has made him redefine himself. He has to leave one of them before Christmas.",/rpR98lHDkKrtw1v0I9FCjk4XvHx.jpg
45162,Superman/Batman: Apocalypse,"Batman discovers a mysterious teen-aged girl with superhuman powers and a connection to Superman. When the girl comes to the attention of Darkseid, the evil overlord of Apokolips, events take a decidedly dangerous turn.",/wNtrbql45NqvomsYKr3uHXgFj2D.jpg
61675,L.A. Without a Map,"An ""aspiring Hollywood actress"" (Vinessa Shaw), on a visit to a charming North England town, has a brief fling with the town undertaker (David Tennant), who also writes obituaries for the local paper. Returning home, where she works as a waitress at a Japanese restaurant, she tells everyone about the handsome ""writer"" she met on her trip. Unfortunately, he decides to follow her back to Hollywood, setting up the expected light romantic comedy with asides as the newcomer gains experience about the goings on in Hollywood.",/5ahmqnmTfJW4tc6CaYFdPnBwddk.jpg
54659,Woman on the Beach,"Stymied by writer's block while crafting his latest script, director Kim Jung-rae persuades his friend Won Chang-wook to drive him to a beach resort—where he promptly becomes involved with Chang-wook's girlfriend. Abandoning her and taking up with another woman, Jung-rae winds up creating enough drama to inspire his writing.",/eySIBohQPiy0ZJFW1CGs1WjG57N.jpg
81315,The Doll,"Set in the 19th century Warsaw. The indolence of aristocrats who, secure with their pensions, are too lazy to undertake new business risks, frustrates Wokulski. His ability to make money is respected but his lack of family and social rank is condescended to. Because of his ""help"" (in secret) to ""the doll's"" impecunious but influential father, the girl becomes aware of his affection.",/iLgcKc6Q3gR30u1ZydCx9IuzoJG.jpg
215999,Prime Suspect: The Lost Child,"Supt. Tennison orchestrates a search for an abducted baby, but events take a turn for the worst when personal emotions cause complications.",/4lzIvr6E0xeUKB7LWabJts3Y1OJ.jpg
10837,DuckTales: The Movie - Treasure of the Lost Lamp,"Scrooge McDuck, his dimwitted pilot Launch Pad, and his newphews Huey, Dewey and Louie, with Webby, arrive in Egypt where Scrooge finds the lost treasure of Collie Baba, unbeknownst to Scrooge, a magic lamp was included inside the treasure, so while the nephews have fun with the genie, they all have no idea that they're being stalked by a power hungry sorceror named Murlock and his dimwitted thief.",/dPikP4LLcw2JV2LSBKKVtcl5d4v.jpg
37565,St Trinian's 2: The Legend of Fritton's Gold,The girls of St. Trinians are on the hunt for buried treasure after discovering headmistress Miss Fritton is related to a famous pirate.,/qJQzjhBeBkQmPgsNbD5qXtC6wMq.jpg
175027,Double Harness,"After tricking him into marriage, a woman (Ann Harding) tries to win the love of her philandering husband (William Powell).",/qSJS4XZ6hms8mHcTXQgHugYTRoW.jpg
11703,Kiss of the Spider Woman,"Luis Molina and Valentin Arregui are cell mates in a South American prison. Luis, a homosexual, is found guilty of immoral behaviour and Valentin is a political prisoner. To escape reality Luis invents romantic movies, while Valentin tries to keep his mind on the situation he's in. During the time they spend together, the two men come to understand and respect one another.",/vHqTDKattYrEzR9sTdRshuaU2CF.jpg
60778,Downtown,"Officer Alex Kearney patrols an upscale neighborhood in Philadelphia, where he pulls over a well-connected white collar executive who promises to get even with the policeman. Soon, Kearney learns that he is off the cushy suburban beat and must now work in the deadliest precinct in Philly, where he is partnered with tough veteran cop Dennis Curran. Tensions are high between them, but Kearney soon proves he can play just as rough as the crooks.",/72tgNP3lf21WXU5MyXbkSvRVqpB.jpg
41115,Garage Olimpo,A beautiful Argentine activist receives preferential treatment from a man supposed to torture her.,/a8WFzHPfs5rcVjVBoVvVXqwlF52.jpg
20236,Direct Contact,"An imprisoned ex-US Special forces operative in Eastern Europe, is offered his freedom and money to rescue an American woman, who has been kidnapped by a ruthless warlord. But, shortly after freeing her discovers that the kidnap story was just a ruse to bring her out into the open.",/mSpV2J6S02g2YT0kel8dWia8hQP.jpg
37949,A Monkey's Tale,Kom is from a tribe of monkeys who live in a canopy. He rejects elders' authority as well as the superstition that the lower world would be inhabited by demons. But he accidentally falls from the trees…,/1L5mN3croJHh9wxrbY1UGqV24mc.jpg
52454,Mega Shark vs. Crocosaurus,"When the prehistoric warm-water beast the Crocosaurus crosses paths with that cold-water monster the Mega Shark, all hell breaks loose in the oceans as the world's top scientists explore every option to halt the aquatic frenzy. Swallowing everything in their paths -- including a submarine or two -- Croc and Mega lead an explorer and an oceanographer on a wild chase. Eventually, the desperate men turn to a volcano for aid.",/j71V5e92YTP0rFGOX3kY8nHxujL.jpg
25058,Can Mr. Smith Get to Washington Anymore?,"This documentary follows the 2004 Missouri Democratic primary to replace retiring 28-year veteran and former House Majority Leader Dick Gephardt. It is told from inside the campaign of Jeff Smith, a 29-year old part-time political science instructor at Washington University.",/zJfJ9NMByFoGQ378fEGHxW5gFUH.jpg
20857,Hardball,"An aimless young man who is scalping tickets, gambling and drinking, agrees to coach a Little League team from the Cabrini Green housing project in Chicago as a condition of getting a loan from a friend.",/y9kznZyZoBpckXg4g5qekhDq7Q1.jpg
25462,Two Can Play That Game,"Vivica A. Fox sizzles as a woman scorned who plans to get her man back by any means necessary. In this comedy about players and those who ""get played."" As corporate overachiever and all-around fly chick Shanté Smith, Fox thinks she's got the goods to keep her slickster boyfriend (Morris Chestnut) from straying - until he discovers a greener pasture, Shanté's archrival (Gabrielle Union)",/nhKRxaO9KWLyyVBr3I5G5mfJtJT.jpg
7191,Cloverfield,"Five young New Yorkers throw their friend a going-away party the night that a monster the size of a skyscraper descends upon the city. Told from the point of view of their video camera, the film is a document of their attempt to survive the most surreal, horrifying event of their lives.",/as01o40tJ2FhtheqeXf7bVZ0EQO.jpg
47795,Landscape in the Mist,Road movie about two children searching for their father who is supposed to live in Germany. Their obsession for this father figure will take them to the boundaries between childhood and adolescence.,/t1PN0LDEK60sIIPq0wdW3DMhGYC.jpg
45882,Bab'Aziz,"The story of a blind dervish named Bab'Aziz and his spirited granddaughter, Ishtar. Together they wander the desert in search of a great reunion of dervishes that takes place just once every thirty years. With faith as their only guide, the two journey for days through the expansive, barren landscape.",/2VgPNGxmbteu1AIEVFX7RdiLf36.jpg
55785,Neds,"NEDs (Non Educated Delinquents) is the story of a young man’s journey from prize-winning schoolboy to knife-carrying teenager. Struggling against the low expectations of those around him, John McGill changes from victim to avenger, scholar to NED, altar boy to glue sniffer. When he attempts to change back again, his new reality and recent past make conformity near impossible and violent self determination near inevitable.",/58jYaHOg8emGal0IxVwmQvBtf9a.jpg
14510,From Beyond,"A group of scientists have developed the Resonator, a machine which allows whoever is within range to see beyond normal perceptible reality. But when the experiment succeeds, they are immediately attacked by terrible life forms.",/k7m8IyJGoEpbVFyEcbgyrQNXDir.jpg
52278,That Lady in Ermine,"Circa 1861, Angelina, ruling countess of an Italian principality, is at a loss when invaded by a Hungarian army. Her lookalike ancestress Francesca, who saved a similar situation 300 years before, comes to life from a portrait to help her descendant. Complicating factor: the newlywed countess feels strangely drawn to the handsome invader...",/t3oGL6XS69EYStrx3M76wXI97sm.jpg
59733,Down from the Mountain,"On May 24, 2000, the historic Ryman Auditorium was booked to offer Nashvillians an evening of sublime beauty. Label executives and soundtrack producers so loved the music of O Brother, Where Art Thou? that they brought it to life as a benefit concert for the Country Music Hall of Fame. Filmmakers Joel and Ethan Coen loved it so much that they hired famed documentary filmmaker D.A. Pennebaker to record the show for posterity. The concert that unfolded that night was one of the greatest musical moments in the annals of Music City. Performers: John Hartford, Alison Krauss, Emmylou Harris, Gillian Welch, Chris Thomas King, The Cox Family, Fairfield Four, Union Station, Colin Linden, The Nashville Bluegrass Band, The Peasall Sisters, Ralph Stanley, David Rawlings, The Whites.",/5bJUA6WQ7VxAoWwRZQJSTegbXDF.jpg
21043,The Method,"In Madrid seven candidates report for a job interview that uses ""the Grönholm method"" of selection, as protestors rise up in public protest in the street over the IMF-World Bank Summit attempting globalisation of workers' unions.",/tSxEomBbipj52jYCThXI6xKg4iT.jpg
35583,The Lost Battalion,"Fact-based war drama about an American battalion of over 500 men which gets trapped behind enemy lines in the Argonne Forest in October 1918 France during the closing weeks of World War I. Based on a true story, The Lost Battalion is set in 1918 during the final months of WWI. Assigned to capture an enemy stronghold in Charlvaux at the height of the Argonne campaign, the men of the AEF 308th Battalion, 77th Division, are led by young American major Charles Whittlesey, an inexperienced but dedicated ""citizen soldier."" Totally cut off from the other allied troops, unaware of their vulnerability, and barraged by ""friendly fire,"" the 500-plus men of the 308th bravely hold their position, suffering incredible losses and unspeakable deprivations in the process -- while the battalion's superior officers, far from the firing line, callously prepare to write off the men as expendable casualties.",/tvOtcDgENsSkN78hPqkzF5etrGm.jpg
38697,Hollywood Canteen,Dozens of Warner Brothers stars come together in this 1940s musical/comedy,/x0O4N0Vd6psoI8N8b15CSuevkIV.jpg
21189,Lost in La Mancha,"Fulton and Pepe's 2000 documentary captures Terry Gilliam's attempt to get The Man Who Killed Don Quixote off the ground. Back injuries, freakish storms, and more zoom in to sabotage the project (which has never been resurrected).",/eE3PTIWFVmmLcq3MrMYdzGTgOIT.jpg
2800,Rumor Has It...,"Sarah Huttinger's return home with her fiance convinces her that the sedate, proper, country-club lifestyle of her family isn't for her – and that maybe the Huttinger family isn't even hers – as she uncovers secrets that suggest the Huttingers are neither sedate nor proper.",/6Hj5mFf1nv6gsYhGpz0xetPGYbg.jpg
12600,Pokémon 4Ever: Celebi - Voice of the Forest,"All your favorite Pokémon characters are back, and are joined for the first time by the legendary Pokémon Celebi and Suicune, in this latest exciting Pokémon adventure! In order to escape a greedy Pokémon hunter, Celebi must use the last of its energy to travel through time to the present day. Celebi brings along Sammy, a boy who had been trying to protect it. Along with Ash, Pikachu, and the rest of the gang, Sammy and Celebi encounter an enemy far more advanced than the hunter left behind in the past. This new enemy possesses a Pokéball called a “Dark Ball,” which transforms the Pokémon it captures into evil and far stronger creatures. When Celebi is captured, the fate of the entire forest is threatened. Let POKÉMON 4EVER transport you to a world of adventure as Ash, Suicune and the rest take action to save the day!",/bqL0PVHbQ8Jmw3Njcl38kW0CoeM.jpg
288094,Casual Relations,"In Rappaport’s dazzling and bizarre feature-length debut, he focuses on states of imaginative possession and dispossession, demonstrating how impossible it is to separate fantasies, dreams, and realities.",/lAfBE26gBIDM2D2jq9i9HmZrS6E.jpg
11801,Angel,"Edwardian England. A precocious girl from a poor background with aspirations to being a novelist finds herself swept to fame and fortune when her tasteless romances hit the best seller lists. Her life changes in unexpected ways when she encounters an aristocratic brother and sister, both of whom have cultural ambitions, and both of whom fall in love with her.",/hXO8wQNI5G8n8Yi7H2nNoW6utUd.jpg
34019,The Hidden Blade,Set in 19th Century Japan a young samurai who finds himself in love with a farm girl leaves his home to begin a new life. He has to take stock of his new life when he is put to the test and ordered to kill a traitor who just happens to be his dearest friend.,/fHEBemVj3I67EQiDo4KlC5UkDAv.jpg
43832,Only Angels Have Wings,"Geoff Carter (Cary Grant) is the head of a crumbling air freight service in desperate need of a replacement pilot. He is forced to hire a descredited aviator (Richard Barthelmess) who arrives with his wife (Rita Hayworth), Carter's ex-lover. Meanwhile, traveler Bonnie Lee (Jean Arthur) tries to get close to the emotionally closed-off Carter. The film received two Academy Award nominations.",/smHIUBkZpzaSRLDlZVOYMeemJhJ.jpg
139433,No One Dies in Lily Dale,"A candid portrayal of Lily Dale, a spiritualist community in upstate New York, where most of the town's residents are registered Mediums who regularly give spiritual readings to visitors through alleged communication with the deceased.",/pEJ8vzfLj0Nv5TzJMJLmdZ9gcXE.jpg
22797,The Butcher Boy,"Francie and Joe live the usual playful, fantasy filled childhoods of normal boys. However, with a violent, alcoholic father and a manic depressive, suicidal mother the pressure on Francie to grow up are immense. When Francie's world turns to madness, he tries to counter it with further insanity, with dire consequences.",/5Ch9jHcwxL9VKC1AuRxU54PcRtK.jpg
135312,Glorious Technicolor,"The history of color photography in motion pictures, in particular the Technicolor company's work.",/8rm0AObxaXoxe42MDwck0xt9nw7.jpg
33251,The Way Home,"The story begins on a fine summers morning, when San-woo and his mother board a bus to the country. It is soon clear that the unsophisticated rural passengers annoy the seven-year-old urban boy. His mother is taking him to live with his 78-year-old mute, but not deaf, grandmother while she looks for a new job after a business venture failed in Seoul.",/rydddngVZNdOFEvdYpIxiY3A6om.jpg
9714,Home Alone 3,"9-year-old Alex Pruitt is home alone with the chicken pox. Turns out, due to a mix-up among nefarious spies, Alex was given a toy car concealing a top-secret microchip. Now Alex must fend off the spies as they try break into his house to get it back.",/z6ugEdjGuY4qcX1ymdV2CTVSvKN.jpg
61302,Culloden,"Culloden is a 1964 docudrama written and directed by Peter Watkins for BBC TV. It portrays the 1746 Battle of Culloden that resulted in the British Army's destruction of the Scottish Jacobite uprising and, in the words of the narrator, ""tore apart forever the clan system of the Scottish Highlands"". Described in its opening credits as ""an account of one of the most mishandled and brutal battles ever fought in Britain"", Culloden was hailed as a breakthrough for its cinematography as well as its use of non-professional actors and its presentation of an historical event in the style of modern TV war reporting. The film was based on John Prebble's study of the battle.",/oKVFnfPrkhjcK4s73dcGjD4wi1k.jpg
51429,Female Yakuza Tale,"Ocho is accidentally captured by a drug trafficking cartel who use Chinese women to smuggle drugs into Japan by hiding it in their vaginas. She is tortured, and manages to escape, fighting both the male yakuzas and a gang of female thieves.",/c4ZnvdgijLIkkiPH1S7jAzRhhyj.jpg
10712,Far from Heaven,"In 1950s Connecticut, a housewife faces a marital crisis and mounting racial tensions in the outside world.",/7lzlqQmtv4z2CEiiBWU55blk1zo.jpg
16061,Tokyo Gore Police,"Set in a future-world vision of Tokyo where the police have been privatized and bitter self-mutilation is so casual that advertising is often specially geared to the ""cutter"" demographic, this is the story of samurai-sword-wielding Ruka and her mission to avenge her father's assassination. Ruka is a cop from a squad who's mission is to destroy homicidal mutant humans known as ""engineers"" possessing the ability to transform any injury to a weapon.",/uVNJmSPnzlv6QiywEtPOH8wzoi0.jpg
31083,Some Girls,"While on Christmas break, college student Michael journeys to Quebec City to spend time with his attractive girlfriend, Gabriella. Not long after he arrives, Gabriella breaks up with him, but her two equally gorgeous sisters waste no time showing romantic interest. In the meantime, Michael is left to deal with Gabriella's eccentric grandmother and offbeat father, an academic who spends most of his time naked.",/gLqH3O45EtqKTdGNKEWbMrX5QNC.jpg
18011,Leprechaun in the Hood,"When Butch, Postmaster P, and Stray Bullet loot the local hip-hop mogul's studio to fund their demo album, the threesome unwittingly ends up with the secret of Mack Daddy's success: a magical flute. Their gigs instantly turn golden but a blood-thristy Leprechaun and an angry Mack Daddy are hot on their trail, leaving a wake of destruction tainted by politically incorrect limericks.",/jfgiwnFRBkh40EBmzuhDMwx0HKB.jpg
79782,Venice,An atmospheric coming-of-age story featuring an imaginative young boy named Marek who dreams of escaping an increasingly dangerous Poland on the eve of war for beautiful Venice.,/lUmJiBTKdesFDkgSvV9zecCgNO6.jpg
8130,Desperately Seeking Susan,"Roberta is a bored suburban housewife who is fascinated with a woman, Susan, she only knows about by reading messages to and from her in the personals section of the newspaper. This fascination reaches a peak when an ad with the headline ""Desperately Seeking Susan"" proposes a rendezvous. Roberta goes too, and in a series of events involving amnesia and mistaken identity, steps into Susan's life.",/7aT69yN6Y0m0GQjocEnSk4kESdd.jpg
5822,Sweet Sweetback's Baadasssss Song,"After saving a Black Panther from some racist cops, a black male prostitute goes on the run from ""the man"" with the help of the ghetto community and some disillusioned Hells Angels.",/wVylUhMpTYZFonPocAfxNacHAEB.jpg
36691,Solitary Man,A car magnate watches his personal and professional life hit the skids because of his business and romantic indiscretions.,/ivKFRGUewkP3kMEq5RrnzSwYX2t.jpg
279784,Soap Girl,"A young Asian girl applies for a job at a massage parlor and is dragged into the seedy world of Hollywood's red light district, where she falls in love with a virgin poet.",
14160,Up,"Carl Fredricksen spent his entire life dreaming of exploring the globe and experiencing life to its fullest. But at age 78, life seems to have passed him by, until a twist of fate (and a persistent 8-year old Wilderness Explorer named Russell) gives him a new lease on life.",/nk11pvocdb5zbFhX5oq5YiLPYMo.jpg
17359,News from a Personal War,"Documentary about urban violence in Brazil, especially in Rio de Janeiro. Policemen, drug dealers, and shantytown dwellers get trapped into a daily war that knows no winners.",/6yG6Z0qSbkS2yqqUa1FHwcJfOKP.jpg
84908,Lawless Range,"John Middleton is investigating cattle rustling when he is captured and tossed into a cave with Emmett, a rancher who disappeared earlier. They help each other escape and learn that a local banker is trying to scare everyone away to grab up some secret gold mines.",/lxzj4pNjaaxlA4uvaAlAJPny9jB.jpg
1494,Curse of the Golden Flower,"During China's Tang dynasty the emperor has taken the princess of a neighboring province as wife. She has borne him two sons and raised his eldest. Now his control over his dominion is complete, including the royal family itself.",/8JGOTkKOCqSfAwIMPQKF0K44lUW.jpg
28289,Cactus Flower,"Distraught when her middle-aged lover breaks a date with her, 21-year-old Toni Simmons attempts suicide. Impressed by her action, her lover, dentist Julian Winston reconsiders marrying Toni, but he worries about her insistence on honesty. Having fabricated a wife and three children, Julian readily accepts when his devoted nurse, Stephanie, who has secretly loved Julian for years, offers to act as his wife and demand a divorce.",/lKHQdbegbzcV8cC8bBOmqQE4FYn.jpg
9403,Private Parts,"The auto-biographical story of Howard Stern, the radio-rebel who is now also a TV-personality, an author and a movie star.",/d8V9m1DIkXQlFYK8PsCRcJ6rh6d.jpg
1376,Sweet Sixteen,"Determined to have a normal family life once his mother gets out of prison, a Scottish teenager from a tough background sets out to raise the money for a home.",/y4qzkGdeTZvKXVULxRGhLtNWToP.jpg
8468,Highway 61,"A naive Canadian barber who knows US popular culture inside and out meets a flamboyant roadie who needs someone to drive her and her ""brother's"" corpse from Thunder Bay, Ontario to New Orleans.  Chaos ensues after the barber agrees to drive her, the corpse, and the drugs stashed within all the way.  Don McKellar and Valerie Buhagiar team up as a barber and a smuggler running a corpse on the roof of a '63 Ford Galaxy 500 on a one-car funeral procession stretching from Northern Ontario to New Orleans on the only continuous highway between Canada an the U.S.  What unfolds is a white trash odyssey filled with strange roadside distractions played eagerly by the likes of Peter Breck, Jello Biafra and Art Bergmann.  If you've seen the bookends of this trilogy, Hard Core Logo and Roadkill, then you know that in any Bruce McDonald film, the asphalt has a speaking part.",/1TeLBtdbCoc7a8RsYCQhFDDXUNc.jpg
10046,Blueberry,"U.S Marshal Mike Donovan has dark memories of the death of his first love. He keeps peace between the Americans and the natives who had temporarily adopted and taken care of him. The evil actions of a white sorcerer lead him to confront the villain in the Sacred Mountains, and, through shamanic rituals conquer his fears and uncover a suppressed memory he would much rather deny.",/1tzT24kHTHWFi8WtIKj0VAOT9EK.jpg
24735,Agnes of God,"When a dead newborn is found, wrapped in bloody sheets, in the bedroom wastebasket of a young novice, psychiatrist Martha Livingston is called in to determine if the seemingly innocent novice, who knows nothing of sex or birth, is competent enough to stand trial for the murder of the baby.",/gd6VRsmqWG730WxhvJ1Plgy7i9h.jpg
73517,Boys Love,"Magazine editor Taishin Mamiya interviews high school model Noeru Kisaragi. Despite Noeru's bad attitude, his painting of an ocean intrigues Mamiya and leads to a dinner, during which Noeru solicits Mamiya sexually. Soon Mamiya sees Noeru with another man, and he is shocked to discover at that moment that his interest in Noeru goes beyond article research—he truly wants to know more about him.",/9qX9j52lV0TwBuTZPTKU1oLsj7t.jpg
42464,O Lucky Man!,"This sprawling, surrealist musical serves as an allegory for the pitfalls of capitalism, as it follows the adventures of a young coffee salesman in Europe. Many actors play multiple roles, giving the film a stagy tone.",/2ZxbXffbG3eIfTySUH5RMx6a2gA.jpg
44685,Love Hina Spring Special - I Wish Your Dream,"The tests have come, and Keitaro can only hope to succeed. However, in the final stretch, he fails miserably and daydreams through the test. Assuming that he has failed, he runs away, so the rest of the cast hunts him down on a remote desert island to bring him back.",/pO535dqMmvatuqbgvpOIA1bQw3R.jpg
31987,Don Quixote,"After reading too many novels about knights and heroic stories, Don Quijote and his servant Sancho Panza decide to wander the roads of Spain to protect the weak and to accomplish good deeds. But the real world is not as magical and fairy as Don Quijote imagines it to be. Following the plot of Cervantes classical book, Don Quijote fights with windmills thinking they are giants but unluckily, he man",/pPkjv0WCpZ71O5boD02mRHcL31A.jpg
13119,Hank and Mike,"Two blue-collar Easter Bunnies get fired and try their hand at an assortment of odd jobs, failing at each. Fighting depression, debt and eventually each other, their lives start to unravel until they realize that without their job they are nothing.",/7xT1osmHFsp1FRkOAQKbi6eiepL.jpg
10018,Life Is All You Get,"After he loses his job, his father, and his girlfriend, Jan's life is a shambles. Then suddenly he meets freakish street musician Vera, and a bittersweet romance unfolds...",/5kPl6pncV8YeRIIWGhg356Lrdsl.jpg
12113,Body of Lies,"The CIA’s hunt is on for the mastermind of a wave of terrorist attacks. Roger Ferris is the agency’s man on the ground, moving from place to place, scrambling to stay ahead of ever-shifting events. An eye in the sky – a satellite link – watches Ferris.  At the other end of that real-time link is the CIA’s Ed Hoffman, strategizing events from thousands of miles away. And as Ferris nears the target, he discovers trust can be just as dangerous as it is necessary for survival.",/ngQAEKZVpT0SD9i98ApEgsQKC52.jpg
27085,The Land That Time Forgot,"During World War I, a German U-boat sinks a British ship and takes the survivors on board. After it takes a wrong turn, the submarine takes them to the unknown land of Caprona, where they find dinosaurs and neanderthals.",/qKQZJ9dzRoSrcpqVKZP6jo7GcQ0.jpg
13726,A Secret,"In 1953, a sensitive French boy finds out from a neighbor that his family's Jewish. François Grimbert becomes a physician, and gradually peels the layers of his buried family history which resulted in his difficult upbringing, raised as Catholic by his ""Aryan"" appearing parents. His athletic father labored to stamp out stereotypical Jewish characteristics he perceived in his son, to keep the family's many secrets, as most relatives fought in World War II, and later were hauled off to labor and death camps by the Gestapo.",/zV3tyiC3Mislg6IthHBiBYcuFri.jpg
64901,Cold Water,"An outer suburb of Paris, 1972. Gilles and Christine, both sixteen, are classmates and lovers who have become frustrated with the aloofness of their families and the general monotony of their lives. When the pair are caught shoplifting, Christine's father ships her off to a home for emotionally disturbed children, temporarily putting space between her and Gilles. Luckily for them, though, she escapes and the couple contemplate running away together.",/z8IhEyDF39GTmOdYsM9HpBEoxBg.jpg
8879,Pale Rider,A small gold mining camp is terrorised by a ruthless land owner wanting to take their land. Clint Eastwood arrives riding a pale horse just as a young girl is praying to God to help the miners. He is revealed to be a preacher with mysterious and possible otherworldly origins who teams up with the miners to defeat the land owner and the corrupt sheriff.,/kpAN5WnDEVWYzMDPkXHTbrDQuak.jpg
10338,Those Magnificent Men in Their Flying Machines or How I Flew from London to Paris in 25 hours 11 minutes,Star studded comedy about a early 20th century air race from Britain to France.,/xB4tZIOGfyL41MHGUUEBsy5fQ5y.jpg
10972,Session 9,Tensions rise within an asbestos cleaning crew as they work in an abandoned mental hospital with a horrific past that seems to be coming back.,/mWwrWhPHiHSoCWUkYcq4GplRF6V.jpg
61548,The Journey of August King,"The Journey of August King is a multi-dimensional drama about a North Carolina farmer in 1815. August King, a widower, is on his way home as he does every year after selling his produce and purchasing the stock and goods he will need to survive the winter. On his journey, he comes upon a run-away slave, a young woman about 19 and August King must decide to violate the law and help this slave to freedom or else leave her to be hunted down and, ultimately, returned to her slave owner.",/hT5CF2RJPAVi9TE4iKxGYAufY4J.jpg
14029,Demons,"A group of people are trapped in a West Berlin movie theater infested with ravenous demons who proceed to kill and possess the humans one-by-one, thereby multiplying their numbers.",/pWgxGFAb76rZHNEaMUs6tiAGYqw.jpg
13408,The Wash,"With the rent due and his car booted, Sean (Dr. Dre) has to come up with some ends...and fast. When his best buddy and roommate Dee Loc (Snoop Dogg), suggests that Sean get a job busting suds down at the local car wash.",/3h2AKoh6AkzsWtE94QjayVxoLjJ.jpg
51333,Love's Labour's Lost,"An update of the classic Shakespeare story, director Kenneth Branagh shot this movie like a classic 30s musical. Love's Labour's Lost tells the story of four best friends who swear off love. The King of Navarre and his three companions swear a very public oath to study together and to renounce women for three years. Their honour is immediately put to the test by the arrival of the Princess of France and her three lovely companions. It's love at first sight for all concerned followed by the men's highly entertaining but hopeless efforts to disguise their feelings.",/1VHCfHJ4PpGbmPQWJHF1YoBXRHG.jpg
16768,An Evening with Kevin Smith 2: Evening Harder,In this second Q&amp;A with Kevin Smith he now enters the homes of some of his fans in Toronto and London.,/a32Qvy02vcT4qeyYJrAZyddienW.jpg
23389,Revolt of the Zombies,"The story is set in Cambodia in the years following WWI. Evil Count Mazovia (Roy D'Arcy) has come into possession of the secret methods by which dead men can be transformed into walking zombies and uses these unholy powers to create a race of slave laborers. An expedition is sent to the ruins of Angkor Wat, in hopes of ending Mazovia's activities once and for all. Unfortunately, Armand (Dean Jagger), one of the members of the expedition, has his own agenda.",/7MPo8rp7bTUpsaseVLBDQJwugse.jpg
8090,Untraceable,"Special Agent Jennifer Marsh (Diane Lane) works in an elite division of the FBI dedicated to fighting cybercrime. She thinks she has seen it all, until a particularly sadistic criminal arises on the Internet. This tech-savvy killer posts live feeds of his crimes on his website; the more hits the site gets, the faster the victim dies. Marsh and her team must find the elusive killer before time runs out.",/vIse5LiOE15GeZ1EXnkr93FnlmO.jpg
45261,(Untitled),"A fashionable contemporary art gallerist in Chelsea, New York falls for a brooding new music composer in this comic satire of the state of contemporary art.",/fIqzCfGQcTpkgqFpNc7VNqLgu4f.jpg
41521,Mr. Hobbs Takes a Vacation,"James Stewart and Maureen O'Hara star as Roger and Peggy Hobbs, a St. Louis couple with a large brood who desire a seaside vacation. Renting a cottage by the ocean is just the first step in a summer fraught with disasters, including a couch potato son, a shy daughter with newly installed braces, a pair of grown daughters who have married badly, and a local yachtsman with eyes for Peggy. Not to mention the ramshackle state of the shoreline abode, Roger and Peggy's new grandparent status, and incidents involving a sexy neighbor, a sailboat regatta and bird watching. ~ Karl Williams, All Movie Guide",/627bUb62sNfpJznyGuqsdSVxIP.jpg
47980,Jesus Christ Superstar,"Tim Rice and Andrew Lloyd Webber's Jesus Christ Superstar first exploded onto the West End stage in 1971 and it was clear that the musical world would never be the same again. For the first time ever, Jesus Christ Superstar has been specially filmed for video. Shot at Pinewood Studios, this brand new filmed stage version starring Glenn Carter and Rik Mayall captures one of the best score Andrew Lloyd Webber has ever written and is packed with hit songs including, 'I Don't Know How To Love Him', 'Gethsemane' and 'Superstar'.",/i37N7CfCizacCNuuilDN9zhOacQ.jpg
68927,Born to Be Wild,Rick Heller is a juvenile delinquent who keeps getting himself into trouble. To keep him out of trouble his mother puts him to work cleaning the cage of a gorilla named Katie which she is teaching to communicate through the use of sign language. When the owner of the gorilla takes her back to become a flea market freak Rick takes it upon himself to break Katie out and take her on an adventurous journey to get her out of the country.,/nVoxCF8QRYWQoPAcDB7EQUsYnwB.jpg
117412,Passing Fancy,Two Tokyo co-workers come across a destitute young lady in search of a place to live.,/aoxgzp1QLDHnR2GgXB56F6HkX19.jpg
75900,My Week with Marilyn,"Sir Laurence Olivier is making a movie in London. Young Colin Clark, an eager film student, wants to be involved and he navigates himself a job on the set. When film star Marilyn Monroe arrives for the start of shooting, all of London is excited to see the blonde bombshell, while Olivier is struggling to meet her many demands and acting ineptness, and Colin is intrigued by her. Colin's intrigue is met when Marilyn invites him into her inner world where she struggles with her fame, her beauty and her desire to be a great actress.",/exyLhOls9XyWr5Eq5F8HX0I6mPu.jpg
1547,The Lost Boys,A mother and her two teenage sons move to a seemingly nice and quiet small coastal California town yet soon find out that it's overrun by bike gangs and vampires. A couple of teenage friends take it upon themselves to hunt down the vampires that they suspect of a few mysterious murders and restore peace and calm to their town.,/evo7oiay9qDUzY510VhrB3YzyJs.jpg
114790,Under the Bridges,Two barge skippers fall in love with the same woman.,/qDbV6xjAO50c58zq3nXTzBBPMKO.jpg
22160,Against All Odds,"She was a beautiful fugitive. Fleeing from corruption. From power. He was a professional athlete past his prime. Hired to find her, he grew to love her. Love turned to obsession. Obsession turned to murder. And now the price of freedom might be nothing less than their lives.",/vhAWYo9ao2INJaLXDRbK7bVzLcX.jpg
90974,The Light at the Edge of the World,"Pirates take over a lighthouse on a rocky island. They then execute a devious plan to cause ships to run aground, pillaging their wrecks. A lone member of the lighthouse crew survives, and he deperately fights their plot. A shipwrecked maiden that avoids the pirates slaughter soon complicates the situation.",/jTtuvdARJp0v8EkVEgOtCawVIcr.jpg
5470,Beowulf,"Beowulf is a wanderer who learns about a man-eating creature called Grendel which comes in the night to devour warriors trapped at the Outpost. The Outpost is ruled by Hrothgar. He has a daughter, whose husband may have been murdered by the Outpost's master of arms",/6SP1gFKeHcEqfuqEF70uWI99huZ.jpg
10490,Drop Dead Gorgeous,"In a small Minnesota town, the annual beauty pageant is being covered by a TV crew. Former winner Gladys Leeman wants to make sure her daughter follows in her footsteps; explosions, falling lights, and trailer fires prove that. As the Leemans are the richest family in town, the police are pretty relaxed about it all. Despite everything, main rival (but sweet) Amber Atkins won't give up without a fight.",/lWCooTiA6sSLdCA4hzToHKKWBZb.jpg
41730,Desert Blue,"An academic obsessed with ""roadside attractions"" and his tv-star daughter finally discover the world's largest ice cream cone, the centerpiece for an old gold-rush town struggling to stay on the map. They end up staying longer than expected because of an accident that spilled an unknown cola ingredient all over the highway. They spend the next few days with the various residents of the town which include a teenage girl who loves to blow things up and a boy trying to keep alive his fathers dream of building a beachside resort in the middle of the desert.",/bHsLvpsTU5VI96YDCdJMmGz2M0o.jpg
13573,The United States of Leland,"A withdrawn young man, Leland Fitzgerald is imprisoned for the murder of a mentally disabled boy, who also happened to be the brother of his girlfriend, Becky. As the community struggles to deal with the killing, Pearl Madison, a teacher at the prison, decides to write about Leland's case. Meanwhile, others affected by the murder, including Becky and her sister, Julie, must contend with their own problems.",/tYcLARQ223D2YEILTl0Uj2g6eGR.jpg
112991,The Sleepy Time Gal,A young woman learns of her adoption and eventually quits her law firm job and goes on a journey to find her birth mother.,/qTnVbid27FMqS0lLY9mr3OXIFJv.jpg
184507,The Plastic Age,"Hugh Carver is an athletic star and a freshman at Prescott College. He falls in love with Cynthia Day, a popular girl who loves to go to parties. He finds that it is impossible to please her and still keep up with his studies and his athletic training, and soon the two face some difficult decisions.",/71i96X1YFteYFYinEKAnEfdaV8k.jpg
18222,Poison Ivy: The New Seduction,A sinister seductress vows to destroy a suburban family.,/zoJYW6qDORHWctx6vC4HgyRKBOk.jpg
9542,The Hitcher,"A young man who escaped the clutches of a murderous hitch-hiker is subsequently stalked, framed for the hitcher's crimes, and has his life made into hell by the same man he escaped.",/pdPKlwAOX66Zqktp1amFooovAjT.jpg
89326,96 Minutes,"The story of 4 lives slammed together in a shocking moment. Intercutting between a carjacking and the separate stories of the 4 kids, we watch as they hurtle toward a life-changing end.",/85hn31GS6V5axvm3BfpKY9GcVNt.jpg
80572,Intruder in the Dust,"Rural Mississippi in the 1940s: Lucas Beauchamp, a local black man with a reputation of not kowtowing to whites, is found standing over the body of a dead white man, holding a pistol that has recently been fired. Quickly arrested for murder and jailed, Beauchamp insists he's innocent and asks the town's most prominent lawyer, Gavin Stevens, to defend him, but Stevens refuses. When a local boy whom Beauchamp has helped in the past and who believes him to be innocent hears talk of a mob taking Beauchamp out of jail and lynching him, he pleads with Stevens to defend Beauchamp at trial and prove his innocence.",/vBowCf6E2FQdeOtQMBkyNNi8mHH.jpg
55667,Carnosaur 3: Primal Species,"International terrorists get a surprise when their cargo turns out to contain living dinosaurs. The army commando team now have to think fast, if they want to prevent the extinction of the human species, instead of the reptiles.",/ewNhASQV6zZnzomND2m1VBfs2Hh.jpg
101382,Utamaro and His Five Women,"Utamaro, a great artist, lives to create portraits of beautiful women, and the brothels of Tokyo provide his models. A world of passion swirls around him, as the women in his life vie for lovers. And, occasionally, his art gets him into trouble.",/5pnkRcvxhGWRccWSOGrhdf46CdM.jpg
22613,The Outlaw,"Newly appointed sheriff Pat Garrett is pleased when his old friend Doc Holliday arrives in Lincoln, New Mexico on the stage. Doc is trailing his stolen horse, and it is discovered in the possession of Billy the Kid. In a surprising turnaround, Billy and Doc become friends. This causes the friendship between Doc and Pat to cool. The odd relationship between Doc and Billy grows stranger when Doc hides Billy at his girl, Rio's, place after Billy is shot.",/fzmpEq8YeXww5bF9TrXNFtVimru.jpg
24684,An Education,"A coming-of-age story about a teenage girl in 1960s suburban London, and how her life changes with the arrival of a playboy nearly twice her age.",/n0mH5BgPjlMWJLWKhjtf5MDRrm9.jpg
24926,Winnie the Pooh and a Day for Eeyore,"Winnie the Pooh and friends decide to throw a birthday celebration for gloomy, old Eeyore.",/xnfhSH9e9RauzU6ysQxQsCiBD23.jpg
13250,Butterfly on a Wheel,A sociopathic kidnapper methodically pushes a desperate pair of parents to their absolute breaking point.,/wWe26HWNIogpYpGdvzizvBeH77p.jpg
37550,Seven Beauties,"Nominated for four Academy Awards including Best Director, Seven Beauties stars Giancarlo Giannini (Swept Away) as Pasqualino Frafuso, known in Naples as ""Pasqualino Seven Beauties."" A petty thief who lives off of the profits of his seven sisters while claiming to protect their honor at any cost, Pasqualino is arrested for murder and later sent to fight in the army after committing sexual assault. The Germans capture him and he gets sent to a concentration camp where he plots to make his escape by seducing a German officer.",/sjzvTaFHalbCKDJrHcvjb3WpeI5.jpg
12690,Appaloosa,Two friends hired to police a small town that is suffering under the rule of a rancher find their job complicated by the arrival of a young widow.,/ar26XwTJz6BPFRricdNpMctyjB0.jpg
22829,Paris When It Sizzles,"Hollywood producer Alexander Meyerheimer has hired drunken writer Richard Benson to write his latest movie. Benson has been holed up in a Paris apartment supposedly working on the script for months, but instead has spent the time living it up. Benson now has just two days to the deadline and thus hires a temporary secretary, Gabrielle Simpson, to help him complete it in time.",/ihxKpRoduDUbMkEXXpY5IbPwdy4.jpg
21338,Stone Cold,"Joe Huff (Brian Bosworth) is a tough, loner cop with a flair for infiltrating dangerous biker gangs. The FBI blackmail Joe into an undercover operation that entails infiltrating ""The Brotherhood"" - a powerful Mississippi biker gang linked in the murder of government officials as well as dealing drugs with the mafia.",/8933l0H7F5QZCRTxOnMGj0t89yp.jpg
13018,Deception,"As a corporate auditor who works in a number of different offices, Jonathan McQuarry wanders without an anchor among New York's power brokers. A chance meeting with charismatic lawyer Wyatt Bose leads to Jonathan's introduction to The List, an underground sex club. Jonathan begins an affair with a woman known only as S, who introduces Jonathan to a world of treachery and murder.",/mpRwbg5yZFdyeYCZ0eaEpKnhDsG.jpg
99650,Skyscraper,"Jon is 17. He lives in the midst of a claustrophobic world which once seemed destined to become a seething metropolis of high-rise tower blocks and intersections until one day an absurd traffic accident occurs. At the time, Jon was made responsible. He had just turned nine years of age. Ever since, Jon’s father has anxiously watched over Jon’s development. But then one day Jon’s desire is awakened by a girl and, all at once, his oppressive environment begins to change.",/5muoxLIskkr3ihq6RrpImuWS4ax.jpg
4975,Love Is the Devil: Study for a Portrait of Francis Bacon,"Biography of the British painter Francis Bacon. The movie focuses on his relationship with George Dyer, his lover. Dyer was a former small time crook.",/wRYFf3o6JP4ezL5Ci8yF8m7EHf6.jpg
125550,Two Women,"A sensation when released in 1999 in Iran, Two Women charts the lives of two promising architecture students over the course of the first turbulent years of the Islamic Republic. Tahimine Milani creates this scathing portrait of those traditions - aided by official indifference - which conspire to trap women and stop them from realizing their full potential; the inclusion of frank depictions of domestic violence was hailed by many as a breakthrough in dealing with a long taboo subject.",/3ufgiTVdXS607zki3qTd20mEpit.jpg
288288,I am Von Höfler Variation on Werther,"How does the process of film-making—like a huge carpet, of a 250 years saga of the Hungarian von Höfler family—render the chosen subject topical, re-liveable? And what is the topical signifier? is it merely a fleeting (a momentary) décollage — which is neither a piece of news, nor official history?",
43455,The Loves of Carmen,"Gypsy Carmen drives men wild in 1820s Spain, especially the dragoon Don Jose.",/scHdX9YXbkPeU6X3PRNNi0RFpbV.jpg
20003,House of Strangers,"Gino Monetti is a ruthless Italian-American banker who engaged in a number of criminal activities. Three of his four grown sons, refuse to help their father stay out of prison after he's arrested for his questionable business practices. Three of the sons take over the business but kick their father out. Max, a lawyer, is the only son that stays loyal to his father.",/pLVsEZX9smmDodgymvpRMdTQXWZ.jpg
23943,Zapped!,"Peyton and Barney are fun loving high school students working on a science project with white mice. When one of the mice begins to move food toward itself with out touching it, Barney finds he has accidently discovered a formula for telekinetic powers. Now, how much trouble can a high school boy who can move things with just his mind get into?",/ptMRq9SEoyjLfOYfx8ZYht0BdFI.jpg
9035,Slither,"A small town is taken over by an alien plague, turning residents into zombies and all forms of mutant monsters.",/oRwHmH4cPRAiCsMUCGaCwZQz0Jg.jpg
28871,How About You...,"The story of Ellie, a young woman left in charge of the residential home run by her older sister, over the Christmas period. Whilst most of the residents have left to spend the festive period with their families, four residents, known as 'the hardcore' remain. Their behavior is so terrible that the home faces closure as potential new residents are put off by their appalling ant",/ifgotVkxST5iZIqTtlQTDHG2O7v.jpg
9638,Phantasm,"A young boy and his friends face off against a mysterious grave robber known only as the Tall Man, who keeps a mysterious arsenal of terrible weapons with him.",/59GIYULisvSYMwawbbtCnjaPMAn.jpg
19101,A Little Princess,"When her father enlists to fight for the British in WWI, young Sara Crewe goes to New York to attend the same boarding school her late mother attended. She soon clashes with the severe headmistress, Miss Minchin, who attempts to stifle Sara's creativity and sense of self- worth.",/a7LslH4Ofdvi1oam9Bbhb2UyMR2.jpg
9336,Police Academy,"New rules enforced by the Lady Mayoress mean that sex, weight, height and intelligence need no longer be a factor for joining the Police Force. This opens the floodgates for all and sundry to enter the Police Academy, much to the chagrin of the instructors. Not everyone is there through choice, though. Social misfit Mahoney has been forced to sign up as the only alternative to a jail sentence and it doesn't take long before he falls foul of the boorish Lieutenant Harris. But before long, Mahoney realises that he is enjoying being a police cadet and decides he wants to stay... while Harris decides he wants Mahoney out!",/ApsenIoTzEScNe4HIRSKlmFQQhC.jpg
40652,The Married Woman,"Charlotte is young and modern, not a hair out of place, superficial, cool; she reads fashion magazines - does she have the perfect bust? She lives in a Paris suburb with her son and her husband Pierre, a pilot. Her lover is Robert, an actor. Assignations with him, dinner with her husband and a client, consulting a physician: there's tension at home, Pierre had her followed a few months before, their marital play has an edge, Pierre slaps her and apologizes. She quizzes Robert: is he acting when he's with her? Events may force her to choose Robert or Pierre. Close-ups fill the screen; is there more than surface? Her eyes tear up. The horrors of war provide a distant counterpoint.",/wmI5LfAhIdRnVWlWJTXiFdXiJLz.jpg
12490,Ordinary Decent Criminal,"Michael Lynch is a notorious criminal with two wives and a flair for showmanship. He's also a huge embarrassment to the local police, who are determined to bring him down once and for all.",/o4Ff4WvP2UhvzEVu76GZuXm9WcA.jpg
17985,Bleeder,"Leo and Louise are a young couple living together in Copenhagen. Leo often goes out with his friends while Louise usually stays home. But when Louise tells Leo she's pregnant, a spark is ignited and Leo begins to become cold and distant. His anger and self-hatred finally erupt into violence against Louise.",/xo48QMdeNwnB4cBpPpcGOiIr6Ae.jpg
8982,The Protector,"In Bangkok, the young Kham was raised by his father in the jungle with elephants as members of their family. When his old elephant and the baby Kern are stolen by criminals, Kham finds that the animals were sent to Sidney. He travels to Australia, where he locates the baby elephant in a restaurant owned by the evil Madame Rose, the leader of an international Thai mafia. With the support of the efficient Thai sergeant Mark, who was involved in a conspiracy, Kham fights to rescue the animal from the mobsters.",/wgipNtPvjzqqilVMKxZWIFKyGF5.jpg
53898,A Safe Place,"A young woman named Noah lives alone in New York. She is a disturbed flower child, who retreats into her past, yearning for lost innocence. She recalls her childhood, searching for a ""safe place."" As a child she met a magician in Central Park who presented her with magical objects: a levitating silver ball, a star ring, and a Noah's ark. She is romantically involved with two totally different men. Fred is practical but dull. Mitch is dynamic and sexy, her ideal fantasy partner. Neither man is able to totally fulfill her needs.",/y5c7qyYNTOcFp3f86JsYZVFjVry.jpg
115306,Ricky Rapper,"Ricky Rapper is rummuttava and rapping son, who lives in Peace - aunt. Peace and Risto end up in the strangest of adventures, even just trying to live normal , peaceful life.",/6rftfpwXxMl1btrhyj1oG8uI3c2.jpg
69605,Written on the Wind,A young woman marries into a corrupt oil family then falls for her husband's best friend.,/z1qmkqWPe8SjtgWkrj0GGeineTM.jpg
36278,Top Dog,"With his cop companion shot and killed by terrorists, Reno The Dog pairs up with tough cop Jake in thwarting the criminal organization.",/zPqf8FkzuHVvH9B3E1wPlIpcnf9.jpg
51072,Beautiful Lies,A hairdresser forwards a passionate love letter to her widowed mother.,/bHudClrADxC8uuOu7CrFOYVbZYP.jpg
16239,Will Ferrell: You're Welcome America - A Final Night with George W. Bush,"Will Ferrell stars in a stand-up comedy as George W. Bush in this take on the former President of the United States. After playing George W. Bush on Saturday Night Live for many years, funny man Will Ferrell brings his impression to Broadway to send up the 43rd President of the United States of America.",/oOW8LIQFjUnARhaYdeE1nTf6UYD.jpg
166798,Pathetic Fallacy,"Bimal is a taxi-driver in a small provincial town. He lives alone, his taxi (an old 1920 Chevrolet jalopy which he named Jagaddal) is his only companion and, although very battered, it is the apple of Bimal's eye.",/poTzLMAxBSKtWiiKoJYXBcKNCCB.jpg
109962,Rich and Famous,"Two literary women compete for 20 years: one writes for the critics; the other one, to get rich.",/tOflyY8eUFWubLKJH7fKg4KwpCl.jpg
26690,The Boston Strangler,"Boston is being terrorized by a series of seemingly random murders of women. Based on the true story, the film follows the investigators path through several leads before introducing the Strangler as a character. It is seen almost exclusively from the point of view of the investigators who have very few clues to build a case upon.",/yBSEUuuiDF3SCTphCF3OchvCZP0.jpg
41089,Under the Volcano,"Against a background of war breaking out in Europe and the Mexican fiesta Day of Death, we are taken through one day in the life of Geoffrey Firmin, a British consul living in alcoholic disrepair and obscurity in a small southern Mexican town in 1939. The Consul's self-destructive behaviour, perhaps a metaphor for a menaced civilization, is a source of perplexity and sadness to his nomadic, idealistic half-brother, Hugh, and his ex-wife, Yvonne, who has returned with hopes of healing Geoffrey and their broken marriage.",/lDvtFs4W6RUkPA0xKiSIfC9078p.jpg
93528,Wild Is the Wind,"Wild Is the Wind represents a (perhaps deliberate) reversal of the situation in The Rose Tattoo (1955). Whereas in Tattoo, Anna Magnani played a widow who could never find a man to measure up to her late husband, in Wind her character, Giola, marries widowed rancher Gino (Anthony Quinn), who is haunted by the memory of his first spouse. The situation is dicier in Wind, since Italian immigrant Gino's deceased wife was Giola's sister. Eventually tiring of her husband's mood swings, Giola turns to his son, Bene (Anthony Franciosa), for emotional and sexual gratification. A Hollywood approximation of the Italian neorealist school of filmmaking, Wild Is the Wind was based on Furia, a story by Vittorio Nino Novarese. ~ Hal Erickson, Rovi",/rovWX2PUuUho5jnuEOGAD04n3qE.jpg
27977,The Groove Tube,"Chevy Chase makes his film debut in this riotous collection of live skits. Directed by Ken Shapiro and featuring Chase, Richard Belzer and others, The Groove Tube mocks TV Land and its trappings by spoofing kids' shows -- from a marijuana-smoking Koko the Clown who resides in Make Believe Land, to Safety Sam, the penis with a plan who gleefully informs the audience of the perils of casual sex.",/vqavLV59So2EPCCDBGhTPXX50JM.jpg
760,The Mad Adventures of Rabbi Jacob,"In this riot of frantic disguises and mistaken identities, Victor Pivert, a blustering, bigoted French factory owner, finds himself taken hostage by Slimane, an Arab rebel leader. The two dress up as rabbis as they try to elude not only assasins from Slimane's country, but also the police, who think Pivert is a murderer. Pivert ends up posing as Rabbi Jacob, a beloved figure who's returned to France for his first visit after 30 years in the United States. Adding to the confusion are Pivert's dentist-wife, who thinks her husband is leaving her for another woman, their daughter, who's about to get married, and a Parisian neighborhood filled with people eager to celebrate the return of Rabbi Jacob.",/ml5QwbOcDMOaKBOZUZpjg8QsGBh.jpg
44389,Highball,A newly-married couple tries to build their social life.,/mNAFhejjIjrcmtoAaTaTer8vwNH.jpg
122884,Of Human Hearts,"This is a story about family relationships, set in the time before and during the American Civil War. Ethan Wilkins is a poor and honest man who ministers to the human soul, while his son Jason yearns to be a doctor, helping people in the earthly realm. It is a rich story about striving for excellence, the tension of father-son rebellion, and the love of a mother that can never die.",/zttaAyrEkafbmuSXvybqK9szYnf.jpg
100794,"Walking, Walking","Italian maestro Ermanno Olmi tells the tale of the journey of the Magi in this lyrical odyssey. The film focuses on a wise man who interprets his sighting of a comet streaking through the sky as a spiritual message. Joined by two associates, soldiers, villagers and others, the Magi sets out on a journey that tests his beliefs and strength.",/lgsnDttEkORlKPr4upcYfVJnOaT.jpg
92667,Black Fury,A simple Pennsylvania coal miner is drawn into the violent conflict between union workers and management.,/jOVGI39fs4iSbWQKtmwulGFoyhW.jpg
9495,The Crow,"Exactly one year after young rock guitarist Eric Draven and his fiancée are brutally killed by a ruthless gang of criminals, Draven -- watched over by a hypnotic crow -- returns from the grave to exact revenge.",/vrQZSCP3WeYXCTXdJQ6mXgxb9L4.jpg
5842,Versus,"Set in the present where a group of ruthless gangsters, an unknown woman and an escaped convict have met, unwittingly, in The Forest of Resurrection, the 444th portal to the other side. Their troubles start when those once killed and buried in the forest come back from the dead, with the assistance of the evil Sprit that has also come back, come back from ages past, to claim his prize. The final standoff between Light and Dark has never been so cunning, so brutal and so deadly. This is where old Japanese Samurai mysticism meets the new world of the gangster and the gun. Gruesome, bloody and positively bold.",/lwwlxtT6zPrBuLs3S8P1UVPOpm6.jpg
43012,Taras Bulba,"The Cossacks of Eastern Europe join the Poles to rid the Turks from the Steps of Europe. In return for their aid, the Poles agree to give control of the Steps to the Cossacks. After the battle, however, the Poles back out of their agreement and force the Cossacks into the hills. Taras Bulba, a Cossack Colonel, raises his son, Andrei Bulba to learn the ways of the Poles so he can one day defeat them in battle. In his learning process, however, Andrei falls in love with the daughter of a Polish Nobleman. This twist causes Andrei Bulba to choose between the love of the Cossacks, and the love of a woman, and causes Taras Bulba to choose between the love of his son, and the love of the Cossacks.",/xBRooO7lReYcLQucjkOHBiZzm5v.jpg
2085,Romeo Must Die,"Two warring gang families (one African-American, the other Chinese) maneuver for bragging rights to the Oakland, California, docks. Hang SIng and Trish O'Day uncover a trail of deceit that leaves most of the warring factions dead … or worse!",/4c5YlG72lFWdvCNkTJphc4OGjBX.jpg
31688,The Soviet Story,"“The Soviet Story” is a story of an Allied power, which helped the Nazis to fight Jews and which slaughtered its own people on an industrial scale. Assisted by the West, this power triumphed on May 9th, 1945. Its crimes were made taboo, and the complete story of Europe’s most murderous regime has never been told. Until now...",/ylSTGPrcte0U9S0yCQLE9LiPWcS.jpg
85621,Men in Hope,"Charming bon vivant Rudolf is convinced that infidelity is the basis for a happy marriage, since, after all, a woman does not want to be bored with her partner.",/v3xACKiMuwrWr78NtDFxCw7HkDP.jpg
29946,The Golden Bowl,"An intricately plotted tale of thwarted love and betrayal, ""The Golden Bowl"" tells the story of an extravagantly rich American widower and his sheltered daughter, both of whom marry only to discover that their respective mates, a beautiful American expatriate and an impoverished Italian aristocrat, are entangled with one another in a romantic intrigue of seduction and deceit.",/uDWTRCTvA1gyBi1QSNU2giIndch.jpg
36457,Mademoiselle,A sexually repressed school teacher releases her pent up passions in a series of shocking crimes.,/v6ShLVuGeAHmek6EvfGBSAJws1p.jpg
15263,McLintock!,"George Washington McLintock, 'GW' to friends and foes alike, is a cattle baron and the richest man in the territory. He anxiously awaits the return of his daughter Becky who has been away at school for the last two years. He's also surprised to see that his wife Katherine has also returned. She had left him some years before without really explaining what he done but she does make the point of saying that she's returned to take their daughter back to the State Capitol with her. GW is highly respected by everyone around him including the farmers who are pouring into the territories with free grants of land and the Indians who are under threat of being relocated to another reservation. Between his wife, his headstrong daughter, the crooked land agent and the thieving government Indian agent, GW tries to keep the peace and do what is best for everyone.",/hfAx4gHuAfURqvQ1LYaJRnS3TAg.jpg
20123,Time of the Gypsies,"In this luminous tale set in the former Yugoslavia, Perhan, an engaging young Romany with telekinetic powers, is seduced by the quick-cash world of petty crime that threatens to destroy him and those he loves.",/bexabpIfDX6LpOHzmgtyjXCunJM.jpg
108266,The Lone Ranger,The territorial governor asks the Lone Ranger to investigate mysterious raids on settlers by Indians who ride with saddles. Wealthy rancher Reese Kilgore wants to mine silver on Spirit Mountain which is sacred to the Indians.,/vt4sOhkSozh75Sc5wk0AQgWocZr.jpg
47650,Easy Street,"When Charlie the Tramp wanders into a mission he is smitten by Edna and puts back the collection box which he has taken. Reformed, he becomes a policeman and is assigned to rough-and-tumble Easy Street. Unable to trick or beat Eric the Tough, he puts Eric's head in a gas pipe and anesthetizes him. A hero, he now helps many poor people living on Easy Street. Eric escapes jail, Edna is kidnapped, but Charlie (recharged after sitting on a doper's needle) conquers all. Easy Street is transformed as is Eric.",/iwC1esWImnV0CvAB7j3KQ9nXxG4.jpg
45043,Lies,"A story about the bizarre sexual relations of 38-year-old married man J and 18-year-old student Y. After an initial encounter, they embark on a sexual odyssey that visits the realms of obsession and sadomasochism.",/qVdTgyhfQrWMEK7KCsx1R7inBN5.jpg
10323,Clash of the Titans,"To win the right to marry his love, the beautiful princess Andromeda, and fulfil his destiny, Perseus must complete various tasks including taming Pegasus, capturing Medusa's head, and battling the Kraken monster.",/75OBW467vx8ceJMSRK4NhOXk5Rc.jpg
45964,When a Stranger Calls,"A psychopathic killer terrorizes a babysitter, then returns seven years later to menace her again.",/mdhpKVuuNZcc9noZzYXruxeIxdJ.jpg
19311,$9.99,"Have you ever wondered ""What is the meaning of life? Why do we exist?"" The answer to this vexing question is now within your reach! You'll find it in a small yet amazing booklet, which will explain, in easy to follow, simple terms your reason for being! The booklet, printed on the finest paper, contains illuminating, exquisite colour pictures, and could be yours for a mere $9.99.",/g3wmvVxwISW2BcbZh94ksMcKGjR.jpg
33258,More American Graffiti,College graduates deal with Vietnam and other issues of the late '60s.,/bI5occnKoGLwBdGg6AgTbYb2YTi.jpg
33391,Charlie Chan in London,"After receiving congratulations from the Home Secretary for solving his most recent case, Charlie is sought out by Pamela Gray, a beautiful but desperate young socialite whose brother Paul awaits execution for the murder of a weapons inventor. She is so convinced of his innocence that she becomes distraught when she overhears Neil Howard, her brother's lawyer and her fiancee, confide to the detective his belief in his client's guilt. Angered at this disclosure, she returns his ring and breaks off the engagement. Although the execution will take place in 65 hours, Charlie pledges to expose the murderer. All potential suspects are reassembled in the country mansion of family friend Geoffrey Richmond, where the murder took place, as Charlie tries to expose the real murderer before time runs out.",/mC3BeyEXYi1qMS4H8RqsbjJ7VXx.jpg
17130,Crossroads,"Three friends get together and bury a box making a pact to open it at midnight at their high school graduation. In the little town in Georgia that they live in, things soon change. One is little miss perfect, one is an engaged prom queen, and the other is a pregnant outcast. The night of graduation, they open the box and they strike up a conversation. All of a sudden, one brings up the topic of her going to Los Angeles for a record contract audition. They all decide to go together and they leave. With a little money, they set out on the road with a guy named Ben. When one of them tells the other a rumor that he might be a homicidal maniac they are all scared of him. When they reach LA, Lucy falls in love with Ben and against her father's wishes, she stays and she goes to the audition.",/egIs4cWxn0iBErFKrQ7STckjj49.jpg
43962,Malaya,"After living abroad for several years, journalist John Royer returns to the United States just after the U.S. enters World War II. His boast that he could easily smuggle rubber, a key wartime natural resource, out of Malaya has him tasked with doing just that. He manages to get someone from his past, Carnaghan, sprung from Alactraz and together they head off to South East Asia posing as Irishmen. Once there, Carnaghan lines up some of his old cronies and with Royer and a few plantation owners plans to smuggle the rubber out from under the Japanese army's watchful eye.",/zZxal0Q4i78LKd04kuxxBIITKjF.jpg
105763,A Chef in Love,"The story of Pascal Ichak, a larger-than-life French traveller, bon vivant, and chef, who falls in love with Georgia and a Georgian princess in the early 1920s. All is well until the arrival of the Red Army of the Caucasus, as the Soviet revolution that has swept Russian comes to Georgia. Told as a flashback from the present, as a French-Georgian man whose mother was Pascal's lover translates his memoirs for Pascal's niece.",/lxaM217Bcjcpq7WRR1xsXCJ8Kda.jpg
19727,Streets of Blood,"A police officer's partner has died during Hurricane Katrina, but he later discovers that his partner may have been murdered. An investigation follows, taking the officer and his new partner into the depths of the criminal underworld.",/9NUD0Gq2RjiEVsVLVpsYXHY617K.jpg
17443,...And Justice for All,"An ethical Baltimore defense lawyer disgusted with rampant legal corruption is asked to defend a judge he despises in a rape trial. But if he doesn't do it, the judge will have him disbarred.",/xiMZwW8GJiJteLZttRwxVi7oFet.jpg
5890,Azumi 2: Death or Love,"Young assassins Azumi and Nagara continue their mission to prevent a civil war. In their hunt for Masayuki Sanada, who is protected by both an army and a dangerous clan, they meet Ginkaku, a person who shows a remarking resemblance with former friend Nachi.",/aQXLfLihzgh5ZR3wVIOJHYsYQAe.jpg
10865,Atlantis: The Lost Empire,"The world's most highly qualified crew of archaeologists and explorers is led by historian Milo Thatch as they board the incredible 1,000-foot submarine Ulysses and head deep into the mysteries of the sea.",/9kbLIQEj99g5Hb9g1IG3VNdtt3h.jpg
11588,The I Inside,"Simon Cable wakes up in a hospital bed, confused and disoriented. He soon discovers from doctors that he has amnesia and is unable to remember the last two years of his life. Cable investigates what has happened to him and slowly pieces together his enigmatic past.",/A5F586c9YTAqKwozcJr7rhbrlGv.jpg
22994,The Fighting Seabees,"Construction workers in World War II in the Pacific are needed to build military sites, but the work is dangerous and they doubt the ability of the Navy to protect them. After a series of attacks by the Japanese, something new is tried, Construction Battalions (CBs=Seabees). The new CBs have to both build and be ready to fight.",/aafTT0TZ3KKZjU3afcOYVhl3ibx.jpg
40028,Not of This Earth,A science fiction vampire movie. The Vampire is an emissary from an embattled world near destruction who teleports to Earth to see if they can live here. He finds that our blood is nourishing and that at least one source of it is a steady stream of transfusions. He hypnotizes a Dr. to provide them and has his blond nurse move in to administer them.,/pk6YIPP5LxzMFt3mkbiiATzCTYM.jpg
825,Playing by Heart,"Eleven articulate people work through affairs of the heart in L.A. Paul produces Hannah's TV cooking show. Mark is dying of AIDS. Men have scalded Meredith so she rebuffs Trent's charm, but he persists. The trendy, prolix Joan tries to pull the solitary Keenan into her orbit. An adulterous couple meet at hotels for evening sex. Hugh tells tall tales, usually tragic, to women in bars.",/2j4ABlRueaSI7fWBcl9vAiFPHQD.jpg
45301,Outrage,"Lainie Wheeler has two daughters, but her husband leaves them for a Thai monastery. She completely neglects her job in TV production but finds a new vocation in nursing terminal patients, even after the death of her friend in that home. She also finds a new lover, Matt Harper, who is also great with her kids, but still gets addicted to pills, causes a major accident, loses custody and needs long-term institutionalized therapy. After her release, a friend gets her another job in TV production, which makes her meet baseball star Harry Brewer. When he proves adulterous and gets too intimate, she ends up murdering him. Detective Webster investigates..",/fmlSL6qwOQT2AHaFbn8bHFHCaQm.jpg
61895,Pageant,A portrait of five men competing in the Miss Gay America pageant.,/962bouSBvJrClFyeY81p2rvTx8A.jpg
1691,Hostel: Part II,"Following a geographical tour of Slovakia, three young American women are lured into a hostel by a handsome young man who sells them to the twisted masters, ties them up and brings upon an unthinkable world of pain.",/fRRjGgHCh6dWvRn1wSbv2VMO6JL.jpg
40867,The Pajama Game,Employees of the Sleeptite Pajama Factory are looking for a whopping seven-and-a-half cent an hour increase and they won't take no for an answer. Babe Williams is their feisty employee representative but she may have found her match in shop superintendent Sid Sorokin. When the two get together they wind up discussing a whole lot more than job actions! Written by A.L. Beneteau,/fGzJvlWYcGfBwf81fOSjVSkILx5.jpg
10083,No Way Out,"Navy Lt. Tom Farrell meets a young woman, Susan Atwell , and they share a passionate fling. Farrell then finds out that his superior, Defense Secretary David Brice, is also romantically involved with Atwell. When the young woman turns up dead, Farrell is put in charge of the murder investigation. He begins to uncover shocking clues about the case, but when details of his encounter with Susan surface, he becomes a suspect as well.",/6XoG37a4U7Jum8ChYoMHq6l5NQQ.jpg
984,Dirty Harry,"When a madman dubbed 'Scorpio' terrorizes San Francisco, hard-nosed cop, Harry Callahan – famous for his take-no-prisoners approach to law enforcement – is tasked with hunting down the psychopath. Harry eventually collars Scorpio in the process of rescuing a kidnap victim, only to see him walk on technicalities. Now, the maverick detective is determined to nail the maniac himself.",/6AlKDmfVi5cqQFprxJCf1FWihPk.jpg
49948,Fantasia 2000,"Blending lively music and brilliant animation, this sequel to the original 'Fantasia' restores 'The Sorcerer's Apprentice' and adds seven new shorts.",/5rwAtUaKEK48CPUijVfVU0IPKPZ.jpg
11907,Nobody Loves Me,No overview found.,/lnfMQ6K2EgJpn2JZTadnaufiwiR.jpg
67429,The Model Couple,"In 1977 France, the Ministry of the Future chooses two “normal,” white, middle-class citizens, Claudine (Anémone) and Jean-Michel (André Dussolier), for a national experiment. They will be monitored and displayed on television for six months in a model apartment outfitted with state-of-the-art products and nonstop surveillance—the template for “a new city for the new man.",/AsOS3RPeWEwHr0zX6av0uTYzJAT.jpg
8867,The Punisher,"The avenging angel of Marvel Comics fame comes brilliantly to life in this searing action-adventure thriller! Dolph Lundgren stars as Frank Castle, a veteran cop who loses his entire family to a mafia car bomb. Only his ex-partner believes Castle survived the blast to become THE PUNISHER ... a shadowy, invincible fighter against evil who lives for total revenge on his mob enemies.",/9OjFAb9r21TNJIbbMVAZtbj3I60.jpg
24795,Angels in the Outfield,"Roger is a foster child whose irresponsible father promises to get his act together when Roger's favourite baseball team, the California Angels, wins the pennant. The problem is that the Angels are in last place, so Roger prays for help to turn the team around. Sure enough, his prayers are answered in the form of angel Al.",/zdbzzEoWMYztvfGjm4kyKntwhEq.jpg
32622,Angela,"A ten year old girl named Angela leads her six year old sister, Ellie, through various regimens of 'purification' in an attempt to rid themselves of their evil, which she believes to be the cause of their mother's mental illness. Precocious, to say the least, Angela has visions of Lucifer coming to take her and her sister away, and one of her remedies for this is for them to remain within a circle of their dolls and toys until they see a vision of the virgin Mary come to them. But such thinking can only lead to an ending befitting of her own mental state.",/dw5RWgSSDV5h3ZKS0oSzPe6A26p.jpg
16453,Zach Galifianakis: Live at the Purple Onion,"From an inauspicious beginning performing comedy routines in the back of a burger joint in New York, unorthodox stand-up star Zach Galifianakis has made a splash on the scene with his inimitable brand of humor. In this live show filmed at San Francisco's Purple Onion nightclub, the versatile funnyman serves up a healthy dose of his signature wit.",/2ueUwhOQqm8QdolnXqJ1JHJprkC.jpg
13387,Transporter 3,"Frank Martin puts the driving gloves on to deliver Valentina, the kidnapped daughter of a Ukranian government official, from Marseilles to Odessa on the Black Sea. En route, he has to contend with thugs who want to intercept Valentina's safe delivery and not let his personal feelings get in the way of his dangerous objective.",/d3rokRfJUtSg3wFaTdUKKodhfaA.jpg
59013,The Royal Scandal,"Sir Arthur Conan Doyle's Sherlock Holmes - the world's greatest detective - faces a most alluring adversary... Legendary opera star Irene Adler is threatening to destroy the King of Bohemia's reputation with proof of their illicit affair. The evidence? A photograph. Her ransom? The king's hand in marriage. But not only does investigating detective Sherlock Holmes already know Irene from the past, he also knows that the queen of manipulation would never resort to such a common crime. After uncovering her true ambitions, Holmes draws the cunning songstress into a well-matched game of cat and mouse",/coqd1E0frjbFgWEmVA72aGhVGyB.jpg
11379,The Adventures of Buckaroo Banzai Across the 8th Dimension,"Adventurer/surgeon/rock musician Buckaroo Banzai and his band of men, the Hong Kong Cavaliers, take on evil alien invaders from the 8th dimension.",/zaIvuZWPtmyQvsYMeLtox4vTlD2.jpg
47072,Final Cut,"A group of friends gather for a wake, and are shown a video shot by Jude (Jude Law) and starring them before he dies. Things go rapidly downhill.",/r1BAHYvTnEkIW0AHepp2p2m9gL8.jpg
119819,The Call of the Wild,"Jack Thornton has trouble winning enough at cards for the stake he needs to get to the Alaska gold fields. His luck changes when he pays $250 for Buck, a sled dog that is part wolf to keep him from being shot by an arrogant Englishman also headed for the Yukon. En route to the Yukon with Shorty Houlihan -- who spent time in jail for opening someone else's letter with a map of where gold is to be found -- Jack rescues a woman whose husband was the addressee of that letter. Buck helps Jack win a $1,000 bet to get the supplies he needs. And when Jack and Claire Blake pet Buck one night, fingers touch.",/yhlz8WV0BhlgkPVy4AAceFmlpAX.jpg
29080,Heights,"'Heights' follows five characters over 24 hours on a fall day in New York City. Isabel, a photographer, is having second thoughts about her upcoming marriage to Jonathan, a lawyer. On the same day, Isabel's mother Diana learns that her husband has a new lover and begins to re-think her life choices and her open marriage. Diana and Isabel's paths cross with Alec, a young actor, and with Peter, a journalist. As the interrelated stories proceed, the connections between the lives of the five characters begin to reveal themselves and their stories unravel. Isabel, Jonathan, Diana, Alec, and Peter must choose what kind of lives they will lead before the sun comes up on the next day.",/dahrn0iNx1yl1v7SybEbCGjGj1r.jpg
71065,The Last of the Mohicans,"As Alice and Cora Munro attempt to find their father, a British officer in the French and Indian War, they are set upon by French soldiers and their cohorts, Huron tribesmen led by the evil Magua. Fighting to rescue the women are Chingachgook and his son Uncas, the last of the Mohican tribe, and their white ally, the frontiersman Natty Bumppo, known as Hawkeye.",/aJTmtv0zrAVyCv7RnWENVoIU9nf.jpg
8900,Lion's Den,"Julia, a 25 year-old university student, two weeks pregnant, with no criminal record, is sent to prison. Julia murdered the father of her child. This story addresses maternity, jail and Justice; confinement, guilt and solitude; but above all it deals with Julia and her son, Tomas, born inside an Argentinean prison.",/bLVUPhLCBzEv9TGlvVmNh51ufPS.jpg
39916,Contamination,"A former astronaut helps a government agent and a police detective track the source of mysterious alien pod spores, filled with lethal flesh-dissolving acid, to a South American coffee plantation controlled by alien pod clones.",/diSSYPayASVx7SzNBxagM5oYnFn.jpg
11066,Boomerang,"Marcus is a successful advertising executive who woos and beds women almost at will. After a company merger he finds that his new boss, the ravishing Jacqueline, is treating him in exactly the same way. Completely traumatised by this, his work goes badly downhill.",/3dDufFHAuVXpfMdXkDUC0M0Y5TL.jpg
11676,Nothing to Lose,"Advertising executive Nick Beame learns that his wife is sleeping with his employer. In a state of despair, he encounters a bumbling thief whose attempted carjacking goes awry when Nick takes him on an involuntary joyride. Soon the betrayed businessman and the incompetent crook strike up a partnership and develop a robbery-revenge scheme. But it turns out that some other criminals in the area don't appreciate the competition.",/15g7RCzoqWit51lKTr3zg1NjnBx.jpg
46334,Captain Conan,"Bulgaria near the end of World War I: Conan, warrior and wolf, leads a band of 50 ruthless French fighters who love hand-to-hand combat. Their motto: ""We forgot to take prisoners, Captain."" At war's end, the unit goes to Bucharest, where Conan tries to keep them out of trouble, defends them when they behave as warriors, and finds he's unsuited for peacetime. His friendship with Norbert, a teacher turned lieutenant, is tested when Norbert accepts a job as court-martial prosecutor because he's learned that Conan will be facing charges and he wants to protect his friend. When they are sent to the Russian border to fight Bolsheviks, Conan is back in his element and Norbert is off the hook.",/eN8Qpfdp76jdhyNvSzZPwLv1sjM.jpg
49935,Thieves,"In the middle of the night, someone brings Ivan's body home to his wife and his sad-faced, jug-eared son. Through flashbacks, the film discloses the relationships among Ivan and his brother Alex, a cop with a cleanliness fetish; siblings Juliette and Jimmy, Ivan's partners in a seedy nightclub; the love triangle of Alex, Juliette, and Marie, a professor of philosophy; and of Alex and his nephew, Ivan's dour, stoic son. Ivan's death changes every relationship.",/xP3ZftHUF5k004hNvWKk9iMn65K.jpg
441,Human Nature,"A philosophical burlesque, Human Nature follows the ups and downs of an obsessive scientist, a female naturalist, and the man they discover, born and raised in the wild. As scientist Nathan trains the wild man, Puff, in the ways of the world - starting with table manners - Nathan's lover Lila fights to preserve the man's simian past, which represents a freedom enviable to most.",/2NGy7wfkYkbgFHnDJhYhonqHRrA.jpg
3079,The Curse of Frankenstein,Baron Victor Frankenstein has discovered life's secret and unleashed a blood-curdling chain of events resulting from his creation: a cursed creature with a horrid face — and a tendency to kill.,/f4dwXdeZFHzLKMNgKGe46RWsMmM.jpg
17818,San Antonio,"Rancher Clay Hardin arrives in San Antonio to search for and capture Roy Stuart, notorious leader of a gang of cattle rustlers. The vicious outlaw is indeed in the Texan town, intent on winning the affections of a beautiful chanteuse named Jeanne Starr. When the lovely lady meets and falls in love with the charismatic Hardin, the stakes for both men become higher.",/sqpf435UImu8wlBE55byzFGf2xB.jpg
2357,10 Items or Less,"An actor who is considering the role of a supermarket manager arrives at a grocery store on the outskirts of Los Angeles to do some field research. He subsequently becomes stranded, without a car or cell phone, and accepts a ride home with Scarlet, a cashier who is about to interview for a new job. The actor rediscovers the essence of his craft while helping Scarlet gain the confidence she needs to change her life.",/zBKOY3fJNQZ88VNM7oLz1l7aBZF.jpg
21991,State and Main,"A Hollywood Film unit invades a small Vermont town leading to wholesale abandonment of values and virtue. A smart, warm and funny movie - and not just for movie buffs. Tagline: When a film crew came to Waterford, Vermont - They Shot First And Asked Questions Later.",/nHOFpTXRTXVyZcaY65x8Lj5zq0N.jpg
57447,The House with Laughing Windows,"Stefano, a young restorer is commissioned to save a fresco representing the suffering of St. Sebastiano. The fresco painter was Legnani, and the fresco is his last work. Legnani apparently was mentally disturbed. He was used to paint people close to die or in agony. These facts together with the strange atmosphere that surround this village near Ferrara, in the north of Italy, contribute to put Stefano in a nightmare reality. Soon reality will change into horror.",/aB4eJPAsR8q2ughPRVSk0OezBJS.jpg
75622,Rampart,"Follows veteran police officer Dave Brown, the last of the renegade cops, as he struggles to take care of his family, and fights for his own survival.",/iyQgIe3Lm6jliVD1aCVl5PytqwU.jpg
36211,Japón,"A painter from the big city goes to a remote canyon to commit suicide. To reach some calmness he stays at the farmstead of Ascen, an old religious woman. Although but a few words are spoken love grows.",/yC04VrOlofWc17lVWvD8JaKTD0g.jpg
82311,Wild River,"A young field administrator for the TVA comes to rural Tennessee to oversee the building of a dam on the Tennessee River. He encounters opposition from the local people, in particular a farmer who objects to his employment (with pay) of local black laborers. Much of the plot revolves around the eviction of an elderly woman from her home on an island in the River, and the young man's love affair with that woman's widowed granddaughter.",/bXla3L4tjHXBo2li4WnU0mbcLAP.jpg
127818,Eyes of the Mothman,Feature length documentary of the real story behind the legend of The Mothman.,/3aGccFAroBMMEHQVaHC4lyeTztv.jpg
26661,Abbott and Costello Meet the Mummy,"When the murder of an archaeologist puts a valuable medallion into their hands, Abbott and Costello waste little time in trying to sell it, only to find themselves pursued by police, a slinky adventuress, an Egyptian high priest, and the mummy himself.",/aHKjPVnDwE6iiz3pVj7MGwXo8B.jpg
14455,When the Last Sword Is Drawn,"Kanichiro Yoshimura is a Samurai and Family man who can no longer support his wife and children on the the low pay he receives from his small town clan, he is forced by the love for his family to leave for the city in search of higher pay to support them.",/wedrCuVHaa7XAQc0JYifB4VHqHL.jpg
44747,The Caddy,"The origin of Anthony and Miller, a wildly successful comedy team, can be traced back several years to Harvey Miller's stage fright on the golf links. Although the son of a skilled golfer and an outstanding player in his one right, Miller is too nervous to golf in front of a gallery. He becomes coach and caddy for Joe Anthony, his girlfriend's brother, who must convince his fisherman father that hitting a little ball into a hole can be more lucrative than trawling the Pacific Ocean. While on the PGA tour, their natural comedic abilities are recognized by a shrewd agent who senses their talent and potential, and a new comedy team is born.",/s7UFtn22lRSR1NJpAksXbkQfe7A.jpg
43145,One Hour with You,"Andre and Colette Bertier are happily married. When Colette introduces her husband to her flirtatious best friend, Mitzi, he does his best to resist her advances. But she is persistent, and very cute, and he succumbs. Mitzi's husband wants to divorce her, and has been having her tailed. Andre gets caught, and must confess to his wife. But Colette has had problems resisting the attentions of another man herself, and they forgive each other.",/gbLuCxCBRwoWPzc02lVhbirHU25.jpg
10093,The Return,"Joanna Mills has a successful career but feels her personal life is spinning out of control. She has few friends, an estranged father, and a crazy ex-boyfriend who is stalking her. Joanna begins having terrifying visions of a woman's murder, and it seems that she is the killer's next target. Determined to solve the mystery and escape her apparent fate, Joanna follows her visions to the victim's hometown and finds that some secrets just do not stay buried.",/qplM1tq6X1I1yMuANV2Cc8yeAuJ.jpg
27449,Baby Face,"A young woman uses her body and her sexuality to help her climb the social ladder, but soon begins to wonder if her new status will ever bring her happiness.",/jA7mZe3Xtvgp3XQ5by7JeHW0lLq.jpg
10694,The Chase,"Jack Hammond is sentenced to life in prison, but manages to escape. To get away from the police he takes a girl as hostage and drives off in her car. The girl happens to be the only daughter of one of the richest men in the state. In a while the car chase is being broadcast live on every TV-channel.",/d45y1No7drszD304ncZKYDRdiU7.jpg
480,Monsoon Wedding,From an exciting Indian wedding comes a relationship from two different times not only showing the modern but also the traditional. Different characters and stories interact with each other in director Mira Nair film where she used an Indian-American production to illustrate these themes modern day Indians are very familiar with.,/2LysDwqhK0GlGtQqjPCiDeiBoqU.jpg
9972,Lock Up,"Frank Leone is nearing the end of his prison term for a relatively minor crime. Just before he is paroled, however, Warden Drumgoole takes charge. Drumgoole was assigned to a hell-hole prison after his administration was publicly humiliated by Leone, and has now arrived on the scene to ensure that Leone never sees the light of day.",/jZHNC2ZzhDBb1WfrFc9DSSs7449.jpg
10652,Hamburger Hill,"The men of Bravo Company are facing a battle that's all uphill… up Hamburger Hill. Fourteen war-weary soldiers are battling for a mud-covered mound of earth so named because it chews up soldiers like chopped meat. They are fighting for their country, their fellow soldiers and their lives. War is hell, but this is worse. Hamburger Hill tells it the way it was, the way it really was. It's a raw, gritty and totally unrelenting dramatic depiction of one of the fiercest battles of America's bloodiest war. This happened. Hamburger Hill - war at its worst, men at their best.",/dv7kAXS2wFWuCdMmB1lw1dyo358.jpg
14673,Savage Streets,A teenage vigilante seeks revenge on a group of violent thugs who raped her handicapped sister and murdered her best friend.,/mKbd9NoYz10Ffqflp0coMHcG7XH.jpg
58570,Where a Good Man Goes,"Fresh from a prison term, a former Triad boss resides in a hotel in Macau, where he befriends its owner and her young son.",/pHLgNvIEaSVheUrvZYF32AOmS7J.jpg
30022,Lady on a Train,"While waiting at a train station, Nikki Collins witnesses a murder from a nearby building. When she brings the police to the scene of the crime, they think she's crazy since there's no body. She then enlists a popular mystery writer to help with her sleuthing",/dpBKCWV6XOYs4pC4BgoJwFan6hx.jpg
71067,Tess of the Storm Country,"Wealthy Elias Graves builds his home on the top of a hill, where a group of squatters have taken up residence at the bottom. Many of the men in the squatters' village have their eyes on young Tess, and one of them, Ben Letts, frames Tess's father for murder. While maintaining her father's innocence, Tess must keep her love for Graves' son a secret, while caring for Elias' daughter's illegitamate child.",/prwkCGF1ZoQihqAEaxkkjDl9ZPp.jpg
17159,Eddie Murphy Raw,"Eddie Murphy delights, shocks and entertains with dead-on celebrity impersonations, observations on '80s love, sex and marriage, a remembrance of Mom's hamburgers and much more.",/6hLlDbhxkjqDlTWklYXERDYX7SL.jpg
70804,J'accuse!,"The story of two men, one married, the other the lover of the other's wife, who meet in the trenches of the First World War, and how their tale becomes a microcosm for the horrors of war.",/iqKDkHMZzF3rdhe7deH9tsX28Yu.jpg
99040,The Confessional,"The year is 1952, in Quebec City. Rachel (16), unmarried and pregnant, works in the church. Filled with shame, she unburdens her guilt to a young priest, under the confidentiality of the confessional. In the present year of 1989, Pierre Lamontagne has returned to Quebec to attend his father's funeral. He meets up with his adopted brother, Marc, who has begun questioning his identity and has embarked on a quest for his roots that would lead them to the Quebec of the 1950s. Past and present converge in a complex web of intrigue where the answer to the mystery lies.",/8RCRrSAY8e3Qn5p9cNv188ogmZQ.jpg
10944,In the Cut,"Following the gruesome murder of a young woman in her neighborhood, a self-determined woman living in New York City--as if to test the limits of her own safety--propels herself into an impossibly risky sexual liaison. Soon she grows increasingly wary about the motives of every man with whom she has contact--and about her own.",/iKKrASV3chFhbjip0Knu2GQr7SJ.jpg
2701,Abraham,"This engrossing dramatization of the life of Abraham, the most tested servant of God and the father of Judaism, spans from the patriarch's quest for the Promised Land to the sacrifice of his son, Isaac.",/cPeRNJmEzuoW5M1MVfO81VTxz3u.jpg
14448,Love Songs,"This modernist musical about love and loss in Paris centers around a young couple, Ismael and Julie, who in the hope of sparking their stalled relationship, enter a playful yet emotionally laced threesome with Alice. When tragedy strikes, these young Parisians are forced to deal with the fragility of life and love. For Ismael, this means negotiating through the advances of Julie's sister and a young college student – one of which may offer him redemption.",/nbxn9MyWbcGxYQGt5J1kKQcyYJM.jpg
21219,Mobsters,"The story of a group of friends in turn of the century New York, from their early days as street hoods to their rise in the world of organized crime...",/cnwwWcrQObhjQskLMjxAW0nbwmQ.jpg
36513,No Man of Her Own,"Babe Stewart, a card cheat who has to go on the lam to avoid a pesky cop, meets a lonely, but slightly wild, librarian, Connie Randall, while he is hiding out. The two get married after Connie wins a coin flip and they move back to the city. Babe continues his gambling/cheating scheme unbeknownst to Connie. When she discovers his ""other life"", she presures him to quit. Babe feels crowded and tells her that he is leaving for South America. In fact, Babe has decided he wants to go straight and turns himself in to the cops.",/9fZxHfa3x3Q0F2lCjhZMJj9vM9n.jpg
40075,"Ator, the Fighting Eagle","The son of Torren learns of his heritage, goes to avenge the deaths of his fellow villagers, and rescue his sister/love interest from the evil Dakkar and his spider cult. Ator battles giant spiders, swordsmen cloaked in shadow, re-animated dead warriors, and horribly hideous witches.",/8kCSlYRv9FzIsslxqoeEWfwP9JL.jpg
42640,The Big Trail,"Breck Coleman leads a wagon train of pioneers through Indian attack, storms, deserts, swollen rivers, down cliffs and so on while looking for the murder of a trapper and falling in love with Ruth Cameron.",/6uvnyapOMclNz2Uop7bcxpYiP3b.jpg
27092,Burnt Money,"Set in Argentina in 1965, the story follows the tumultuous relationship between two men who became lovers and ultimately ruthless bank robbers in a notoriously famous footnote in the annals of crime history. After a large-scale hold-up that turns bloody, the two men must flee. It is not long before the police are surrounding the building they are in and they must confront their demons to survive.",/xa8LEvgr0ZXK00bG3X0o56UA2u1.jpg
5919,The Towering Inferno,"At the opening party of a colossal - but poorly constructed - office building, a massive fire breaks out that threatens to destroy the tower and everyone in it.",/atGCmFz8L5KmmVmP4kFcrS1vCyd.jpg
31894,The Tuskegee Airmen,"During the Second World War, a special project is begun by the US Army Air Corps to integrate African American pilots into the Fighter Pilot Program. Known as the ""Tuskegee Airman"" for the name of the airbase at which they were trained, these men were forced to constantly endure harassement, prejudice, and much behind the scenes politics until at last they were able to prove themselves in combat.",/r0WGtjLLrPPtyteWHFKKnjTM4id.jpg
41965,Paperhouse,"Anna is becoming lost in the loneliness of her own world when she discovers she can visit another, a house she has drawn herself and occupied by a young disabled boy. But as she discovers more of the links between her fantasy world and the mundane present, she is drawn only deeper into a dream turning into a nightmare.",/oBMWThoPjXHDK0L7AqrpTZxzJzj.jpg
80639,They Won't Forget,"A southern town is rocked by scandal when teenager Mary Clay is murdered on Confederate Decoration Day. Andrew Griffin, a small-time lawyer with political ambitions, sees the crime as his ticket to the Senate if he can find the right victim to finger for the crime. He sets out to convict Robert Hale, a transplanted northerner who was Mary's teacher at the business school where she was killed. Despite the fact that all the evidence against Hale is circumstantial, Griffin works with a ruthless reporter to create a media frenzy of prejudice and hate against the teacher.",/u5mBO1y2Nw27E2dqJIGtfOqu1Om.jpg
9389,Renaissance,"To find Ilona and unlock the secrets of her disappearance, Karas must plunge deep into the parallel worlds of corporate espionage, organized crime and genetic research - where the truth imprisons whoever finds it first and miracles can be bought but at a great price.",/qLCgkxWisyDBLLQWaANRiaMG6wn.jpg
22779,Victory Through Air Power,"This is a unique film in Disney Production's history. This film is essentially a propaganda film selling Major Alexander de Seversky's theories about the practical uses of long range strategic bombing. Using a combination of animation humorously telling about the development of air warfare, the film switches to the Major illustrating his ideas could win the war for the allies.",/pEtigwyam4ZD0ZWC3Nv6sRp8WPj.jpg
13183,Watchmen,"In a gritty and alternate 1985 the glory days of costumed vigilantes have been brought to a close by a government crackdown, but after one of the masked veterans is brutally murdered, an investigation into the killer is initiated. The reunited heroes set out to prevent their own destruction, but in doing so uncover a sinister plot that puts all of humanity in grave danger.",/1QqwJBv5a6ddgzaT6cLytJioyrJ.jpg
38996,Dead of Night,"A young soldier is killed in the line of duty in Vietnam. That same night, he returns home, brought back by his mother's wishes. Upon his return, Andy sits in his room, refusing to see his friends or family, venturing out only at night. The vampiric horror is secondary to the terror that comes from the disintegration of a typical American family.",/nze6F88gcFdoCzesqonsZQNSWhp.jpg
37691,Bread and Roses,"Maya is a quick-witted young woman who comes over the Mexican border without papers and makes her way to the LA home of her older sister Rosa. Rosa gets Maya a job as a janitor: a non-union janitorial service has the contract, the foul-mouthed supervisor can fire workers on a whim, and the service-workers' union has assigned organizer Sam Shapiro to bring its ""justice for janitors"" campaign to the building. Sam finds Maya a willing listener, she's also attracted to him. Rosa resists, she has an ailing husband to consider. The workers try for public support; management intimidates workers to divide and conquer. Rosa and Maya as well as workers and management may be set to collide.",/7zEnvqFgD1JEHcsO5JbLcLWi4RO.jpg
118872,The Subject Was Roses,"When Timmy Cleary (Sheen), comes home from soldiering, he's greeted by the open but strained arms of his two parents, John and Nettie, (Neal and Albertson). Once considered sickly and weak, he has now distinguished himself in the service and is ready to begin a new life. His parents, however, are still trapped in the bygone days of early and unresolved marital strife and begin emotionally deteriorating through several drama packed encounters. Now mature, the young Tim Cleary finally understands the family dynamics that has played all throughout his boyhood. By the simple act of bringing his mother roses on behalf of his father, Tim realizes he may have destroyed his family, but is helpless to obtain resolution which must come from both his parents.",/g33XRkBsob9uOr60ttiCCOVo2kb.jpg
32558,Portrait of Jennie,A mysterious girl inspires a struggling artist.,/j5DTpw9PhPAkGIwfyEjAIntxO87.jpg
9445,Apt Pupil,Neighborhood boy Todd Bowden discovers that an old man living on his block named Arthur Denker is nazi war criminal. Bowden confronts Denker and offers him a deal: Bowden will not go to the authorities if Denker tells him stories of the concentration camps in WWII...,/6AAdkNH1JQtpiWQxeHb1GTCKHVS.jpg
13166,Freddy Got Fingered,"An unemployed cartoonist moves back in with his parents and younger brother Freddy. When his parents demand he leave, he begins to spread rumors that his father is sexually abusing Freddy.",/j9OW0LoLHxTokSssf1gGe5P1GUY.jpg
10923,Agent Cody Banks,"Recruited by the U.S. government to be a special agent, nerdy teenager Cody Banks must get closer to cute classmate Natalie in order to learn about an evil plan hatched by her father. But despite the agent persona, Cody struggles with teen angst.",/bVw0GpAhBvnlZcySdmNvwmcHgjO.jpg
54700,The Presence,"In this darkly romantic ghost story, a woman travels to an isolated cabin where she is stalked by an apparition who inhabits her space as his own. With the unexpected arrival of the woman’s boyfriend, the dark spirit’s haunting grows obsessive. Soon the woman begins to exhibit weirdly irrational behavior as the thin line between sanity and possession begins to unravel. Is she battling her inner demons, or is a much darker presence threatening them all?",/fVlJEyFCKhDdNxaChSbP8PZMRCD.jpg
39830,Bass Ackwards,"A man coming off a disastrous affair with a married woman has a lyrical, strange and comedic cross-country journey in a modified VW bus.",/zM74i9PIefCWLxNKWzdWyOKD7Wg.jpg
7512,Idiocracy,"To test its top-secret Human Hibernation Project, the Pentagon picks the most average Americans it can find - an Army private and a prostitute - and sends them to the year 2505 after a series of freak events. But when they arrive, they find a civilization so dumbed-down that they're the smartest people around.",/fPAhLmWdXDuwDPb37ccc6DqkJiw.jpg
34151,Blame It on the Bellboy,"Mike Lawton, Maurice Horton, and Melvin Orton are three men who come to Venice. One of them is a hit man sent to take out a mobster. Another is a lech looking for a little action with a woman he never met, whom he was set up with. And one of them was sent by his employer to inspect a property his boss wants to buy. All three men stay at the same hotel. But when the bellboy gets their names mixed up and gives info meant for someone else. So one of them meets a Realtor who will whatever she has to, to close the sale. And another follows a woman looking for romance. And another goes to the home of the mobster who thinks he's sent there to kill him.",/59Ycm4iV6GKsOT4uUlp5g7rcm7r.jpg
2649,The Game,"In honor of his birthday, San Francisco banker Nicholas Van Orton, a financial genius and a coldhearted loner, receives an unusual present from his younger brother, Conrad -- a gift certificate to play a unique kind of game. In nearly a nanosecond, Nicholas finds himself consumed by a dangerous set of ever-changing rules, unable to distinguish where the charade ends and reality begins.",/4b7QXyDJsDFXrwVHUNlrmezCZJC.jpg
293094,Aliisa,A finnish TV-movie by Jukka Sipilä,
48958,My Life So Far,"Memoir of the lives of a family growing up on a post World War I British estate headed up by a strong disciplinarian, her daughter, her inventor husband, their ten year old son, and his older sister. Through the household comes a number of suitors hoping to impress the young woman, including an aviator. When the elder woman's son shows up at the estate with his French fiancé, everything gets thrown into turmoil. The young boy takes a sudden interest in her sexual allure and his father is disturbed by his own non-Victorian feelings.",/fMeIRG7klgqXWpUrneqnbe4i4NV.jpg
28498,Theatre of Blood,A Shakespearean actor takes poetic revenge on the critics who denied him recognition.,/edoXcTEmlPnH1MaPuNV2diUEn4W.jpg
26371,Maurice,"After his lover rejects him, a young man trapped by the oppressiveness of Edwardian society tries to come to terms with and accept his sexuality.",/4MI2y8XViPrDiKs1p0QC4bTeZzf.jpg
42633,No Way to Treat a Lady,"Christopher Gill is a psychotic killer who uses various disguises to trick and strangle his victims. Moe Brummel is a single and harassed New York City police detective who starts to get phone calls from the strangler and builds a strange alliance as a result. Kate Palmer is a swinging, hip tour guide who witnesses the strangler leaving her dead neighbor's apartment and sets her sights on the detective. Moe's live-in mother wishes her son would be a successful Jewish doctor like his big brother.",/s7PNSefGqMsucSxPD9p8qD6lmEO.jpg
10551,Family Business,"Jessie is an aging career criminal who has been in more jails, fights, schemes, and lineups than just about anyone else. His son Vito, while currently on the straight and narrow, has had a fairly shady past and is indeed no stranger to illegal activity. They both have great hope for Adam, Vito's son and Jessie's grandson, who is bright, good-looking, and without a criminal past.",/9HhRk8eUjxUf0CDHTS9YcUk8TTB.jpg
42750,Return of the Secaucus Seven,"Seven former college friends, along with a few new friends, gather for a weekend reunion at a summer house in New Hampshire to reminisce about the good old days, when they got arrested on the way to a protest in Washington, DC.",/AmKpvX0l7y82jrgKrfDduikfZVd.jpg
36599,Prom Night,"This slasher movie follows a relentless killer who is out to avenge the death of a young girl who died after being bullied and teased by four of her classmates. Now high-school students, the guilt-ridden kids have kept their involvement a secret, but when they start being murdered, one by one, it's clear that someone knows the truth. Also coping with the past are members of the dead girl's family, most notably her prom-queen sister, Kim Hammond (Jamie Lee Curtis).",/3KIy1qFmdLMwUrSlRAiovX5anhR.jpg
51426,Battle Cry,"The dramatic story of US marines in training, in combat and in love during World War II. The story centres on a major who guides the raw recruits from their training to combat. Based on the novel by Leon Uris.",/hIeu0LbC9seFu8R0byoKz1zqBUu.jpg
63574,Joyful Noise,"G.G. Sparrow faces off with her choir's newly appointed director, Vi Rose Hill, over the group's direction as they head into a national competition.",/xknpkPZavfK3cEwrrq8CRTYJE4o.jpg
122163,Jill Rips,"A tough guy goes undercover on a personal mission of vengeance into the hardcore world of S&amp;M, to find out who's responsible for the death of his brother.",/sZ9uAKvYGmvEoUl2yCRKm2ISTvj.jpg
29444,S.F.W.,An alienated and misanthropic teenager gains sudden and unwanted celebrity status after he's taken hostage by terrorists where his indifference to their threats to kill him makes news headlines.,/2o9zTDKdC4MHNIYBLgFMpO5ik9o.jpg
2069,The Whole Nine Yards,"A mobster named Jimmy the Tulip agrees to cooperate with an FBI investigation in order to stay out of prison; he's relocated by the authorities to a life of suburban anonymity as part of a witness protection program. It's not long before a couple of his new neighbors figure out his true identity and come knocking to see if he'd be up for one more hit, suburban style.",/rnXnZrKipVb8v4mS2Oo6Ga2O0fg.jpg
26531,The Little Princess,The classic Shirley Temple film in which a little girl goes in search of her father who is reported missing by the military during World War I.,/xr3TBVOYcBQlRBBt7XxaljIwTPa.jpg
59111,Kalamity,"Haunted by memories of his ex-girlfriend Alice, a heartbroken Billy returns home to Northern Virginia seeking solace from old friends. But what he finds there is more disconcerting: his best friend Stanley has become unstable, mysterious and withdrawn from those around him. Billy teams up with another old friend to find out what's going on and as they probe Stanley's recent activities, their friend's behaviour seems more and more bizarre and frightening.",/bbWMd41fS8bV4uxOAYTDcRZLrL1.jpg
41160,The Match,The Match is a romantic comedy set against the story of a grudge football match between two pubs. The prize for the winner of the centenary match is the the closure of their opponent's bar. The Match was mainly filmed around Straiton in Ayrshire.,/o6Yr8Uquruxz5tBrSJGbtBN28Eo.jpg
16153,Alice Doesn't Live Here Anymore,A recently widowed woman on the road with her precocious young son determined to make a new life for herself as a singer.,/k2D6D2tf1toPjqG4e4RjfG1a0bb.jpg
4832,The 11th Hour,"A look at the state of the global environment including visionary and practical solutions for restoring the planet's ecosystems. Featuring ongoing dialogues of experts from all over the world, including former Soviet Prime Minister Mikhail Gorbachev, renowned scientist Stephen Hawking, former head of the CIA R. James Woolse",/z5cwoiZ6t5rCOtPp9UR6iq7ueya.jpg
16843,11:11,"Eighteen years after the murder of her parents, Sara Tobias searches for the meaning of the numbers '11:11' that was scratched in blood beside her mother's body. Following three sudden murders, supernatural events are unleashed as she gets closer to the truth.",/3VDn37olTJMYemzGe6oTnxv2bwX.jpg
38970,"Remember Me, My Love","The story of a normal Italian family in which come out the dreams of those who have lost their possibilities and of those who want to realize them. Carlo and Giulia are a married couple who have each given up their aspirations in order to live an average life. Their 19-year-old son, Paolo, is having trouble finding an identity, while their 18-year-old daughter, Valentina, has already figured out how to use sex to her advantage. The family goes through a crisis when Carlo begins having an affair, Giulia attempt to seduce the director of a local stage production she is in, and Valentina does what she does best to land an audition for a TV show",/abPnBHUm7b3r1NO2LGo0ltlBkRg.jpg
8780,Baby Mama,"A successful, single businesswoman who dreams of having a baby discovers she is infertile and hires a working class woman to be her unlikely surrogate.",/8YFiUegDjZPuNF1qdENDkcWfXPx.jpg
43341,Cat-Women of the Moon,Astronauts travel to the moon where they discover it is inhabited by attractive young women in black tights.,/1rZEddwQ5QnmGZtynGPHrV2joHp.jpg
101325,The Forger,"While staying at a picturesque village, a teen encounters the underground world of art forgery.",/4PclX0u4l5gUHKrySCny4S2uz2n.jpg
526,Ladyhawke,"Captain Etienne Navarre is a man on whose shoulders lies a cruel curse. Punished for loving each other, Navarre must become a wolf by night whilst his lover, Lady Isabeau, takes the form of a hawk by day. Together, with the thief Philippe Gaston, they must try to overthrow the corrupt Bishop and in doing so break the spell.",/51RFCKLFuEbvLQsFzXcupQnkoRD.jpg
73348,Where Love Has Gone,A divorced couple's teen-age daughter stands trial for stabbing her mother's latest lover.,/cMjDg1tB9QGcq1geGvrNjJEJ6ht.jpg
1279,Samaritan Girl,"Yeo-jin and Jae-yeong are two teenage girls who are trying to earn money for a trip to Europe. To reach this end, Jae-yeong is prostituting herself while Yeo-jin acts as her pimp, setting her up with the clients and staying on guard for the police. Things take a turn for the worse when Yeo-jin gets distracted from her duty and the police raid the motel where Jae-yeong is meeting with a client. To avoid getting caught, Jae-yeong jumps out of a window, fatally injuring herself.",/1fsOMSQb5w5I9qe4kmKueBAdMhp.jpg
18172,All the Right Moves,"Sensitive study of a headstrong high school football star who dreams of getting out of his small Western Pennsylvania steel town with a football scholarship. His equally ambitious coach aims at a college position, resulting in a clash which could crush the player's dreams",/kSrtxWweaqce1zuzF2rw7uYFwRB.jpg
810,Shrek the Third,"The King of Far Far Away has died and Shrek and Fiona are to become King &amp; Queen. However, Shrek wants to return to his cozy swamp and live in peace and quiet, so when he finds out there is another heir to the throne, they set off to bring him back to rule the kingdom.",/lA17Mlz8hXVZsW5Y3WuUa8KPilQ.jpg
26830,Gonin,"Five men plot to steal a large sum of money from the local yakuza, but everything does not go as planned and the men find themselves hunted down by contract killers",/iK9FvzLQMrQwyVDbLbcb9ZfTckR.jpg
16016,Journey to Saturn,"A Danish crew of misfits travel to Saturn in search for natural resources. However, the planet is colonized by a ruthless army of Aliens that turn their eye on Earth and invade Denmark. Thus, the crew change their mission to liberate Denmark.",/7H6F1y4KKe2GUwSlzwQZBpx2gsC.jpg
21376,A Force of One,Karate champion Matt Logan is enlisted by the police to train officers in self-defense after narcotics agents are killed by an assailant using the martial arts.,/A1xwmtxohyAKPVloYoBL1Apj8WI.jpg
49220,Zozo,A Lebanese boy gets separated from his family during the civil war and ends up in Sweden.,/6Zlr4XwstMHwLfjHugQklw05dhQ.jpg
42645,The Horse in the Gray Flannel Suit,"Frederick Bolton has to solve two problems. First, his boss has instructed him to come up with a reasonable campaign to promote a new product, a stomach pill named ""Aspercel"" - by tomorrow. The second problem is Fred's daugther, Helen. She is absolutely fond of horses, takes riding classes and has already had decent success in some competitions. Her biggest wish is to own a horse herself, a dream her father cannot afford at all. Now Fred tries to solve both problems at once by simply combining them: A horse named ""Aspercel"", ridden by his daugther should bring the name of the pill into the papers and make Helen happy, too. But there's still one more obstacle: Helen and Aspercel of course have to win a few prices to make this idea work...",/idOPjd1XJJxugHcJlTFa5AJzVJB.jpg
52345,Lisbela and the Prisoner,"Lisbela is a young woman who loves going to the movies. Leléu is a con man, going from town to town selling all sort of things and performing as master of ceremonies for some cheesy numbers, such as the woman who gets transformed into a gorilla. He gets involved with Linaura, a sexy and beautiful woman who happens to be the wife of the most frightening hitman of the place. The hitman finds out his wife's affair and goes after Leléu, who has to leave in a hurry. In another town, he meets and falls instantly in love with Lisbela, who is engaged to Douglas, a hillbilly who tries hard to pass for a cosmopolitan Rio de Janeiro dweller.",/9nlaRxQeYaMrVVANMppagFohCRP.jpg
30903,Blade of the Ripper,"Newly married to an older man, Julie returns to Vienna, where a razor wielding slasher is killing women. Jean, her cruel and sadistic former lover, immediately contacts her, certain that only he can satisfy her strange vice. But she rejects him. She also meets George, the handsome cousin of her friend Carol; both are newly rich, thanks to an uncle's death. Julie's husband Neil is away frequently, so George pours on the charm. Meanwhile, it seems that the slasher is now focused on Julie. Bodies pile up, other murders are barely avoided, and George invites her to go away with him. Can it end happily?",/xeUp2iC4w7TY5Wz3gLJKcadg6IO.jpg
4474,My Super Ex-Girlfriend,"When New York architect Matt Saunders dumps his new girlfriend Jenny Johnson - a smart, sexy and reluctant superhero known as G-Girl - she uses her powers to make his life a living hell!",/aP7lAuOywcuUVk9kVMdj2FNDQy7.jpg
29787,Monkey Shines,"A quadriplegic man is given a trained monkey help him with every day activities, until the little monkey begins to develop feelings, and rage, against its new master and those who get too close to him.",/ddcNlSKvfLzYzZ44NLTrF3gYNMS.jpg
9540,Dead Ringers,"Elliot, a successful gynecologist, works at the same practice as his identical twin, Beverly. Elliot is attracted to many of his patients and has affairs with them. When he inevitably loses interest, he will give the woman over to Beverly, the meeker of the two, without the woman knowing the difference. Beverly falls hard for one of the patients, Claire, but when she inadvertently deceives him, he slips into a state of madness.",/9ZGBwiWIvN9KmHaLeSS5it44G21.jpg
3529,The Thin Man,"After a four year absence, one time detective Nick Charles returns to New York with his new wife Nora and their dog, Asta. Nick re-connects with many of his old cronies, several of whom are eccentric characters, to say the least. He's also approached by Dorothy Wynant whose inventor father Clyde Wynant is suspected of murdering her step-mother. Her father had left on a planned trip some months before and she has had no contact with him. Nick isn't all that keen on resuming his former profession but egged-on by wife Nora, who thinks this all very exciting, he agrees to help out. He solves the case, announcing the identity of the killer at a dinner party for all of the suspects.",/rEXmQIgG8aHiZZbYAPdJjZNUxa.jpg
15157,Another Cinderella Story,"A guy who danced with what could be the girl of his dreams at a costume ball only has one hint at her identity: the Zune she left behind as she rushed home in order to make her curfew. And with a once-in-a-lifetime opportunity in front of him, he sets out to find his masked beauty.",/fLdCKCfHT8A6bnWybBsQFjC4fCo.jpg
30175,Morgan Stewart's Coming Home,"After seven years in boarding school, Morgan Stewart is finally coming home. He discovers it's not the same happy home it used to be....",/glAKt0E2PTdInc2hH7XpsSzyU93.jpg
33034,Keeper of the Flame,Famed reporter Stephen O'Malley travels to a small town to investigate the death of a national hero.,/6aTWR8cEKTuQbMUbAAjBbptEPNm.jpg
145504,The Secret Nation,"In this Bolivian story, a man remembers his life while on a journey which will help him expiate his sins and which will result in his death. The focus on the story is on a man who has betrayed everyone he knows. He is planning to perform an ancient ritual dance which will end with his life being taken. He journeys from where he was living back to the village where most of the people he wronged still live. As he journeys, carrying his distinctive dance costume, his story is told in flashbacks. Once he gets there, he gets involved in the affairs of the villagers once more.",/zMkoqLFQx1eVgUYhm7h5AKrnrHw.jpg
121707,Montana,"An Australian sheep man comes to Montana looking for grazing space, is opposed by local ranchers and a wealthy cattle-woman.",/7X0nX6tMHyobz4A6R5D82htaTkZ.jpg
104449,A Perfect Couple,"Offbeat but endearing romantic comedy about unlikely match-up (by computer dating) of straitlaced Dooley, under the thumb of overbearing father, and singer Heflin, whose life is wrapped up with her familial rock group.",/4ib0QODUh2XpS1XllV9k6kdM0we.jpg
10970,Silent Movie,"Aspiring filmmakers Mel Funn, Marty Eggs and Dom Bell go to a financially troubled studio with an idea for a silent movie. In an effort to make the movie more marketable, they attempt to recruit a number of big name stars to appear, while the studio's creditors attempt to thwart them. The film contains only one word of dialogue, spoken by an unlikely source.",/wajNlrVDkryVGTzDz9vZE6XKZnC.jpg
14674,Man of the West,"Heading east to Fort Worth to hire a schoolteacher for his frontier town home, Link Jones is stranded with singer Billie Ellis and gambler Sam Beasley when their train is held up. For shelter, Jones leads them to his nearby former home, where he was brought up an outlaw. Finding the gang still living in the shack, Jones pretends to be ready to return to a life crime.",/tQFMuyUvQyPyHyhKgAUdjoNT5ZK.jpg
17915,Dance with Me,"Young Cuban Rafael just buried his mother, and comes to Houston to meet his father John for the first time. The difficult part is that John doesn't know he is Rafael's father. John runs a dance studio, and everyone prepares for the World Open Dance championship in Las Vegas. It soon becomes clear Rafael is a very good dancer, and Ruby is the biggest hope for the studio at the championship.",/5BVHdE90wQullQl63oTjHbcSJLS.jpg
9871,Ginger Snaps,"The story of two outcast sisters, Ginger (Katharine Isabelle) and Brigitte (Emily Perkins), in the mindless suburban town of Bailey Downs. On the night of Ginger's first period, she is savagely attacked by a wild creature. Ginger's wounds miraculously heal but something is not quite right. Now Brigitte must save her sister and save herself.",/ChTLC17F4nIjA7jP4F6QX9A8FJ.jpg
16194,Not Quite Hollywood,"As Australian cinema broke through to international audiences in the 1970s through respected art house films like Peter Weir's ""Picnic At Hanging Rock,"" a new underground of low-budget exploitation filmmakers were turning out considerably less highbrow fare. Documentary filmmaker Mark Hartley explores this unbridled era of sex and violence, complete with clips from some of the scene's most outrageous flicks and interviews with the renegade filmmakers themselves.",/xBvPMwQLibqP7F8h4Fjcf5myIz0.jpg
140413,All Night Long,"Executive George Dupler loses his temper and is demoted to the night manager at a 24 hour drugstore. After he suggests to his teenage son Freddie that he stop having an affair with suburban housewife Cheryl Gibbons, who is a distant cousin, Cheryl tries to seduce George. At home, in front of his mother, Freddie accuses his dad of stealing his girl, because he found Cheryl serving George a meal in the middle of the night, while her husband Bobby was on duty at the fire station. George then separates from his wife Helen, quits his job, moves into a warehouse, and asks Cheryl to move in with him",/4ieEU1iEiqg4FtUW5pV78ffuCmB.jpg
24129,The Simple-Minded Murderer,"The feeble-minded Sven's mother dies and he gets work as a farm-hand at the rich, affluent Höglund's farm. He has to work without pay and sleeps together with the cows. He meets the disabled Anna who is the first one to treat him as an adult. One day he has had enough of Höglund's maltreatment and moves in with Anna's family. Plot by Mattias Thuresson.",/f2yAPnQv5F2SdVxvZXR2yCxSTdU.jpg
242621,Nob Hill,"A Barbary Coast saloon owner hopes to marry his way into San Francisco's high society. Directed by Henry Hathaway, the film was released in 1945.",/4Ghtk9C1dbsoMfX1fU9S92XUmDe.jpg
2895,The Apostle,"After his happy life spins out of control, a preacher from Texas changes his name, goes to Louisiana and starts preaching on the radio.",/9TENkQeln0bdLnlO1VdoCd5HCSi.jpg
65726,Lake Tahoe,A story of a teenager and the strange events that take place in his small town.,/4s8wAxcx87imkuT5EHZfFCv4arp.jpg
7861,Outsourced,"After his entire department is outsourced, an American novelty products salesman heads to India to train his replacement.",/fv3nicRKDT0EJ9pmwYxPeRtaB6h.jpg
92285,Lies My Father Told Me,A Jewish boy grows up in 1920s Montreal with a grandfather who tells stories and a father who won't work.,/8CetctU7x0fw9C7qmg7VAoPXIt3.jpg
55063,Still Bill,"STILL BILL is an intimate portrait of soul legend Bill Withers, best known for his classics “Ain’t No Sunshine,” “Lean On Me,” “Lovely Day,” “Grandma’s Hands,” and “Just the Two of Us.” With his soulful delivery and warm, heartfelt sincerity, Withers has written the songs that have – and always will – resonate deeply within the fabric of our times. Filmmakers Damani Baker and Alex Vlack follow Withers and offer a unique and rare look inside the world of this fascinating man. Through concert footage, journeys to his birthplace, interviews with music legends, his family and closest friends, STILL BILL presents the story of an artist who has written some of the most beloved songs in our time and who truly understands the heart and soul of a man.",/shfLgTt8PGax80iZgvMqEs9S7is.jpg
10499,The Legend of Rita,"Rita Vogt is a radical West German terrorist who abandons the revolution and settles in East Germany with a new identity provided by the East German secret service. She lives in constant fear of having her cover blown, which unavoidably happens after the German re-unification.",/lt9vjcsiaINTabwbKqe7S3iYuSi.jpg
167087,Asfalto,"Three young and desperate inhabitants of Madrid attempt to rise above their circumstances by any means available to them in that sun-drenched city. This tight-knit trio must scramble when their hasty plans become derailed by a demanding matriarch, an abusive older brother, and the entire corrupt underclass with which they deal.",/iCqNOYtPt6ztsACLbEhDu375BKV.jpg
40810,The Streetfighter,"Terry is a tough mercenary and a master of martial arts. When an important business magnate dies, leaving billions to his daughter, the Mafia and Yakuza try to hire Terry to kidnap the daughter. When they refuse to meet his exorbitant price, then try to kill him to conceal their secret plans, he promptly offers his services to protect her. Much ultra-violent martial-arts fighting action, as expected, ensues. This also includes a subplot of a family's blood-feud with Terry over a disputed debt.",/4Gu8Qnjwj4b6HTg20rJRIOuYFrQ.jpg
48515,Japanese Summer: Double Suicide,"A sex-obsessed young woman, a suicidal young man she meets on the street, a gun-crazy wannabe gangster—these are just three of the irrational, oddball anarchists trapped in an underground hideaway in Oshima’s devilish, absurdist portrait of what he deemed the “death drive” in Japanese youth culture.",/mTSrYeDL0Ro9Ic29PHw5o6HqVgr.jpg
57829,The Mill and the Cross,"What would it be like to step inside a great work of art, have it come alive around you, and even observe the artist as he sketches the very reality you are experiencing? From Lech Majewski, one of Poland's most acclaimed filmmakers, The Mill and the Cross is a cinematic re-staging of Pieter Bruegel's masterpiece ""Procession to Calvary,"" presented alongside the story of its creation.",/3IKLkxxXf38C2hY9ONi6Lvlz1qM.jpg
16204,The Girl in the Park,"A mother, enduringly traumatized by the disappearance of her three-year old daughter 15 years ago, has cut herself off from her ex-husband and son. However, when a troubled young woman with a checkered past enters her life, old psychic wounds painfully resurface, as does the illogical and increasingly irrational hope that the young woman may be the daughter she lost so long ago.",/vakUHyTjHGEW72jklV7odWQTpkJ.jpg
24122,The Rebound,"Sandy, upon discovering her husband's infidelity while watching her son's birthday video, leaves the suburbs and moves into the city. She gets an apartment that's above a coffee house where she befriends one of the workers, Aram, a guy whose wife only married him so she could get a green card. Aram's family thinks he's wasting his life and education by working in the coffee house. Soon after moving into the apartment, Sandy hires Aram to be her nanny while she takes on work for the first time since her children where born. It isn't long when Aram and Sandy find they get along wonderfully and start to date. But the question is: is their relationship real or is it, in fact, just a rebound for both of them?",/nkkFebe8ZgE843rnTrlaRWJy0g9.jpg
47653,The Immigrant,Charlie is an immigrant who endures a challenging voyage and gets into trouble as soon as he arrives in America.,/rDRCnZHvvoJoEJCjvqsKAOt6eCu.jpg
14324,Virgin Territory,"The film is set in Tuscany during the Black Death. As in the Decameron, ten young Florentines take refuge from the plague. But instead of telling stories, they have lusty adventures, bawdy exchanges, romance and swordplay. There are randy nuns, Saracen pirates, and a sexy cow.",/2HOSvq9HwBV49mxQ6rNFzlPqMdY.jpg
77074,Romantic Comedy,Jason Carmichael is a popular New York City playwright in desperate need of a new writing partner who can provide him with inspiration. Phoebe Craddock is a small-town teacher who aspires to be a writer.,/3Ay90w3QJaDZK2KircdGY7GUjbK.jpg
11406,Goldene Zeiten,No overview found.,/lEsUrbVH4gjhKR6jnPBXcbZC29Q.jpg
16083,First Snow,A psychic's ominous reading sends a man into a tailspin.,/oCdvDYRevyvDzwAoNzOVY9cN6Y0.jpg
24214,The President's Analyst,"At first, Dr. Sidney Schaefer feels honored and thrilled to be offered the job of the President's Analyst. But then the stress of the job and the paranoid spies that come with a sensitive government position get to him, and he runs away. Now spies from all over the world are after him, either to get him for their own side or to kill him and prevent someone else from getting him.",/8COOrbIRy3v2MB2gPj3XVdg63BV.jpg
245984,The Singing Marine,"Bob Brent, a young Marine from Arkansas, impresses his comrades with his singing ability, and they pitch in to send him to New York to compete in an amateur contest. Success in the contest, however, sets him up for trouble in romance, in his career, and with the Corps.",/xRwr3R7hrAPZXWKuyBSkO4q5jVl.jpg
40254,Whispering Corridors,"While investigating the school files, the frightened teacher Mrs. Park startles and calls the young teacher Eun-young Hur, telling her that the deceased Jin-ju Jang is back. The line dies and Mrs. Park is attacked and killed by a ghost. On the next morning, the teenager Jae-yi Yoon waits for her friend Ji-oh Lim, who has the ability to call the spirits, and they begin a close friendship. The abusive and aggressive Mr. Oh, a.k.a. Mad Dog, is the substitute of Mrs. Park and prohibits Ji-oh to paint and compares the performances of the pretty So-young Park and the weird Jung-sook Kim, raising a barrier between the two former friends. Miss Hur misses her former friend Jin-ju, who committed suicide, and while trying to contact her, she discloses a dark secret about the past of her friend and Mrs. Park.",/mILDwl8Pv69TPG5adlB1gtuD2Iq.jpg
12811,Birdwatchers,"Mato Grosso do Sul, Brazil, the present. When a young Guarani-Kaiowá woman commits suicide, Nádio leads his community to form a protest camp on the borders of a local farm that sits on their ancestral burial ground.",/4AfsRaV5ViGAd4mDWG021VDPfYF.jpg
13532,Fanboys,"In 1999, Star Wars fanatics take a cross-country trip to George Lucas' Skywalker Ranch so their dying friend can see a screening of The Phantom Menace before its release.",/ywI92p2x7D96nuEayGVOMll35SF.jpg
95536,A Talking Picture,"A meditation on civilization. July, 2001: friends wave as a cruise ship departs Lisbon for Mediterranean ports and the Indian Ocean. On board and on day trips in Marseilles, Pompeii, Athens, Istanbul, and Cairo, a professor tells her young daughter about myth, history, religion, and wars. Men approach her; she's cool, on her way to her husband in Bombay. After Cairo, for two evenings divided by a stop in Aden, the captain charms three successful, famous (and childless) women, who talk with wit and intellect, each understanding the others' native tongue, a European union. The captain asks mother and child to join them. He gives the girl a gift. Helena sings. Life can be sweet.",/vIko8ZUUnDUeu6ERF6ndJX0LOoh.jpg
27318,Jack Frost,"Serial killer is genetically mutated in car wreck on the way to his execution. After which, he becomes a murdering snowman hell-bent on revenge for the sheriff who caught him.",/3H3cvVzlTddpnywZ4ytreMc98Pz.jpg
24092,2LDK,"Nozomi and Lana share an apartment in Tokyo. They have both auditioned for the same role in a movie, and know that the shortlist has been cut down to just the two of them. As they wait the night before finding out who will get the role, their personality clashes erupt into an all-out battle.",/amGc1h3nvLBau1AiR8J1izHhxHh.jpg
752,V for Vendetta,"In a world in which Great Britain has become a fascist state, a masked vigilante known only as 'V' conducts guerrilla warfare against the oppressive British government. When 'V' rescues a young woman from the secret police, he finds in her an ally with whom he can continue his fight to free the people of Britain.",/AoGpqw4S4ZGgwhlM3FgzFVwyIGl.jpg
13243,Meet Bill,A mild-mannered bank executive (Aaron Eckhart) mentors a teenage con artist and tries to make a career change as a doughnut merchant.,/8PVpgaTuJcnkrMtfsPDpWwFLHa.jpg
64868,Greyfriars Bobby: The True Story of a Dog,"In Scotland 1865, An old shepherd and his little Skye terrier go to Edinburgh. But when the shepherd dies of pneumonia, the dog remains faithful to his master, refuses to be adopted by anyone, and takes to sleeping on his master's grave in the Greyfriars kirkyard, despite a caretaker with a ""no dogs"" rule. And when Bobby is taken up for being unlicensed, it's up to the children of Edinburgh and the Lord Provost to decide what's to be done.",/llkgVitkTZMr9nhN4mAG1g8eEX7.jpg
84303,Smilin' Through,"John has lead a solitary life for thirty years since the death of Moonyeen Clare. But now Owens, a close friend, insists that he care for his niece, Kathleen, orphaned when her parents were lost at sea. Kathleen is five, but the years pass and now she is a young woman who is the image of Moonyeen. Willy wants Kathleen for his wife, but Sparks fly when she meets Kenneth Wayne one dark and stormy night. John is horrified for it was Wayne's father who shot Moonyeen dead on her wedding day and John has never found him or forgiven the family. When Ken goes off to war, John forbids any marriage and Ken agrees, while Kathleen does not. When Ken returns four years later when the war is over, he is crippled. He conceals his condition and makes plans to leave for America.",/fUK1QEdq6eYZfaTRXjzyStTdEBT.jpg
571,The Birds,"Chic socialite Melanie Daniels enjoys a passing flirtation with an eligible attorney in a San Francisco pet shop and, on an impulse, follows him to his hometown bearing a gift of lovebirds. But upon her arrival, the bird population runs amok. Suddenly, the townsfolk face a massive avian onslaught, with the feathered fiends inexplicably attacking people all over Bodega Bay.",/z0iYrJ6GsAMP3abOha7uGMuc5kZ.jpg
51823,Across the Line: The Exodus of Charlie Wright,"The story centers on Charlie, a Los Angeles billionaire financial whiz who goes into self-imposed exile in Tijuana after his empire is revealed to have been a Ponzi scheme. While looking for the woman he abandoned there 25 years before, Charlie is pursued by a Mexican gangster, a federal agent and thugs sent by a former client looking to retrieve his money.",/xQiEsiZJIlIqQyuZRV2DvRtdIpc.jpg
14,American Beauty,"Lester Burnham, a depressed suburban father in a mid-life crisis, decides to turn his hectic life around after developing an infatuation with his daughter's attractive friend.",/or1MP8BZIAjqWYxPdPX724ydKar.jpg
80169,Thrive,"An unconventional documentary that lifts the veil on what's really going on in our world by following the money upstream - uncovering the global consolidation of power in nearly every aspect of our lives. Weaving together breakthroughs in science, consciousness and activism, THRIVE offers real solutions, empowering us with unprecedented and bold strategies for reclaiming our lives and our future.",/vl3VSdgIMRYgIAjkPVu0eLTE9t8.jpg
513,Fire,"In a barren, arranged marriage to an amateur swami who seeks enlightenment through celibacy, Radha's life takes an irresistible turn when her beautiful young sister-in-law seeks to free herself from the confines of her own loveless marriage.",/7qjto5AAM71C1qUZ4PLgAYg33Cv.jpg
43195,Senso,A troubled and neurotic Italian Countess betrays her entire country for a self-destructive love affair with an Austrian Lieutenant.,/bvwFtydaHBNMzdEFIchvM6EJemL.jpg
40732,The Emigrants,"In the middle of the 19th century, Kristina and Karl-Oskar live in a small rural village in Smaaland (southern Sweden). They get married and try to make a living on a small spot of land. However, the small size of their land, the infertile soil, and some bad harvests makes it tough. One of their children even starve to death. Thus, they decide to emigrate to the U.S. They meet a group of farmers with their families planing the emigration under the leadership of a banned priest. They sell everything and embark for the U.S. The journey on the sailing ship is long and tedious. Some of the emigrants will never reach the New World.",/qzRbryq6swsFgN3cKnmshjno2GO.jpg
27236,Two-Lane Blacktop,"A driver and a mechanic travel around the United States hopping from drag strip to drag strip in a 1955 Chevy Bel-Air coupe. They race for money, betting with their competitors. The pair gain a young and talkative female stowaway. Along the way they unintentionally attract a well-to-do drifter driving a new Pontiac GTO. This older man, looking for attention, antagonizes their efforts.",/4jU7ywr0YS1jX5o6CDo8DTZHdgr.jpg
31357,Waiting to Exhale,"Cheated on, mistreated and stepped on, the women are holding their breath, waiting for the elusive ""good man"" to break a string of less-than-stellar lovers. Friends and confidants Vannah, Bernie, Glo and Robin talk it all out, determined to find a better way to breathe.",/16XOMpEaLWkrcPqSQqhTmeJuqQl.jpg
70955,Backstage,"An adolescent groupie zeroes in on her Blondie-like idol after the singer chances to cross her orbit on a publicity tour. Gradually their lives intertwine as, with near-operatic intensity, the film delves into the emotional dependency on both sides of celebrity culture.",/A6JBXXQD75tU9olO5t0j3l6qkp0.jpg
51472,The Garage,"Two men who work as both automobile mechanics and firemen operate a garage in a fire station. A car has been left for them to clean, but they destroy it instead. In the second half of the film, Roscoe and Keaton have been called to a fire, but it turns out to be a false alarm. When they return, they find their own fire station on fire.",/peNartWCgeOCfGc4kTO4znyBhna.jpg
9701,North Country,"A fictionalized account of the first major successful sexual harassment case in the United States -- Jenson vs. Eveleth Mines, where a woman who endured a range of abuse while working as a miner filed and won the landmark 1984 lawsuit.",/5GgqXt4H3PoV93qawuYz4ZjfmKT.jpg
19664,The Sea Wolves,"This true story follows the exploits of a top secret British military mission to destroy Nazi radio ships in a neutral harbor during WWII. The daring plan is led by British Intelligence officers Col. Lewis Pugh (Gregory Peck) and Capt. Gavin Stewart (Roger Moore). Since the ships are in neutral territory the British Military command, while encouraging the scheme, must deny any knowledge of it if it fails. Pugh and Stewart enlist the aid of retired officer Col. Bill Grice (David Niven) and some of his former soldiers. On the pretext of being on a fishing expedition, these seemingly drunken old men in civilian clothing must board and destroy 3 Nazi ships, whose radio transmissions have resulted in Nazi submarines sinking allied ships. While Stewart arranges a diversion on shore, Pugh and Grice carry out the dangerous raid on and destruction of the Nazi ships.",/4wv3LpQ14SDnKpFIxMZHn1MWqKv.jpg
48038,Evolver,"Meet Evolver, the ultimate toy for the Cyberpunk generation, a virtual-reality game brought to fierce, three-dimensional life. With each battle, Evolver lives up to his name. He becomes faster, smarter and deadlier. Meet Kyle Baxter (Ethan Randall) the teenage video game whiz who wins the first ever Evolver robot. Suddenly, some fatal accidents begin to happen. With help from Jamie Saunders (Cassidy Rae), a beautiful rival game player, Kyle digs up a terrifying missing link: Evo was created from a scrapped U.S. Defense Robotics Department. Designed to infiltrate enemy encampments, he has the capacity to adapt to any situation, and he's programmed to leave no survivors. By the time Kyle and Jamie discover this, Evo has evolved to his most advanced and dangerous state and will stop at nothing until he annihilates the young man who is his one undefeated opponent.",/nT7Q0Bed1yhOPi7NOIz6MuYLSwV.jpg
47947,Young Doctors in Love,"An ""Airplane!""-style spoof of hospital soap operas: a brilliant young trainee can't stand the sight of blood; a doctor romances the head nurse in order to get the key to the drugs cabinet; there's a mafioso on the loose disguised as a woman - in other words all the usual ingredients present and correct, though in this case the laughs are intentional.",/9tiVp0TJRNcxrswAtOMKHa9OTmO.jpg
10693,Peter Pan,"Leaving the safety of their nursery behind, Wendy, Michael and John follow Peter Pan to a magical world where childhood lasts forever. But while in Neverland, the kids must face Captain Hook and foil his attempts to get rid of Peter for good.",/aWLgUzpkVFk8OVcg5jJte5I0Ces.jpg
10464,"Corrina, Corrina","When Manny Singer's wife dies, his young daughter Molly becomes mute and withdrawn. To help cope with looking after Molly, he hires sassy housekeeper Corrina Washington, who coaxes Molly out of her shell and shows father and daughter a whole new way of life. Manny and Corrina's friendship delights Molly and enrages the other townspeople.",/lUmJNC3RAW0OxAtDP8CDEld9pFq.jpg
10697,The Taste of Others,"Agnès Jaoui co-writes and directs this romantic comedy of manners set in France's rustic Provence. Unpolished and ultra-pragmatic industrialist Jean-Jacques Castella (co-scripter Jean-Pierre Bacri) reluctantly attends Racine's tragedy ""Berenice"" in order to see his niece play a bit part. He is taken with the play's strangely familiar-looking leading lady Clara Devaux (Anne Alvaro). During the course of the show, Castella soon remembers that he once hired and then promptly fired the actress as an English language tutor. He immediately goes out and signs up for language lessons. Thinking that he is nothing but an ill-tempered philistine with bad taste, Clara rejects him until Castella charms her off her feet.",/yZg369hkTUTJ47nKJsqwCsNVQbA.jpg
49922,Whatever Happened to Harold Smith?,"It's 1976, and Vinny is a confused teenager who can't decide whether he is a disco king or a proto punk rocker.",/gIg9npmb46nHWdnsa5Eix8faK8d.jpg
30565,The Hamster Factor and Other Tales of Twelve Monkeys,"A documentary following Terry Gilliam through the creation of ""12 Monkeys""",/uDvfFl3AhMAUNBzvH7OyiHlGtkp.jpg
17899,"Sex, Party and Lies","A youth group is preparing for what will be the summer of their life, including secrets, lies, sex, confusion, evenings and holidays.",/bw9PUOLftsUHi04tCRblc1xgcYG.jpg
83686,The Words,"The Words follows young writer Rory Jansen who finally achieves long sought after literary success after publishing the next great American novel. There's only one catch - he didn't write it. As the past comes back to haunt him and his literary star continues to rise, Jansen is forced to confront the steep price that must be paid for stealing another man's work, and for placing ambition and success above life's most fundamental three words.",/iNDSm5wcdmtfKsMM7nE8XhJUBl7.jpg
41209,WiseGirls,A new waitress working at an Italian restaurant in New York City finds herself entangled in a mob-run underworld of drug dealing and murder.,/rdQqtP1wm94ij4oqDNuPHmGViNK.jpg
38683,Cobra Woman,"Upon discovering his fiancée Tollea has been kidnaped, Ramu and his friend Kado set out for a Pacific isle where all strangers are to be killed on arrival and the inhabitants, who are frequently sacrificed to an angry volcano god, worship the cobra. The island is ruled over by Tollea's evil twin Naja, the Cobra Woman, who, besides having designs on her new prisoner Ramu, also desires to eliminate any competition from her benevolent sister.",/A5lpMP6Q2ZzXtuQpfavmTJpJtVm.jpg
84327,The Queen of Versailles,"With the epic dimensions of a Shakespearean tragedy, The Queen of Versailles follows billionaires Jackie and David’s rags-to-riches story to uncover the innate virtues and flaws of their American dream. We open on the triumphant construction of the biggest house in America, a sprawling, 90,000-square-foot mansion inspired by Versailles. Since a booming time-share business built on the real-estate bubble is financing it, the economic crisis brings progress to a halt and seals the fate of its owners. We witness the impact of this turn of fortune over the next two years in a riveting film fraught with delusion, denial, and self-effacing humor.",/yTCFKHcxZ3b65ofbSvfvjq8EgRF.jpg
9312,Mortal Kombat,"For nine generations an evil sorcerer has been victorious in hand-to-hand battle against his mortal enemies. If he wins a tenth Mortal Kombat tournament, desolation and evil will reign over the multiverse forever. To save Earth, three warriors must overcome seemingly insurmountable odds, their own inner demons, and superhuman foes in this action/adventure movie based on one of the most popular video games of all time.",/bdXWixjWVA7Y03PvW74xufrROiJ.jpg
9415,Murder at 1600,"A secretary is found dead in a White House bathroom during an international crisis, and Detective Harlan Regis is in charge of the investigation. Despite resistance from the Secret Service, Regis partners with agent Nina Chance. As political tensions rise, they learn that the crime could be part of an elaborate cover-up. Framed as traitors, the pair, plus Regis' partner, break into the White House in order to expose the true culprit.",/9xH3zr5QLqY0MyyEO584zBDbw6f.jpg
38674,Trailer Park Boys,"After a psychic predicts his death, a small-time hoodlum named Julian hires a cheap documentary film crew to document the last few days of his mis-spent life. This is the film that pioneered the show of the same name.",/c1gVDhWilAVitleP9T1UzwD20qx.jpg
18975,The Adventures of Pinocchio,"One of puppet-maker Geppetto's creations comes magically to life. This puppet, Pinocchio, has one major desire and that is to become a real boy someday. In order to accomplish this goal he has to learn to act responsibly. This film shows you the adventures on which he learns valuable lessons.",/fT5b16eeBcroK6OhsmxYPTv36gQ.jpg
482,Shaft,Cool black private eye John Shaft is hired by a crime lord to find and retrieve his kidnapped daughter.,/ez5aGeyOvG2F1QzKYHzkMmkDuM2.jpg
16131,Undertow,"The Munns, father John and sons Chris and Tim, recede to the woods of rural Georgia. Their life together is forever changed with the arrival of Uncle Deel, though the tragedy that follows forces troubled Chris to become a man.",/gmalxk4odkuFugogFyI7vlmyRQH.jpg
18995,D.O.A.,"Frank Bigelow, told he's been poisoned and has only a few days to live, tries to find out who killed him and why.",/yCs5cmdpvaki5pL74VF73cZKhDB.jpg
22954,Invictus,"Newly elected President Nelson Mandela knows his nation remains racially and economically divided in the wake of apartheid. Believing he can bring his people together through the universal language of sport, Mandela rallies South Africa's rugby team as they make their historic run to the 1995 Rugby World Cup Championship match.",/esOAiQi9jLb9JyLIyLt2JuVd8fa.jpg
63831,The Kid with a Bike,"Abandoned by his father, a young boy is left in the hands of an unqualified childcare provider.",/6xQBCewA6BhRY4CXdT5uxOn0LIB.jpg
15142,Dream a Little Dream,"Bobby Kellar has a crush on Lainie Diamond, girlfriend of school jerk Joel. Coleman is working on an experiment which will help him move into a place where Dreams are reality. When an accident occurs Coleman finds himself in Bobby's body and can only contact Bobby in his dreams.",/MDF5Uwx7ZcO57xMFo7ZfrwnMjD.jpg
36194,The Go-Between,Tale of torrid and forbidden love between Christie and Bates in the English countryside.,/bmZiA7cB0wbXgIpS1cgaKCSCOIJ.jpg
35122,Splendor,"Veronica is a white-bread beauty searching for a good man in Los Angeles. While slam dancing at a Halloween rave, she meets Abel, a sensitive poet. Then she meets Zed, a supersexy tattooed drummer with incredible biceps. Who will she choose? Does she go for true love or cheap sex? She can't decide so she chooses both. But after managing to nurture a picture-perfect threesome, along comes Ernest, a rich movie director with deep baby blues that sweep Veronica off her feet. What's a girl to do now?",/1nbcquysc6Y69xzQckeHnD1rmil.jpg
89708,Samsara,"Samsara is a word that describes the ever turning wheel of life. It is a concept both intimate and vast - the perfect subject for filmmakers Ron Fricke and Mark Magidson, whose previous collaborations include Chronos and Baraka, and who, in the last 20 years, have travelled to over 58 countries together in the pursuit of unique imagery.  Samsara takes the form of a nonverbal, guided meditation that will transform viewers in countries around the world as they are swept along a journey of the soul. Through powerful images pristinely photographed in 70mm and a dynamic music score, the film illuminates the links between humanity and the rest of the nature, showing how our life cycle mirrors the rhythm of the planet.",/48DZ4MewllwsQ3tOsky5GhOcuBT.jpg
4998,Import/Export,"A nurse from the Ukraine searches for a better life in the West, while an unemployed security guard from Austria heads East for the same reason. Both are looking for work, a new beginning, an existence, struggling to believe in themselves, to find a meaning in life..",/aqVHNYQga2VROrcoTlvZZpvNFTh.jpg
10530,Pocahontas,"History comes gloriously to life in Disney's epic animated tale about love and adventure in the New World. Pocahontas is a Native American woman whose father has arranged for her to marry her village's best warrior. But a vision tells her change is coming, and soon she comes face to face with it in the form of Capt. John Smith.",/qk95miOV8wDABbO5gyCpCrvbVFu.jpg
84323,Price Check,"Pete is a good guy who used to be cool. Once living his dream in the music industry, he now toils away in the pricing department of a failing supermarket chain to provide for his loving wife and young son. When Pete’s new boss, Susan, takes over the department, her high-energy enthusiasm and unconventional ideas start to shake things up. She aims to reinvent the company while grooming Pete for the executive fast track. Making more money now than he ever hoped to in the music industry, Pete begins to wonder if this new career is just what he needs to become the man he’s always wanted to be.",/aGe6rZZ7yRMewuG7MSlZyCjafku.jpg
31662,Affliction,A small town policeman must investigate a suspicious hunting accident. The investigation and other events result in his slowly disintegrating mentally.,/xsdsTbD2yZO8obl5Z8sRnMhjsX1.jpg
41050,La Notte,A married couple attend a bourgeois party and wade through the stifling strain that long-term marriage has imposed upon them.,/32Z0Vsrt9LGAiBBwTKR8L9B3ICa.jpg
49799,Somebody Is Waiting,An alcoholic father must take control of his wayward children when their mother is killed.,/wLXf3em7BOx3EnEECXI3fYwxNTH.jpg
47496,The Grand Dukes,"Three aging and failed comedians, Georges Cox, Victor Vialat and Eddie Carpentier, hit the road again with a lousy production of a lousy play, of course under the worst possible conditions.",/nLQXmCoTPLnJDSHY0rLwWHDuNJs.jpg
75015,How I Unleashed World War II Part III: Among Friends,"How I Unleashed World War II tells the story of a Polish soldier Franciszek Dolas, who - as a result of comical coincidences - is convinced that he started the Second World War. Trying to redeem himself at all costs, he constantly gets into new trouble. In doing so, he finds himself on different war fronts (Yugoslavia, Mediterranean Sea, Near East, Italy) and eventually returns to Poland.",/1nkuFJmr6FZ510hTurudbmKjLQO.jpg
29932,Hanussen,"A man's story parallels Hitler's rise. Austrian Klaus Schneider, wounded in World War I, recovers in the care of Dr. Emil Bettleheim. Bettleheim discovers that Schneider possesses powers of empathy and of clairvoyance, such that could aid suicidal patients. After the war, with one friend as his manager and another as his lover, Schneider changes his name to Eric Jan Hanussen and goes to Berlin, as a hypnotist and clairvoyant performing in halls and theaters. He always speaks the truth, which brings him to the attention of powerful Nazis. He predicts their rise (good propaganda for them) and their violence (not so good). He's in pain and at risk. What is Hanussen's future?",/5fOveBZbLpsbgKTYsU3qFLT9Y7g.jpg
9906,The Ant Bully,"Fed up with being targeted by the neighborhood bully, 10-year-old Lucas Nickle vents his frustrations on the anthill in his front yard ... until the insects shrink him to the size of a bug with a magic elixir. Convicted of ""crimes against the colony,"" Lucas can only regain his freedom by living with the ants and learning their ways.",/tBUlwDCdvYC5aP7DzgcmDgrbfec.jpg
29262,The House of Sand,"A woman is taken along with her mother in 1910 to a far-away desert by her husband, and after his passing, is forced to spend the next 59 years of her life hopelessly trying to escape it.",/hdwgw62tfN7lrWRcHoXx38eviKC.jpg
47508,The Wizard of Oz,"Toymaker tells a bizarre story about how the Land of Oz was ruled by Prince Kynd, but he was overthrown by Prime Minister Kruel. Dorothy learns from Aunt Em that fat, cruel Uncle Henry is not her uncle, and gives her a note due on her eighteenth birthday, which reveals she is actually Princess Dorothea of Oz, and is supposed to marry Prince Kynd. She, Uncle Henry , and two farmhands are swept to Oz by a tornado. Snowball, a black farmhand soon joins them after a lightning bolt chases him into the sky. They land in Oz, where the farmhands try to avoid capture. Semon becomes a scarecrow, Hardy briefly disguises himself as a Tin Woodman, and Snowball is given a Lion suit by the Wizard, which he uses to scare the Pumperdink guards. Written by Scott Hutchins",/cPJRF8hC3tIqpRtffhgQ24YOO3g.jpg
45999,"A Time to Live, a Time to Die","This depiction of childhood and adolescence draws heavily from the filmmaker's own boyhood. Like many of their compatriots, Hou's family moved from the mainland to Taiwan in 1948 and was unable ever to return. The film focuses on the widening generation gap in a family cut off from its cultural heritage.",/oB1tuyw5xk7EoFcDBuUStO1bhea.jpg
12262,The Hills Have Eyes,"On the way to California, a family has the misfortune to have their car break down in an area closed to the public, and inhabited by violent savages ready to attack.",/5vt8y3X9C77r4sTFqH7D5tqAjGL.jpg
178469,Three Rooms of Melancholia,"A searing examination of the unrelenting Chechen conflict, observed through the prisms of a Russian military boys academy, a war-torn town and a children's refugee camp.",/medfk16dkIbrjmZl1z0SbmkEA07.jpg
27507,"Laugh, Clown, Laugh","A professional clown and a self-indulgent count learn to help each other with their problems, but both fall in love with the same young woman.",/kfVnNrJbKJRxzfGGWD0byoZl0Qw.jpg
42570,By the Sword,"A mysterious man, Suba, gets himself a job at a fencing academy, and as he learns the way of the students, the school, and its maestro, they learn that there's more to him than meets the eye. He gains (or regains?) his fencing skills and his philosophy of teaching clashes with the maestro's. As they are thrown into conflict, Suba and the maestro's past appear to be linked. And the resolution of their mysterious relationship may be a duel to the death.",/2QttcP9qljZkYwD0FDzoTD3WwVl.jpg
111794,20 Dates,"Myles is divorced in L.A. He wants a love life and a film career. So he decides to go on 20 dates and find true love in front of a camera, making his first feature. His patient agent, Richard, finds a $60,000 investor, the shadowy Elie. Myles starts his search, sometimes telling his date she's being filmed, sometimes not. Elie wants sex and titillation, Myles wants it ""real."" Myles regularly talks with his old film teacher, Robert McKee, who wonders if love is possible in modern life. Half-way through the 20 dates, Myles meets Elisabeth; she's everything he desires and she likes him. Can he finish the 20 dates, satisfy Elie, and complete his film without losing Elisabeth?",/9VpMRZCUtfdCg47I2uI8EgYorLg.jpg
84972,Chronicle of a Summer,The film begins with a discussion between Rouch and Morin on whether or not it is possible to act sincerely in front of a camera. A cast of real life individuals are then introduced and are led by the filmmakers to discuss topics on the themes of French society and happiness in the working class.,/vTm87EgMsSspJ7BT5D9BbuMWcqk.jpg
24221,The Rebel,"1920s. Vietnam under colonial French ruling. Anti-French rebellions emerge all over the country to disrupt the foreign occupiers. In respond, the colonialist employed units of Vietnamese agents to track and destroy these rebels. The film follows the journey of LE VAN CUONG, a French cultured undercover elite. Although branded with a perfect track record, Cuong's inner conscience is troubled by the sea of Vietnamese blood he had spilled to uphold a French washed ideal. Following an assassination of a high ranking French, Cuong is assigned to seek and kill the notorious leader of the resistance. Cuong encounters VO THANH THUY, a relentless revolutionary fighter and the daughter of the rebel leader. Cuong's superior intends for him to use Thuy as a mean to get to her father but Cuong soon has feelings for her. Thuy's patriotism ignites conflicts between Cuong's consciousness and his cultured faith. Will Cuong discover his inner-self and find love or will he continue his mission?",/n2bn1b3LxfOgQwR11F0ic2PEdYI.jpg
149511,The Ashes,"Set in the time of Napoleon wars, shows how the wars swept over the unfortunate Polish country at the beginning of the XIX-th century. Story revolves around the Polish legion under command of General Dabrowski, who then fought on Napoleon's side with the hopes of Poland's revival.",/1Rjp1QChkZVhBKX2uWx7cZMOgvO.jpg
13282,Death Race 2000,"In a boorish future, the government sponsors a popular, but bloody, cross-country race in which points are scored by mowing down pedestrians. Five teams, each comprised of a male and female, compete using cars equipped with deadly weapons. Frankenstein, the mysterious returning champion, has become America's hero, but this time he has a passenger from the underground resistance.",/chM7UfEodNlU5AvQfqzIGxIXcns.jpg
23174,It's Alive,"It's Alive is a modern remake of the classic 1970s horror film. When a young woman learns that she's pregnant, she leaves graduate school to set up a home with her boyfriend in the country. The fate of the happy new family takes a gruesome turn when animals and people end up brutally dead – all with a strange connection to their newborn. Could their new child be the responsible for the killings?",/xPFThDF1IBnFNudv9CzkiR08exG.jpg
121903,Tender Is the Night,"Director Henry King's 1962 film adaptation of the F. Scott Fitzgerald novel stars Jennifer Jones, Jason Robards Jr., Joan Fontaine, Tom Ewell, Paul Lukas and Jill St. John.",/5erD79KAz6Eepl9WNZ0Kf6XKOhE.jpg
40215,The Betrayal (Nerakhoon),"The Betrayal (Nerakhoon) is a documentary that was shot over the course of 23 years, Thavi narrates his own story as a child surviving the Vietnam war and loss of his father, and then, as a young man struggling to overcome the hardships of immigrant life, an experience shared with his mother in war.",/fz2ShMcuW6dZCv9TEwPCVF1mR7c.jpg
31858,Made in Britain,"Trevor sometimes-violent skinhead with no regard for authority, and would rather spend his time stealing cars than sitting in the detention centre to which he is sent. His social worker, Harry Parker, tries to do his best, but Trevor is only interested when there’s something that he can get out of it. The authorities within the centre try to make Trevor conform to the norms of society, but he takes no notice, and would rather speak in a torrent of four-letter words and racial abuse.",/9bvAYs9MiJzpqbuRAgx9u8x9tgB.jpg
43847,Marie Antoinette,"The young Austrian princess Marie Antoinette (Norma Shearer) is arranged to marry Louis XVI (Robert Morley), future king of France, in a politically advantageous marriage for the rival countries. The opulent Marie indulges in various whims and flirtations, including Count Axel (Tyrone Power). When Louis XV (John Barrymore) passes and Louis XVI ascends the French throne, his queen's extravagant lifestyle earns the hatred of the French people, who despise her Austrian heritage.",/lCcSks3FfH5RHliEUEJO4nwcKCT.jpg
2752,40 Days and 40 Nights,"Matt Sullivan's last big relationship ended in disaster and ever since his heart's been aching and his commitment's been lacking. Then came Lent, that time of year when everybody gives something up. That's when Matt decides to go where no man's gone before and make a vow: No sex. Whatsoever. For 40 straight days. At first he has everything under control. That is until the woman of his dreams, Erica, walks into his life.",/bIyZfvT4kwfR6pus69kpbQKIokJ.jpg
42525,The Last Valley,People in a small German village in the last valley to remain untouched by the devastating Thirty Years' War try to exist in peace with a group of soldiers occupying the valley.,/aAxouiovty2591wu9CJ8gbavBTo.jpg
11326,Tommy,"A psychosomatically deaf, dumb and blind boy becomes a master pinball player and the object of a religious cult.",/4viJcRFgF4cCPnJWgpvb3CRd2pK.jpg
41969,The Girl in a Swing,"A London art broker goes to Copenhagen where he requires the services of a secretary fluent in Danish, English, and German. He falls deeply in love with the woman, despite the fact that he knows virtually nothing about her. She insists on not being married in a church, and after they are married, some bad things from her past begin surfacing in subtly supernatural ways, and he must find the best way to deal with them without destroying their relationship.",/mtKu9eA2rBGEEISS9JNcCl7hwdt.jpg
18472,Driven To Kill,"A former Russian mobster named Ruslan, who is now a crime novelist, returns home and discovers his daughter is marrying his arch nemesis. His past also comes back to haunt him when his family is threatened. Hungry for justice, Ruslan returns to the life he once knew...with a vengeance.",/wfJyaY7IRWNWgTQByXzFypqCuL4.jpg
70627,Ransom,"Following a series of bomb attacks in London, a group of terrorists seize Britain's ambassador to Scandinavia. With the ambassador now a hostage in his residence, another group hijacks an airliner at the capital's airport, announcing that the passengers will not be freed until their demands are met. Colonel Nils Tahlvik, Scandinavia's resourceful and ruthless head of security, seeks to take an uncompromising stance against the terrorists yet his attempts meet resistance from unknown forces at every turn...",/v05Zi28HlV0ZJ3JlLbKQbISOD0r.jpg
15554,Triumph of the Nerds: The Rise of Accidental Empires,"It happened more or less by accident; the people who made it happen were amateurs; and for the most part they still are. From his own Silicon Valley garage, author Bob Cringley puts PC bigshots and nerds on the spot, and tells their incredible true stories. Like the industry itself, the series is informative, funny and brash.",/oivRhmmZxky8EkyA6OFy1FQRS5x.jpg
31670,Children of the Stork,"Three French pals take to the road in a stolen car and discover a talking, wounded stork — who claims to have deserted the Algerian army — and help it to escape to the home of a relative in Germany.",/s3lBqBEEzyvRj2HzIxWcCFFfNCo.jpg
28180,Color Me Blood Red,Gore specialist H.G. Lewis' gruesome tale of an artist who becomes a success after using human blood in his paintings.,/bz4CJiZGOUDNPDqzGlGAA8ruC0F.jpg
4267,Get Out Your Handkerchiefs,"Solange is depressed: she's stopped smiling, she eats little, she says less. She has fainting fits. Her husband Raoul seeks to save her by enlisting Stephane, a stranger, to be her lover. Although he listens to Mozart and has every Pocket Book arranged in alphabetical order, Stephane fails to cheer Solange. She knits. She does housework. Everyone, including their neighbor a vegetable vendor, agrees that she needs a child, yet she fails to get pregnant by either lover. The three take a job running a kids' summer camp where they meet Christian, the precocious 13-year-old son of the local factory manager. It is Christian who restores Solange to laughter",/5klW5Je4RoNBpsZY6dwqdZthrzv.jpg
39495,Love with the Proper Stranger,"When a one-night stand results in pregnancy, a musician and a young girl try to resolve the issue together.",/w0AUzx70sUuZpWgIQh8ka5xBftO.jpg
11036,The Notebook,"An epic love story centered around an older man who reads aloud to a woman with Alzheimer's. From a faded notebook, the old man's words bring to life the story about a couple who is separated by World War II, and is then passionately reunited, seven years later, after they have taken different paths.",/gMfstesBXKdsHToAUXVPHujUDfb.jpg
27197,An Actor's Revenge,"While performing in a touring kabuki troupe, leading female impersonator Yukinojo comes across the three men who drove his parents to suicide twenty years earlier, and plans his revenge, firstly by seducing the daughter of one of them, secondly by ruining them...",/4WHwJLkeSagJ6UWdSBg64RLxDeO.jpg
13680,The Game Plan,"Bachelor football star Joe Kingman seems to have it all. He is wealthy and carefree, and his team is on the way to capturing a championship. Suddenly, he is tackled by some unexpected news: He has a young daughter, the result of a last fling with his ex-wife. Joe must learn to balance his personal and professional lives with the needs of his child.",/v16hfzkZJj1Cs3kgNr9OLKWOlMT.jpg
54968,Simon Magus,"Simon is an outcast from his Jewish community because he claims that the devil talks to him and he has the ability to put curses on crops. When Dovid asks the 'Squire' to sell him some land so he can build a railway station, a ruthless businessman from the neighbouring gentile community uses Simon to find out who wants to buy the land so he can 'persuade' him otherwise",/oIeBjQbPaJDqvNjX2f61knB05Tq.jpg
11364,Regarding Henry,"Henry is a lawyer who survives a shooting only to find he cannot remember anything. If that weren't enough, Henry also has to recover his speech and mobility, in a life he no longer fits into. Fortunately, Henry has a loving wife and daughter to help him.",/5QPj8QjOmPouGpikqs0T5suoccK.jpg
73499,The Double,"The mysterious murder of a US senator bearing the distinctive trademark of the legendary Soviet assassin 'Cassius', forces retired CIA operative, Paul Shepherson to team with rookie FBI agent, Ben Geary  to solve the crime. Having spent his career chasing Cassius, Shepherdson is convinced his nemesis is long dead, but is pushed to take on the case by his former supervisor, Tom Highland. Geary, who wrote his Master's thesis on Shepherdson's pursuit of the Soviet killer, is certain that Cassius has resurfaced.",/7FEQQuznwV1RyNEOxJWhQ3tUqnr.jpg
23949,Tape,"A three-character ensemble piece set within the confines of a tawdry motor lodge in Lansing, Michigan. After 10 years apart, three disparate people come together to play out the unresolved drama of their final days in high school. Intrigued, we watch as layers of denial are slowly peeled away. Suspense builds as each character is provoked into revealing his or her true nature and motivation. Mesmerized, we are drawn into their lives as they choose which cards to play and which cards to hold.",/oA9XBHIYFZY2FiYlC9fWtbMt9gG.jpg
25858,Drunken Angel,"In this powerful early noir from the great Akira Kurosawa, Toshiro Mifune bursts onto the screen as a volatile, tubercular criminal who strikes up an unlikely relationship with Takashi Shimura’s jaded physician. Set in and around the muddy swamps and back alleys of postwar Tokyo, Drunken Angel is an evocative, moody snapshot of a treacherous time and place, featuring one of the director’s most memorably violent climaxes.",/havmCvsbtcklhEdkvaCw9aOrMV1.jpg
964,The Phantom of the Opera,"A grotesquely disfigured composer known as the ""Phantom"" haunts Paris' opera house, where he's secretly grooming Christine Daae to be an opera diva. Luring her to his underground lair, the Phantom declares his love. But Christine loves Raoul de Chagny and plans to elope with him after her next performance. When the Phantom finds out, he abducts Christine, incurring the wrath of Raoul -- and a horde of rabid Parisians.",/itfhSxbIgsan85iY1NrquIx7qxo.jpg
80960,Masquerade in Vienna,"Set in pre-WWI Vienna, Mascarade concerns a near-tragic misunderstanding over a nude painting. It is incorrectly assumed that heroine Leopoldine (Paula Wesseley) posed for the painting, when in fact the model was Gerda (Hilde von Stolz), the wife of stuffy Dr. Harrandt (Peter Peterson). The romance between Leopoldine and artist Heidendeck (Adolf Wohlbruck) is threatened when his cast-off mistress shoots him. Dr. Harrandt is summoned to perform an emergency operation on Heidenbeck, but upon discovering that the artist had painted his wife Gerda in the nude, the ""good"" doctor refuses to minister to Heidenbeck's wound. It is Leopoldine who appeals to the doctor's essential humanity and finally sets things right.",/usjOYzKId58xCgEYe1eRLhQBeKX.jpg
40507,Original Gangstas,"A violent street gang, the Rebels, rule the streets of Gary, Indiana. The Rebels shoot Marvin Bookman, a store-keeper, for giving the police information about a drive-by shooting they committed. Marvin's son, former NFL star John who created the Rebels, returns to Gary to be with his father and, with a little help from his friends, to destroy the Rebels his way.",/fhTctx0RXY51rtLTcglwvhU1106.jpg
136,Freaks,"A circus' beautiful trapeze artist agrees to marry the leader of side-show performers, but his deformed friends discover she is only marrying him for his inheritance.",/9hmmE4K6tOEXB1KeTajIC0pNta6.jpg
11881,Miracle on 34th Street,"Kris Kringle, seemingly the embodiment of Santa Claus, is asked to portray the jolly old fellow at Macy's following his performance in the Thanksgiving Day parade. His portrayal is so complete many begin to question if he truly is Santa Claus while others question his sanity.",/h8kkqroLwxvAHxWGIStEZaNd4wr.jpg
11516,Winged Migration,"The cameras of Jacques Perrin fly with migratory birds: geese, storks, cranes. The film begins with spring in North America and the migration to the Arctic; the flight is a community event for each species. Once in the Arctic, it's family time: courtship, nests, eggs, fledglings, and first flight. Chicks must soon fly south. Bad weather, hunters, and pollution take their toll. Then, the cameras go",/qY1l18Zri3Mdc0iBr0QYjCWlFVP.jpg
12233,Oliver & Company,"This animated take on Oliver Twist re-imagines Oliver as an adorable orphaned kitten who struggles to survive in New York City and falls in with a band of canine criminals led by an evil human. First, Oliver meets Dodger, a carefree mutt with street savoir faire. But when Oliver meets wealthy Jenny on one of the gang's thieving missions, his life changes forever.",/m54pXsIUy3IJoaGhk3RwKsZQPG8.jpg
25105,Flower Drum Song,"Chinese stowaway Mei Li arrives in San Francisco with her father to meet her fiancé, wealthy nightclub owner Sammy Fong, in an arranged marriage; but the groom has his eye on his star singer Linda Low. This film version of the Rodgers and Hammerstein Broadway musical is filled with memorable song-and-dance numbers showcasing the contrast between Mei Li's traditional family and her growing fascination with American culture.",/mf7CVxwLu4BJSeG6SVcZ5PVG8EP.jpg
22907,Takers,"A seasoned team of bank robbers, including Gordon Jennings (Idris Elba), John Rahway (Paul Walker), A.J. (Hayden Christensen), and brothers Jake (Michael Ealy) and Jesse Attica (Chris Brown) successfully complete their latest heist and lead a life of luxury while planning their next job. When Ghost (Tip T.I. Harris), a former member of their team, is released from prison he convinces the group to strike an armored car carrying $20 million. As the ""Takers"" carefully plot out their strategy and draw nearer to exacting the grand heist, a reckless police officer (Matt Dillon) inches closer to apprehending the criminals.",/zwepORN3ONa5qSLzmcZSPlpQxce.jpg
47808,Sahara,"After her father dies, young Dale takes his place in a trans-African auto race, but ends up being abducted by a desert sheik.",/1apXsY0YfoBvHKkl7VrKuyGN0lB.jpg
32242,Phone,"Soon after Ji-won gets a new cell phone, her friend's young daughter, Yeong-ju, puts it to her ear and immediately begins screaming in terror. When other strange things start happening in connection with the phone, Ji-Won does some investigating and discovers that of the people before her who had the same number, almost all of them died suddenly under unusual circumstances. As Yeong-ju's behavior becomes increasingly alarming, Ji-won digs deeper into the circumstances surrounding the disappearance of the number's first owner, a high school girl named Jin-hie.",/5X92REqhucVRFwp8Kwo47fYTE1y.jpg
125264,Carmen Comes Home,"A girl who'd left her hometown for the exciting adventure of the big city returns home years later for a visit, soon somehow causing scandal.",/hRoldMx355S3bNMwDOINIK4Zn1Q.jpg
46326,Port of Shadows,A military deserter in a French port city finds love amidst trouble.,/yoiJPfIBWWFC81w1pf1rFDdpRbf.jpg
78076,Hell Up In Harlem,"Tougher than Shaft and smoother than Superfly, this high-voltage sequel to Black Caesar explodes with enough action to incinerate New York City. Packed with machine-gun mayhem and riveting adventure, Hell Up in Harlem is nothing less than a modern-day tribute to the classic 30s gangster film. Fred Williamson is Tommy Gibbs, a fearless, bulletproof tough guy who blasts his way from the gutter to become the ultimate soul brother boss. Tommy steals a ledger with the name of every crooked cop and man in the city. Enlisting the aid of his father and an army of Harlem hoods, Gibbs goes from defense to offense, launching a deadly attack on his enemies that sets off a violent chain reaction from Harlem all the way to the Caribbean, climaxing in one of the hottest turf-war shoot-outs in Hollywood history.",/fRMlZPb9HnEvYhYy3IgatszxQmZ.jpg
41714,The Beautiful Country,"After reuniting with his mother in Ho Chi Minh City, a family tragedy causes Binh to flee from Viet Nam to America. Landing in New York, Binh begins a road trip to Texas, where his American father is said to live.",/gyVvWBGnfVAIdIaEsDpDYgbwmUX.jpg
28434,The House on Telegraph Hill,"Concentration camp survivor Victoria Kowelska finds herself involved in mystery, greed, and murder when she assumes the identity of a dead friend in order to gain passage to America.",/guR2pqMhF7udSeBJ78bYr8tUsYT.jpg
13056,Punisher: War Zone,"Waging his one-man war on the world of organized crime, ruthless vigilante-hero Frank Castle sets his sights on overeager mob boss Billy Russoti. After Russoti is left horribly disfigured by Castle, he sets out for vengeance under his new alias: Jigsaw. With the ""Punisher Task Force"" hot on his trail and the FBI unable to take Jigsaw in, Frank must stand up to the formidable army that Jigsaw has recruited before more of his evil deeds go unpunished.",/xrBl7FvGZFicZoMXtlSZ04duTL9.jpg
14434,I Think I Love My Wife,"Richard Cooper (Rock) is a married man and father of two who is just plain bored with married life. Not getting any sex from his wife, he resorts to ogling random women on the street to the point he takes lunch late to look at them. When old crush Nikki Tru (Kerry Washington) visits his office to get a reference letter, she becomes obsessed with Cooper and they begin a complicated relationship.",/7NXibal8XVAuGc6PIn8CVzORrDV.jpg
57059,Loft,"Five best friends, all married, decide to share a loft apartment. In this loft they meet their mistresses and conquests. Everything seems perfect, until one morning the body of an unknown young woman is found in the loft. The group of friends begin to suspect each other and it soon becomes clear that they know far less about each other than they had initially thought. Dutch remake of the Flemish movie Loft (2008).",/kv96vmfSso4R2l1qmtefyG48r68.jpg
98631,Himizu,Two teenagers and a group of people made homeless by a tsunami try and make their way in a devastated Japan,/s6T399aAmPNQEK8Uf4MImlQdiil.jpg
7517,Live Free or Die,"It's not the crime, it's the cover-up. In small-town, hard-scrabble New Hampshire, foul-mouthed all-talk slacker John ""Rugged"" Rudgate fancies himself a criminal. When a local plumber stares him down at a pub, Rugged vows revenge, pouring brake fluid in the man's water supply. When the man dies from unrelated causes, Rugged and his side-kick, the even dimmer Jeff, try to cover up what they think i",/g6v28dd1lsQTm44GE9vcuqy7wcD.jpg
634,Bridget Jones's Diary,"A chaotic Bridget Jones meets a snobbish lawyer, and he soon enters her world of imperfections.",/f6z20eozbI7IvvFQfhQzuXoyo7Y.jpg
77985,Maria's Lovers,"Ivan Bibic returns to his Pittsburgh PA suburb after surviving a Japanse POW camp, causing regular nightmares. All the time he remained faithfully devoted to his childhood love, fellow ethnic Yugoslavian virgin Maria Bosic. She dates him again, thus ruining a virtual engagement to captain Al Griselli. Against Ivan's dad's advice, they get married. But Ivan became psychologically impotent, feels unworthy of her and starts wondering, even looking for another girl. Meanwhile slick guitar-and-song-busker Clarence Butts moves in to South-Western PA, and seduces Maria.",/3RgIU0bV26c5gZMTnCQyj8XVk6L.jpg
30017,Close-Up,"This fiction-documentary hybrid uses a sensational real-life event—the arrest of a young man on charges that he fraudulently impersonated the well-known filmmaker Mohsen Makhmalbaf—as the basis for a stunning, multilayered investigation into movies, identity, artistic creation, and existence, in which the real people from the case play themselves.",/2AqA9enmHq5ts8VH9jlYgVKPNf3.jpg
36505,On Earth as It Is in Heaven,"Matacanes dies and goes to heaven just to discover that it was not as he expected, and everyone there is revolutionized lately. Peter explains that God was concerned about the progress of the world, and decided to send a second son to Earth. However, Jesus hears and does not agree, as they would have to rewrite history.",/aEMhuUvaLUECLpntBR1I6vEDTuh.jpg
80659,Get Well Soon,"After having a nervous breakdown, a popular talk-show host confronts his ex-girlfriend who is dating a cross-dresser.",/m5fYXJezGiX7UzHrzMh5t3u9oEc.jpg
41279,The Three Stooges Meet Hercules,"The Three Stooges manage to crash through the time barrier with their slap-happy antics in this classic feature-length comedy. Larry, Moe, and Curly-Joe are friends of a young scientist, Schuyler Davis, who has created a time machine. Together with Schuyler's girlfriend, Diane, they are all transported back to ancient Ithaca which is ruled by the tyrannical King Odius. The lecherous king promptly takes a liking to Diane and banishes Schuyler and The Stooges to the galleys. When they manage to escape, they begin promoting Schuyler as ""Hercules"" at local gladiatorial combats - until the real Hercules shows up. But, with their unique ""charm,"" The Stooges convince Hercules to help them rescue Diane. Written by Robert Lynch",/yummPc2hH7ls8zsb3kzHY3Vn23G.jpg
72272,The Bridesmaid,A hard-working young man meets and falls in love with his sister's bridesmaid. He soon finds out how disturbed she really is.,/iZipnYhMOMmqa6yF9GddNS3SKyn.jpg
22476,Infestation,"Our hero, Cooper, awakes to find himself nauseous, weak and covered in webbing, hanging from the ceiling of an office where, just minutes ago, he started his new job. As he struggles out of his slimy prison he comes face to face with his opponent - a grotesque, powerful and very angry bug. All 3 ft of it",/6cN9V88eNlvnMenqEsxmcs0AgAt.jpg
2008,The Promise,"An orphaned girl, driven by poverty at such a young age, makes a promise with an enchantress. In return for beauty and the admiration of every man, she will never be with the man she loves. This spell cannot be broken unless the impossible happens: snow falling in spring and the dead coming back to life. Now a grown and beautiful princess, she regrets her promise, for all of the men she's loved has always been met with tragedy. In love again with a man behind a red armor and a golden mask who rescues her from death, she is tormented by their inevitable parting. Meanwhile, Kunlun, the slave of a great general, is searching for the lost memories of a family he once had. Soon the fate of these two intertwine when the princess believes the general to be her hero, thus pulling him into this web of fate. What end will befallen our three characters? Are their fates already sealed by a higher power, or can they still choose a life they want?",/zAzI1wMRZzaBlc56DXJkjiv79Ut.jpg
133,Primary,Primary is a documentary film about the primary elections between John F. Kennedy and Hubert Humphrey in 1960. Primary is the first documentary to use light equipment in order to follow their subjects in a more intimate filmmaking style. This unconventional way of filming created a new look for documentary films where the camera’s lens was right in the middle of what ever drama was occuring.,/hMOpeTZTF4MNiGcJVbqJAgqUOHx.jpg
37190,Transylmania,"Spoof horror in which a group of college kids do a semester abroad in Romania and realise that if the partying doesn't kill them, the vampires just might!",/rMoBTQwR5Zj3TKok9x7hXBQNpaX.jpg
59388,Calamari Union,"Calamari Union is an allegorical movie that tells the story of sixteen men all of whom are called Frank (inspired by Frank Armoton) apart from a single confrere, Pekka. Collectively the Franks and Pekka are unhappy with the perceived oppression they face in their district of Helsinki, Kallio, and decide to move to another, Eira, imagining it to be an unspoiled place where people can live lives of dignity. The journey is an ironic one given that both districts are not so far apart. In this spirit, their journey across the city takes on epic proportions with each of the travellers gradually falling by the wayside due to such travails as marriage, work, and death. In its entirety the film is a wry discussion of humanity within a system that regards humans as subservient components.",/a1X1jOFVlKy27WOV70r2OiY4hgg.jpg
26278,Quatermass II,"Quatermass is the director of an important scientific base, where he builds nuclear rockets for the colonization of the Moon. A strange fall of meteorites in a nearby village leads to the discovery of a huge base under a strict military control, officially a factory of artificial food. Quatermass reveals that the factory is actually breeding alien creatures.",/nRvZWgwwgZfzouJeMCUQ9P9mmZm.jpg
17667,Beat Street,"An aspiring DJ, from the South Bronx, and his best friend, a promoter, try to get into show business by exposing people to hip-hop music and culture.",/g3z0GJhLjBwCkPXJ0XARcP6dEBq.jpg
4921,Vivere,No overview found.,/axI5uwXCGVJVLvwDTXSTDtMINUC.jpg
63555,Leap Year,"Journalist Laura (Monica del Carmen) works at home, isolating herself from others. While she lies to her mother and brother, Raul (Marco Zapata), on the phone about having an active social life, Laura's days consist of gazing at her neighbors, eating canned food and going to clubs to bring home strangers. As the anniversary of her father's death draws near, Laura develops a relationship with Arturo (Gustavo Sánchez Parra), a charismatic actor who shares her taste for rough sex.",/pYr4LJw102hLJnNjnFXXShJUjq5.jpg
24860,The Memory Of A Killer,"Vincke and Verstuyft are one of the best detective teams of the Antwerp police force. When they are confronted with the disappearance of a top official and the murder of two prostitutes, the trail leads to the almost retired assassin Angelo Ledda. Since Ledda starts showing symptoms of Alzheimer's, it's getting more and more difficult to complete his contracts. When he has to murder a 12-year old call-girl, he refuses and becomes a target himself. While Vincke and Verstuyft are chasing him and counting the corpses, Ledda is taking care of his employers.",/2COdg7as2jbEm5WiSlmXcaqoPfz.jpg
31768,Amy,"Amy's father, Franco, was a popular rock musician accidentally electrocuted while performing on stage. The psychological trauma leaves Amy mute and deaf. So the 8-year-old is brought by her mother, Tanya, to Melbourne to diagnose the reasons for her continued silence.",/21F5CQvaHrkXZ0Y2TpQcTlmzAjW.jpg
54358,Resurrect Dead: The Mystery of the Toynbee Tiles,An urban mystery unfurls as one man pieces together the surreal meaning of hundreds of cryptic tiled messages that have been appearing in city streets across the U.S. and South America.,/f4IwjCRpfS7NTl3vTOn712FgoN6.jpg
60164,The Speed of Thought,"Joshua Lazarus (Nick Stahl) is a telepath who has been raised in a NSA foster home. Lazarus helps the government by using his abilities. He is told by the agency that the telepathy is a side effect of Widmann's Disease, and that he will become insane in time and eventually die from the illness. However, Lazarus meets a woman with similar powers (Taryn Manning) who does not have any sign of the disease, launching Lazarus to confront the lies he has been told",/qaYZhZ1itbjjiP3BJmaJRMvarr7.jpg
9364,Wuthering Heights,"A poor boy of unknown origins is rescued from poverty and taken in by the Earnshaw family where he develops an intense relationship with his young foster sister, Cathy. Based on the classic novel by Emily Bronte.",/7xToLdWDxRJPWLin5vUWdcaXYUs.jpg
35936,Sarafina!,"The plot centers on students involved in the Soweto Riots, in opposition to the implementation of Afrikaans as the language of instruction in schools. The stage version presents a school uprising similar to the Soweto uprising on June 16, 1976. A narrator introduces several characters among them the school girl activist Sarafina. Things get out of control when a policeman shoots several pupils in a classroom. Nevertheless, the musical ends with a cheerful farewell show of pupils leaving school, which takes most of act two. In the movie version Sarafina feels shame at her mother's (played by Miriam Makeba in the film) acceptance of her role as domestic servant in a white household in apartheid South Africa, and inspires her peers to rise up in protest, especially after her inspirational teacher, Mary Masombuka (played by Whoopi Goldberg in the film version) is imprisoned.",/rXIU0ko8JmP5u6GBHDm82PQ8nP6.jpg
32823,Get Him to the Greek,"Pinnacle records has the perfect plan to get their sinking company back on track: a comeback concert in LA featuring Aldous Snow, a fading rockstar who has dropped off the radar in recent years. Record company intern Aaron Green is faced with the monumental task of bringing his idol, out of control rock star Aldous Snow, back to LA for his comeback show.",/gT84OWu3ze3eMapps9s8GxZNFct.jpg
17761,The High and the Mighty,Dan Roman is a veteran pilot haunted by a tragic past. Now relegated to second-in-command cockpit assignments he finds himself on a routine Honolulu-to-San Francisco flight - one that takes a terrifying suspense-building turn when disaster strikes high above the Pacific Ocean at the point of no return.,/mNxVcxH2IqQoMJtk47YjkaiS1Jb.jpg
32316,Marci X,A Jewish-American Princess is forced to take control of a hard-core hip-hop record label and tries to rein the one of the label's most controversial rappers.,/3I6zwd6laXYO81LNSZxIXv2ESp6.jpg
5153,Cabiria,"Three centuries before Christus. Young Cabiria is kidnapped by some pirates during one eruption of the Etna. She is sold as a slave in Carthage, and as she is just going to be sacrificed to god Moloch, Cabiria is rescued by both Fulvio Axilla, a Roman noble, and his giant slave Maciste. Maciste is captured just after having confided Cabiria to Sophinisbe's safe keeping, while Fulvio Axilla manages to escape from Carthage. Ten years went away with Punic wars before he is able to come back to Carthage...",/i3DVPhaayqNxajs5ZTIbYAuy91F.jpg
28681,Equinox,"Four friends are attacked by a demon while on a picnic, due to possession of a tome of mystic information. Told in flashbacks by the sole survivor.",/a9J3wtHbLFCRn6XVvmdzWUTlOTo.jpg
126152,With Friends Like These...,"Four small-time two-bit character actors, all close friends, are competing for same important part in the next Martin Scorsese mob film.",/iaOiRKh9o8hoAEAUWc7Dq71w2cl.jpg
54615,When Willie Comes Marching Home,"When Willie leaves home to join the war effort he is all ready to become a hero, but he is only frustrated when his posting ends up to be in his home town, and he is recruited into training, keeping him from the action. However, when he finds himself accidently behind enemy lines he unexpectedly becomes a hero after all.",/zyTBvH9bwNkLlUXQB3X99InFWPL.jpg
59809,Lipstick,"Composer Gordon Stuart brutaly rapes a fashion model, goes to trial, gets freed, comes back and rapes her little sister. She takes revenge.",/p5Ec9OkjtmOxLuNHEfQeyfqQTMj.jpg
26215,Quicksilver Highway,"This film is actually two one hour stories, the first based on a Stephen King story called the ""Chattering Teeth"" about a man who picks up a hitchhiker and the second is based on a Clive Barker story called ""The Body Politic"" about hands that rebel against the body.",/aNO6A5PeKtJ2a4xjMVwvcSjnS9J.jpg
25876,The Racket,"Mobster Nick Scanlon (Ryan) has managed to buy several of the local government and law-enforcement officials. However, he can't seem to touch the incorruptible police captain Tom McQueeg (Mitchum), who refuses all attempts at bribery. Prosecuting attorney, Welch (Collins), and a police detective, Turck (Conrad), are crooked and make McQueeg's job as an honest officer nearly impossible.",/buHOKgm75wZb4HW1dK0x23Qf9HV.jpg
12499,Fathers' Day,"After Scott has a fight with his father and runs away and when his father refuses to go after him. His mother, Collette, then goes to one of her former boyfriends, Jack, a lawyer, and tells him that he's her son's real father. Jack initially refuses. So she goes to another boyfriend, Dale, who goes off looking for Scott. Eventually the two men meet and realize that they are looking for the same boy and that Collette told them they are the boy's father. What follows is a mad chase, cause the boy doesn't want to go back.",/5iYb08EzCLRqRqQ27d8DMn9QotH.jpg
43501,Kismet,"Hafiz, a rascally beggar on the periphery of the court of Baghdad, schemes to marry his daughter to royalty and to win the heart of the queen of the castle himself.",/wRqckWrVTJrykoRICJAqMV9613x.jpg
70821,Cyberbully,A woman tries to help her teenage daughter when she becomes the victim of online bullying.,/6hmvar1jLFRDkc3TA6AkYofRBX6.jpg
476,Drugstore Cowboy,"Bob and his friends Dianne, Rick and Nadine have been drug addicts for years and live from one high to the next. Gus Van Sant attempts to show an intimate look into the lives of heroin addicts with his film Drugstore Cowboy.",/zS5kDGjVGHHryzuG9HjazYLXSTO.jpg
22423,Guilty by Suspicion,This compelling story vividly recreates Hollywood's infamous 'Blacklist Era'. The witch-hunt has begun and director David Merrill (De Niro) can revive his stalled career by testifying against friends who are suspected communists. Merrill's ex wife (Bening) shares a whirlpool of scandals that draws them closer togheter while his chances for ever making movies again slips further away...,/fUpxydE70PNWr7Tu5WpefNnTv2i.jpg
139,Mifune,"Kresten, newly wed, is on the threshold of a great career success in his father-in-law´s company. But when the death of his own father takes him back to his poverty-stricken childhood home, far out in the country, his career plans fall apart. For one thing he has to deal with his loveable, backward brother, who is now all alone; for another, he meets a stunning woman who comes to the farm as a housekeeper, in disguise of her real profession as a call-girl.",/962ZZDr4FV3L46ZnurqIaZveL60.jpg
52208,Nude Nuns With Big Guns,"Upon taking her vows to become a nun, Sister Sarah is abused, brainwashed and drugged into submission by the corrupt clergy. On the verge of death from a lethal dose of drugs, Sister Sarah receives a message from GOD telling her to take vengeance on all those who did her wrong. Armed with God's will and an arsenal of big guns, she dispenses Judgment Day on her former tormentors. When the church hires the merciless motorcycle gang the ""Los Muertos"" to track down and kill her they soon realize that this SISTER IS ONE BAD MOTHER.",/4XvR7BF0TAilpNDKby1mhHkTjpw.jpg
11489,Rosetta,"Young and impulsive Rosetta lives with her alcoholic mother and, moved by despair, she will do anything to maintain a job.",/6E4fxUZh7Jw4auYyI6nTTsqtMEs.jpg
831,This Island Earth,"Aliens have landed and are hiding on Earth, but need Earth’s scientists to help them fight an inter-planetary war.",/dNNZSjrWWwgllcYtQCeo0M5FPdp.jpg
9833,The Phantom of the Opera,"Deformed since birth, a bitter man known only as the Phantom lives in the sewers underneath the Paris Opera House. He falls in love with the obscure chorus singer Christine, and privately tutors her while terrorizing the rest of the opera house and demanding Christine be given lead roles. Things get worse when Christine meets back up with her childhood acquaintance Raoul and the two fall in love",/oJc4DICMlyowwc45j0SQBmvGdTe.jpg
21168,The Reflecting Skin,"A young boy tries to cope with rural life circa 1950s and his fantasies become a way to interpret events. After his father tells him stories of vampires, he becomes convinced that the widow up the road is a vampire, and tries to find ways of discouraging his brother from seeing her.",/jw3c8vJY7oMd2iltFEfRy1KjN0L.jpg
24254,Rude Awakening,"In the later 1960s, two hippies are forced to leave their friends as they are wanted by the FBI, who sees them as criminals. They hide in the jungle for 20 years, secluded from the outside world. In the later 1980s, the find out that a secret war is about to start in the US, and decide to return to New York to tell someone about it.",/vqqls2tygJqv6JzrEMKdeWedp8z.jpg
26956,Puppet Master III Toulon's Revenge,"Set in Berlin during WWII, the Nazi regime is attempting to develop a drug that will animate the dead, in order to use in the war effort. Toulin arouses suspicion as a Nazi dissident, and his secret is discovered. During a Nazi raid on his home, Toulin's beautiful wife is murdered. Toulin vows revenge, with the help of his animated puppets.",/BF7jnHlq8rwG1X0H7nFXQSbNlX.jpg
539,Psycho,"When larcenous real estate clerk Marion Crane goes on the lam with a wad of cash and hopes of starting a new life, she ends up at the notorious Bates Motel, where manager Norman Bates cares for his housebound mother. The place seems quirky, but fine… until Marion decides to take a shower.",/81d8oyEFgj7FlxJqSDXWr8JH8kV.jpg
36337,Delusion,"In this fast-paced, noirish road movie, a computer expert embezzles half a million dollars and races off to Reno to start anew. Unfortunately, en route, he picks up a pair of hitchers and ends up entangled with a crazed couple who commandeer his car and leave him alone in the desert to die. As soon as he can, he hits the road to get revenge and to find his money before they do.",/g2o1J0ulttuwovqLc0ho910MR95.jpg
31592,The Old Dark House,"Seeking shelter from a pounding rainstorm in a remote region of Wales, several travellers are admitted to a gloomy, foreboding mansion belonging to the extremely strange Femm family. Trying to make the best of it, the guests must deal with their sepulchral host, Horace Femm and his obsessive, malevolent sister Rebecca. Things get worse as the brutish manservant Morgan gets drunk and runs amok.",/tWEnxzRpDKpDMo3b7rZNDxMzrPB.jpg
52661,99 and 44/100% Dead,"Uncle Frank Kelly calls on Harry Crown to help him in a gang war. The war becomes personal when Harry's new girlfriend is kidnapped by Uncle Frank's enemy, Big Eddie.",/rSNoE9eaOyjfoLMwbKWwj6upVI0.jpg
16301,End of the Century: The Story of The Ramones,"Filmmaker Michael Gramaglia's years-in-the-making biography of the legendary punk band the Ramones entitled End of the Century traces nearly all the various and sundry peaks and valleys which the seminal rockers experienced over the course of its 20-plus year career before disbanding in 1995. Beginning with the band's first concert performances in the mid-'70s, Gramaglia explores the eccentric and highly volatile band members -- in all the various line-ups that were presented over the years -- as the Ramones slowly gained fame for their high energy and high-tempo style of music that would later influence generations of punk rockers around the world. Mixing archival interviews with new interviews of the various surviving bandmembers, as well as interviews with a number of the Ramones' contemporaries, End of the Century encapsulates the East Coast underground music atmosphere of the 1970s and '80s that the band inadvertently shocked into existence.",/pZZR3oDnIUZff6puM9ctolafJpg.jpg
35257,Christmas Carol: The Movie,"The film begins with a live-action sequence set in Boston in 1857, the site of a live reading by renowned novelist Dickens. As he begins his 'story of ghosts' a woman in the audience screams because she has seen a mouse and Dickens points out that this is appropriate since his story begins with a mouse. At this point the story turns into the animated version and Dickens explains that the mouse, na",/9WFQ3qyNicAY6VzP9We1R51UbQf.jpg
24053,The Merry Gentleman,"A woman who leaves an abusive relationship to begin a new life in a new city, where she forms an unlikely and ironic relationship with a suicidal hit man (unbeknownst to her). Enter a worn, alcoholic detective to form the third party in a very unusual triangle as this story begins to unfold.",/pjRLAyDPWPPziUoHSof6WPOu8yO.jpg
50231,The FBI Story,"A dedicated FBI agent recalls the agency's battles against the Klan, organized crime and Communist spies.",/q1sQSiMrfXnYkWPArUlKLXi9pO6.jpg
11654,The Hunger,"Miriam and John are an elegant couple with a dark secret: they are vampires. Feeding on human blood, Miriam has lived for over 2000 years. She gave her lover the gift of eternal life and together they hunt. But John begins aging rapidly, he seeks the help of Dr. Sarah Roberts. Miriam is immediately drawn to Sarah, desiring her as her next immortal companion...",/ua5BKMRDqchLWQiJi7HfXlxELec.jpg
9335,Transporter 2,"Professional driver Frank Martin is living in Miami, where he is temporarily filling in for a friend as the chauffeur for a government narcotics control policymaker and his family. The young boy in the family is targeted for kidnapping, and Frank immediately becomes involved in protecting the child and exposing the kidnappers.",/bZKkwfQf4mHYlNbmViNjmAN60zY.jpg
85715,Arsenal,"Set in the bleak aftermath and devastation of the World War I, a recently demobbed soldier, Timosh, returns to his hometown Kiev, after having survived a train wreck. His arrival coincides with a national celebration of Ukrainian freedom, but the festivities are not to last as a disenchanted.",/cMe6zBJ12s3EAMi9agzTPUrTGye.jpg
50850,The Second Jungle Book: Mowgli & Baloo,"In this exciting live-action adventure, young Mowgli, an orphan raised by wolves, is spotted by a scout for a giant circus. Accompanied by a cruel hunter and a snake charmer, the scout sets out to trap Mowgli. But with the help of Baloo the bear and Bagheera the panther, little Mowgli leads the adults into his biggest and wildest adventure yet! A fun-filled movie every member of the family will enjoy.",/oZ8Zg2kb6IIsXazAJrAM745ObHP.jpg
15805,Batman & Mr. Freeze: SubZero,"When a desperate Mr. Freeze, to save his dying wife, kidnaps Barbara (Batgirl) Gordon as an involuntary organ donor, Batman and Robin must find her before the operation can begin.",/6Leq7SqNEuCNVr3fiykDVWf6Z8g.jpg
22985,The Prowler,"After being frightened by a peeping Tom at her mansion in the suburbs, the beautiful Susan Gilvray calls the police for help. When a policeman, Webb Garwood, arrives, he becomes infatuated with Susan, and the two engage in an affair. Susan soon ends their relationship, choosing to remain with her husband, John. However, Webb's obsession with her continues to grow, until he begins plotting to kill John and cash in on his life insurance policy.",/18ty8jxUBS0BkvUBHUCQLPPVXY2.jpg
22307,Sisters,"A journalist witnesses a brutal murder in a neighboring apartment, but the police do not believe that the crime took place. With the help of a private detective, she seeks out the truth.",/g8uuN0Ad09pdgh5q0da0ihikJnb.jpg
56259,Werewolves on Wheels,"A biker gang visits a monastery where they encounter black-robed monks engaged in worshipping Satan. When the monks try to persuade one of the female bikers, Helen, to become a satanic sacrifice the bikers smash up the monastery and leave. The monks have the last laugh, though, as Helen, as a result of the satanic rituals, is now possessed and at night changes into a werewolf, with dire results for the biker gang.",/5bgeBnFig30dTb5p1S24D8uP0xu.jpg
125695,BookWars,"An insider's look at the gritty streets of New York City, seen through the eyes of street booksellers.",/jWyyAS0zu40fUoisSAicsDjMXTP.jpg
13189,A Christmas Carol,An old bitter miser who makes excuses for his uncaring nature learns real compassion when three ghosts visit him on Christmas Eve.,/qONlc5mCqtO9jlMKFd1wdEeiDsC.jpg
41508,Fateless,"An Hungarian youth comes of age at Buchenwald during World War II. György Köves is 14, the son of a merchant who's sent to a forced labor camp. After his father's departure, György gets a job at a brickyard; his bus is stopped and its Jewish occupants sent to camps. There, György find camaraderie, suffering, cruelty, illness, and death. He hears advice on preserving one's dignity and self-esteem. He discovers hatred. If he does survive and returns to Budapest, what will he find? What is natural; what is it to be a Jew? Sepia, black and white, and color alternate to shade the mood.",/lKPlz8kavNZfBw1UILSAhPU0NPL.jpg
8290,Don't Look Now: We're Being Shot At,"During World War II, two French civilians and a downed English Bomber Crew set out from Paris to cross the demarcation line between Nazi-occupied Northern France and the South. From there they will be able to escape to England. First, they must avoid German troops - and the consequences of their own blunders.",/xjdCbFvLKcqEWRzyY0a9qmntT1L.jpg
4252,Chalte Chalte,"Priya Chopra is a fashion designer and Raj Mathur owns a small trucking company. They meet on the road, quarrel, and then fall for each other. Priya, who is already engaged, must decide whether she will marry her fiancé or leave him for Raj. Love triumphs, Raj and Priya marry and then begins the struggle to maintain their marriage in the face of the typical problems the world can throw at them.",/jW1hXG5xnt67jrX7jh7C1alq8lx.jpg
23990,Scarlet Diva,"A young Italian actress embarks on a self-destructive spree of sex, drugs and other excess while doing some soul searching to find the path for redemption.",/ySLCXC0Ai11ZHYumsaoR5heLhkk.jpg
20996,Smashing Pumpkins: If All Goes Wrong,"A feature-length documentary about The Smashing Pumpkins, which chronicles the band's residencies at The Orange Peel in Asheville and The Fillmore in San Francisco in summer 2007. The documentary covers Pumpkins frontman Billy Corgan's attempts to write and debut new music at the residencies, as well as the revival of the band with new members.",/2w7R79LO2gPiWiFzLQ4zvWH3D78.jpg
13060,Lifted,"When an overconfident teen alien gets behind the controls of a spaceship, he must attempt to abduct a slumbering farmer under the watchful eye of a critical instructor. But abducting humans requires precision and a gentle touch, and within a few missteps it's painfully clear why more humans don't go missing every year.",/f0w6G44wfcnWe4gu3fn75b1pksV.jpg
51300,The Barber of Siberia,"Douglas is a foreign entrepreneur, who ventures to Russia in 1885 with dreams of selling a new, experimental steam-driven timber harvester in the wilds of Siberia. Jane is his assistant. On her travels, she meets two men who would change her life forever: a handsome young cadet Andrej Tolstoy with whom she shares a fondness for opera, and the powerful General Radlov who is entranced by her beauty and wants to marry her.",/xganmHk2g5PnzENlkGvg7brbbbM.jpg
53185,Wide Eyed and Legless,"Diana and Deric have an ideal marriage: they thrive in each other's company, they're funny, and they enjoy their two grown children and Deric's dotty mother; the trouble is, Diana can no longer walk and her malady defies medical diagnosis. To care for Diana, Deric is letting his business slide, but at a civic luncheon, he is seated next to Aileen Armitage, a novelist who is blind. They have a nice time, and on the sly, Diana contacts Aileen to made an odd request. Diana's declining health and her resolve bring this triangle of unlikely friends to a surprising place.",/iP2WwrkkdZPN34y7phWTJx9N3LE.jpg
44539,An Amazing Couple,"Cécile et Alain vivent ensemble depuis vingt ans. Il est le patron d'une petite entreprise de haute technologie à Grenoble, qui fonctionne plutôt bien, tandis qu'elle est prof. Tous les deux forment un couple modèle, épatant, indestructible, au grand désespoir de Georges, un ami médecin, qui convoite Cécile.",/q3ybWR6B0P8WxfV41wFayUexFj1.jpg
45612,Source Code,"Decorated soldier Captain Colter Stevens wakes up in the body of an unknown man, discovering he's involved in a mission to find the bomber of a Chicago commuter train. He learns he's part of a top-secret experimental program that enables him to experience the final 8 minutes of another person's life. Colter re-lives the train incident over and over again, gathering more clues each time. But can he discover who is responsible for the attack before the next one happens?",/i7hS3kyv7EeoLhCDz3I7MjJ2iEN.jpg
42021,Ginger and Fred,"Amelia and Pippo are reunited after several decades to perform their old music-hall act, imitating Fred Astaire and Ginger Rogers, on a TV variety show.",/akcnbSIGMB6ReTMVHjia5jaumj1.jpg
56558,Remember the Day,"Elderly schoolteacher Nora Trinell, waiting to meet presidential nominee Dewey Roberts, recalls him as her student back in 1916 and his relation to Dan Hopkins, the man she married and lost.",/dE3D99hyg27r6b1PHx7E7hDLUei.jpg
26719,House of Games,"A psychiatrist comes to the aid of a compulsive gambler and is led by a smooth-talking grifter into the shadowy but compelling world of stings, scams, and con men.",/r4oAoqKQb0GPJ0gO1CWshveTJzt.jpg
28100,Carousel,"Billy Bigelow has been dead for 15 years. Now outside the pearly gates, he long ago waived his right to go back to Earth for a day. He has heard that there is a problem with his family: namely with his wife Julie Bigelow, née Jordan, and his child he hasn't met. He would now like to head back to Earth to assist in rectifying the problem; but before he may go, he has to get permission from the gatekeeper by telling him his story. Adapted from the Rodgers and Hammerstein hit Broadway musical.",/yjYtPaMLxWNDD31Jmwc144DjLPX.jpg
88224,Manny & Lo,A pregnant teen and her younger sister run away from foster homes and kidnap a woman whom they believe can help with the pregnancy.,/rd5k8iDiuNAZTPTfJZn0rQ3PtYl.jpg
33427,LEGO: The Adventures of Clutch Powers,"Meet Clutch Powers, the best builder and explorer in the LEGO universe as he heads off on his most dangerous mission yet. Join Clutch and his team of experts as their adventure leads them from City to the Space Police prison planet to the medieval world of Ashlar where they must help the rightful heir to the King’s throne find the courage to regain the kingdom from the evil wizard Malign.",/6mvmJLcUZRQ84YWprz7NS8QhV94.jpg
72891,Euphoria,"They saw each other only once. At a wedding with lots of alcohol. Their eyes met and that was it. They didn't understand rationally what happened to them but they felt that they cannot keep living and breathing without each other. Cosmic magnetism with irresistible intensity pulled them together. They no longer belonged to themselves, their families and friends and that's how a tragedy evolves.",/nzoR4X5MNagRaDic4ht2IP09DjF.jpg
47313,Sister Street Fighter,"Lee Long is a martial-arts champion who the police use as an undercover agent to infiltrate a drug ring responsible for importing heroin from Japan to Hong Kong. When he is identified and imprisoned, the police pressure his sister, Tina Long, to help them locate and free him. She gets the help of Lee's martial-arts school, including the powerful Sonny Kawasaka, for the inevitable battle-royale with the drug gang, which includes masters of many different 'schools' of fighting.",/6243JcPHm8OzrJbSAZaXog8wL9c.jpg
93457,Split Decisions,"When a boxer is killed because he wouldn't take a dive, his brother tries to find a way to avenge him even if only symbolically.",/fGyEmYobcsjlc3cjW7GUJwnmqQo.jpg
288121,Fearful Symmetry,"A documentary about the making of ""To Kill a Mockingbird"".",
2307,A Pyromaniac's Love Story,"A pastry boy and the son of a hair-piece mogul become involved in an arson scandal. Sergio is offered a bribe in exchange for taking the blame for the fire that destroys his workplace. Garet, the real arsonist, is apalled that someone else would try to take credit for his act of love. Before long, Sergio and Garet become entangled in a zany love-quadrangle involving Hattie and Stephanie. Written by Brian Whiting",/leJcOavVPUrYodUJteBOl7pRFuU.jpg
9437,Kiss the Girls,"Forensic psychologist Alex Cross travels to North Carolina and teams with escaped kidnap victim Kate McTiernan to hunt down ""Casanova,"" a serial killer who abducts strong-willed women and forces them to submit to his demands. The trail leads to Los Angeles, where the duo discovers that the psychopath may not be working alone.",/m9CyzlwbXhfUPooRIAcBoE63Frg.jpg
9867,The Go-Getter,"When his mother dies, a teenager takes a road-trip in a stolen car to find his long-lost brother. Along the way he discovers a profound connection with the car-owner and with himself as well.",/6F80idV4siJxFvi8RaT9OM6WlBm.jpg
55184,In the Grip of Passion,"A young woman is forced into an arranged marriage by her family in hopes of securing their future, but her husband turns out to be an alcoholic, brute of a man and she longs for the man she truly loves.",/i0bAZy5R4ruHoDjBIqaoOS4XShF.jpg
33278,Deadly Friend,"Paul is a new kid in town with a robot named ""BB"". He befriends Samantha and the three of them have a lot of good times together. That is, until Samantha's abusive father throws her down some stairs and kills her. In an effort to save her life, Paul implants BB's computer brain into Samantha's human brain.",/cLuIQDB0SjvptANfLTpNxs9tXcP.jpg
14597,Lassie,"A family in financial crisis is forced to sell Lassie, their beloved dog. Hundreds of miles away from her true family, Lassie escapes and sets out on a journey home.",/Abm9ya0CmkIbzB7CE229tHKI4Ed.jpg
32688,Mondo Cane,"A documentary consisting of a series of travelogue vignettes providing glimpses into cultural practices throughout the world intended to shock or surprise, including an insect banquet and a memorable look at a practicing South Pacific cargo cult.",/67dVQd6wHkWOSvVFu08ydXB0qeP.jpg
124834,Mondo,"Mondo is a homeless young boy, with a big smile, who wanders around Nice looking for food and a place to sleep.",/nE9jJau9e5LdU5whwcBIvXM031m.jpg
44813,The Hawk Is Dying,"A Gainesville Florida auto upholsterer (Giamatti) attempts to subvert his mundane life by training a wild, red-tailed hawk.",/y5qLtlaRokMaQe758Yr66beTKfR.jpg
54380,Captains of April,Story of the 1974 coup that overthrew the right-wing Portuguese dictatorship--which continued the fascist policies of long-time dictator Antonio Salazar--and of two young army captains who were involved in it.,/4sqhxpAChYBOhpUVA2Uk9RmXpcZ.jpg
21014,Keeping Up with the Steins,"All hilarity breaks loose in this heartwarming coming-of-age comedy when three generations of Fiedlers collide in a crazy family reunion. As they prepare for the biggest Bar Mitzvah on the block, they begin to see that they're much more alike than they'd originally thought.",/au7jutzhoZ1PaVR2aG3QwXsi9Cp.jpg
10688,Hamlet,Modern day adaptation of Shakespeare's immortal story about Hamlet's plight to avenge his father's murder in New York City.,/a3HqftcLkzbniE3mpDARSYQSXyx.jpg
25190,The Sun Also Rises,"A group of disillusioned American expatriate writers live a dissolute, hedonistic lifestyle in 1920's France and Spain.",/kE1ttHMxs5husCslJrJ0wFMNIMV.jpg
53232,Five and Ten,"John owns the largest chain of five and ten cent stores in the country. He moves his family to New York from Kansas City and their life, though grand, is falling apart due to his constant working. Wife and mother Jenny is lonely. Son Avery hates his job. Daughter Jennifer is snubbed by classmate Muriel and her friends. At a charity bazaar, Jennifer meets Berry and sparks are evident. However, he is engaged to Muriel and Muriel will make sure that she, and only she, marries Berry. After the marriage, Berry still thinks of Jennifer as Jennifer thinks of Berry. Avery laments about the state of his family since they were happy in Kansas City.",/xleEiAuIA1rGOO2fAVfFLf2IlO7.jpg
206412,Lisa Picard Is Famous,"A documentarian decides to follow the career of New York actress Lisa Picard, believing she is on the brink of fame. Instead, he bears witness to Lisa's continued, humorous, struggles as an actress, as well as the conflict that arises when Lisa's best friend Tate hits it big with an off-Broadway one-man show.",/2Zf9NVZIFUdBwgJz2Z8AEUXU3tF.jpg
21627,Crimewave,"Fed up of his business partner, Ernest Trend hires the services of two exterminators. When things go drastically wrong and they murder the wrong man, the race is on to frame an innocent video surveillance man.",/hWmpkkG6vhgXrbpoeoVr767ixU6.jpg
37916,Swept Away,"Stranded and alone on a desert island during a cruise, a spoiled rich woman and a deckhand fall in love and make a date to reunite after their rescue. He is stood up.",/hnpQNKlUqpq1uCgHOtfLMJUjCvU.jpg
38965,18 Again!,"18 Again! is a 1988 comedy film starring George Burns and Charlie Schlatter. The plot involves a grandson switching souls with his grandfather by means of an accident. This was one of a series of unrelated films, including Like Father, Like Son and Vice Versa, produced in the late 1980s involving a similar plotline.",/v1q2fNb87xpmo1O71Jt7VfC3Jqg.jpg
13191,"War, Inc.","War Inc. is set in the future, when the fictional desert country of Turaqistan is torn by a riot after a private corporation, Tamerlane, owned by the former Vice President of the United States, has taken over the whole country. Brand Hauser, a hit man who suppresses his emotions by gobbling down hot sauce, is hired by the corporation's head to kill the CEO of their competitors.",/xrpH4CvTKTz3uo6mWlLclVUKVo4.jpg
22958,The Shape of Things,"Quiet, unassuming Adam is changing in a major way, thanks to his new girlfriend, art student Evelyn. Adam's friends are a little freaked by the transformation.",/9Fi7T0WLQThhIY4XZK0mt6YukzY.jpg
32691,Nouvelle Vague,A hitchiker (Alain Delon) is taken in by a wealthy industrialist (Domiziana Giordano).,/acJs6zfJoByFnMkNI8kjt3FCOh3.jpg
53423,Shoulder Arms,Charlie is a boot camp private who has a dream of being a hero who goes on a daring mission behind enemy lines.,/hsXL5DrjimIT2kL9SgOS62d29G4.jpg
49363,Samurai Banners,"Feudal Japan, 1543 to 1562. Kansuke Yamamoto is a samurai who dreams of a country united, peaceful from sea to sea. He enters the service of Takeda, the lord of Kai domain. He convinces Takeda to kill the lord of neighboring Suwa and take his wife as a concubine. He then convinces the widow, Princess Yu, to accept this arrangement and to bear Takeda a son. He pledges them his life. He then spends years using treachery, poetic sensibility, military and political strategy to expand Takeda's realm, advance the claim of Yu's son as the heir, and prepare for an ultimate battle with the forces of Echigo. Has Kansuke overreached? Are his dreams, blinded by love, too big? Written by jhailey@hotmail.com",/1PNtYVzgLS7XvAA8oXvPB2bXXZO.jpg
38295,She's So Lovely,"Maureen is pregnant and her husband Eddie is missing. Nervous, Maureen shares a couple of drinks with neighbor Kiefer, who tries to rape her and then beats her. When Eddie returns and finds his wife bruised, he goes ballistic, shoots a paramedic and is put in a psychiatric institution. Ten years later, Eddie is released and finds that Maureen has divorced him and is remarried with three children, one of whom is his little girl Jeanie. Eddie goes to reclaim his wife",/gDOgvYTg1CU6NIKQEFvznwHrxRq.jpg
96966,Raggedy Man,"Nita, a divorced mother of two boys, is stuck working as a telephone operator in a small Texas town in World War II. Her friendship with a sailor on leave causes tongues to wag in town.",/5OKfo5ax4ZrI4q5RY1MaXuXHzdl.jpg
34127,Wonder Man,"Boisterous nightclub entertainer Buzzy Bellew was the witness to a murder committed by gangster Ten Grand Jackson. One night, two of Jackson's thugs kill Buzzy and dump his body in the lake at Prospect Park in Brooklyn. Buzzy comes back as a ghost and summons his bookworm twin, Edwin Dingle, to Prospect Park so that he can help the police nail Jackson.",/uvvdbVmk04jNFH0Zl3qsgAIsAXa.jpg
8838,Mercury Rising,"Renegade FBI agent Art Jeffries protects a nine-year-old autistic boy who has cracked the government's new ""unbreakable"" code.",/2vEQLyrH0uKgjvLzYmYc9coNrgI.jpg
11349,Cape Fear,"Sam Bowden witnesses a rape committed by Max Cady and testifies against him. When released after 8 years in prison, Cady begins stalking Bowden and his family but is always clever enough not to violate the law.",/9kFjC22eXK7PCHB4IWaqjpKxST3.jpg
54801,Night of the Big Heat,"While mainland Britain shivers in deepest winter, the northern island of Fara bakes in the nineties. The boys at the Met station have no more idea what is going on than the regulars at the Swan. Only a stand-offish visting scientist suspects aliens are to blame. Meanwhile the new secretary to the local best-selling author is raising the temperature in her own way.",/meBNYIyjVkIFOfbVbip1x4KG79D.jpg
49474,Go Now,"Nick, is a young Scottish soccer player living in the big city. He meets Karen, and the two fall in love and move in together. Soon after, Nick exhibits signs of serious illness. As his body slowly succumbs to multiple sclerosis, he experiences a wide sweep of jagged emotions, and in the process gives himself and those who love him the strength to carry on.",/tnAOFBSuMTpWTiFfrWlgBnwzLdS.jpg
23522,The Book of Life,"The end of the millenium has taken on a certain significance in modern day prophecies. What happens if Jesus Christ has second thoughts about the Apocalypse? It is December 31, 1999 and New Year's Eve takes on new meaning when the Devil, Jesus Christ, and Christ's assistant Magdelina discuss and debate the end of the world, the opening of the seven seals, and the essence of being human.",/3fH8Md4Sjk1opX5YcBAUZDvM3v7.jpg
13516,Slacker Uprising,"Slacker Uprising is a movie of Michael Moore's tour of colleges in swing states during the 2004 election, with a goal to encourage 18–29 year olds to vote, and the response it received. The film is a re-edited version of Captain Mike Across America, which played at the Toronto International Film Festival in 2007. It is one of the first feature length films made by a known director to be released as a free and legal download online. The free download is only available to those residing in the United States and Canada. The film was also made available free for online viewing and download on the Lycos Cinema platform as well as iTunes and blip.tv. It had a one-night-only run at the Michigan Theater, where Michael Moore spoke briefly. The film is available in DVD format. Slacker Uprising features live performances or appearances by Eddie Vedder, Roseanne Barr, Joan Baez, Tom Morello, R.E.M., Steve Earle, and Viggo Mortensen. The original score is by Anti-Flag.",/wz8wcWNGaHBUiuVz2xVTk4z02sm.jpg
19375,Were The World Mine,"If you had a love-potion, who would you make fall madly in love with you? Timothy, prone to escaping his dismal high school reality through dazzling musical daydreams, gets to answer that question in a very real way. After his eccentric teacher casts him as Puck in A Midsummer Night's Dream, he stumbles upon a recipe hidden within the script to create the play's magical, purple love-pansy.",/sE3Tn6B8tfbDk7ctFzHLH082r43.jpg
29204,American Pop,American Pop is an American animated film that tells the story of four generations of a Russian Jewish immigrant family of musicians whose careers parallel the history of American popular music.,/zEKCAiyDGqarS5PIMs3ivHVz27M.jpg
71524,Ace of Aces,"In this action comedy the French boxer Jo Cavalier is charmed on the train to Berlin for the Olympics in Hitler's Germany by the little boy Simon Rosenblum who asks his autograph; when it turns out his adorable young fan is a Jewish orphan in danger of persecution, he risks his one shot at Olympic glory to save Simon and his family, helped only by a German officer-gentleman who became his friend in World War I, by an adventurous escape to Switzerland, Nazi troops on their heals and braving impossible odds in roller coaster-style.",/2MmyG7IdKAqEUnVfg2bZnAo718u.jpg
28046,The Ghoul,"British Egyptologist Professor Morlant finds a magic jewel in the tomb of an Oriental idol. This talisman is supposed to grant immortality to those who are buried with it. So Morlant arranges to have it put into his grave upon his demise. And woe to those who might double-cross him, for Morlant's spirit will arise to wreak vengeance on his betrayers...",/eBbiC1MTRbglThsLVDVnX1uuPJh.jpg
953,Madagascar,"Zoo animals leave the comforts of man-made habitats for exotic adventure in this animated family film. After escaping from the zoo, four friends -- a lion, a hippo, a zebra and a giraffe -- are sent back to Africa. When their ship capsizes, stranding them on Madagascar, an island populated by crazy critters, the pals must adapt to jungle life and their new roles as wild animals.",/2YiESGB68BGQSAFvfJxBi774sc4.jpg
75244,A Feast At Midnight,A new student at a British public school forms a secret society centered around cooking and midnight feasting with other school misfits and outcasts.,/rSzgpO7J5Xvx2K0ba9jixmEypwm.jpg
10860,Steel Magnolias,"This heart wrenching drama is about a beauty shop, in Louisana owned by Truvy, and the tragedies of all of her clients.",/dxuEXH91o2sau7V8auiour1nEvv.jpg
18569,Made for Each Other,A couple struggle to find happiness after a whirlwind courtship.,/zlnh8cD8XHD9vUJC1KtDQf0cwuO.jpg
122190,Endurance,"The gold medal for the men's 10,000-meter race in the 1996 Atlanta Olympics is won by Ethiopian Haile Gebrselassie.",/aFOOg7ymKbdwfgtbWOvSbrKp5WL.jpg
1892,Return of the Jedi,"As Rebel leaders map their strategy for an all-out attack on the Emperor's newer, bigger Death Star. Han Solo remains frozen in the cavernous desert fortress of Jabba the Hutt, the most loathsome outlaw in the universe, who is also keeping Princess Leia as a slave girl. Now a master of the Force, Luke Skywalker rescues his friends, but he cannot become a true Jedi Knight until he wages his own crucial battle against Darth Vader, who has sworn to win Luke over to the dark side of the Force.",/jx5p0aHlbPXqe3AH9G15NvmWaqQ.jpg
27815,Basket Case 2,"Having eluded the authorities after a series of grisly murders, the pair find sanctuary at the palatial home of Granny Ruth, an eccentric philanthropist who rallies the cause of ""Unique Individuals"". But even amongst ""friends"" the pair soon find themselves having to confront their murderous past.",/en6bJ7pYDvvQaVmSoVvZ1ZepkAV.jpg
100196,Julian Po,"Christian Slater is a stranger who comes to a small town. The local citizens think he's up to no good. After bothering him for a while, he blurts out in frustration, that he is there to kill himself.",/2kdCZztkyS0sgtoWaLp3zebp1uE.jpg
42131,The Night of Varennes,"In June of 1791, a group of passengers in a stagecoach find themselves caught up in the events of the French Revolution, when they find themselves in the city of Varennes when revolutionists arrest the fleeing King Louis.",/zxY7Gl9GPfiyK0xd62lXv1wLy2r.jpg
33257,Fando and Lis,Fando and his partially paralyzed lover Lis search for the mythical city of Tar. Based on Jodorowsky's memories of a play by surrealist Fernando Arrabal.,/gb4hl6SEEVPFDkitsbZMYhsgK6x.jpg
22620,Scooby-Doo! The Mystery Begins,"What brings best friends together? For Daphne, Velma, Fred, Shaggy and Shaggy's spunky pup Scooby-Doo, it's a mystery! The feature-length live-action Scooby-Doo: The Mystery Begins original movie takes you back to when four teenage sleuths (plus one dog detective) first met. Unjustly accused of staging a spooky practical joke complete with ghosts, the kids are suspended from Coolsville High.",/8vzYGdBH8Zpdf5L9Do61BIKqUru.jpg
77360,Place without Limits,"Family honor, greed, machismo, homophobia, and the dreams of whores collide in a Mexican town. Rich, elderly Don Alejo is poised to sell the town for a profit, needing only to buy a whorehouse to own all the buildings and close the deal. It's owned by a man and his daughter: Manuelita is gay, aging, afraid; he cross-dresses and entertains as a flamenco dancer; he wants to sell and leave. His daughter wants to stay. The return of Pancho complicates things: he's a hothead Alejo tries to control and he scared Manuelita the year before. Things come to a head as Pancho breaks Alejo's hold on him, then flirts and dances with Manuelita and finds himself at risk of being called a ""maricón.""",/xjhalcMhYcrSxxlMjlj94pq0JPK.jpg
17687,The Public Enemy,"James Cagney star's as Tom Powers, a trouble-ridden individual who rises from the position of cheap thug to that of a powerful Prohibition gangster. When his best friend is murdered, Powers self-destructively seeks deadly retaliation.",/gNnunBHUtTXgOpCJXor61CJkUaZ.jpg
44635,Just a Kiss,A group of thirtysomethings having problems with fidelity gets an opportunity to turn back the clock.,/bK6ZEXmb2MhvYA0q9MpGaQOAgry.jpg
10034,High Heels and Low Lifes,A nurse eavesdrops with a friend on a cell phone conversation that describes a bank heist. She and the friend then conspire to blackmail the robbers for $2 million.,/qHCZSmpJDChEYjLjbSESmmnZ5Ue.jpg
23985,Cremaster 2,"CREMASTER 2 (1999) is rendered as a gothic Western that introduces conflict into the system. On the biological level it corresponds to the phase of fetal development during which sexual division begins. In Matthew Barney's abstraction of this process, the system resists partition and tries to remain in the state of equilibrium imagined in Cremaster 1 ...",/zsRMrFKkJOyncZC6NXFvxv8NSNG.jpg
45967,One Wonderful Sunday,"Yuzo and his fiancée Masako spend their Sunday afternoon together, trying to have a good time on just thirty-five yen. They manage to have many small adventures, especially because Masako's optimism and belief in dreams is able to lift Yuzo from his realistic despair.",/zyghWa9iwAxq323CdCxZwmh0pK5.jpg
20316,The City of No Limits,"Victor is a man who gets to Paris to join his family around their seriously ill father, Max. As the chance of selling the family business begins to disrupt the family relationships, Victor is desperately asked for help by Max. What seems in the beginning mere delusions of an old man losing his mind, begin to show traces of some sort of real 'secret' that is troubling Max's last days. Victor decide to help his father to find that something (maybe just peace) he is searching for. Written by Snatcho",/qhyBoh0H8NOU134CW5AgieApD16.jpg
14308,I Am Trying to Break Your Heart,"A documentary by photographer Sam Jones documenting American rock band Wilco recording their fourth album Yankee Hotel Foxtrot. Originally intended as a showcase of the band's creative process, the film crew catches unexpected complications between the band and its record label and problems among the band members themselves.",/hs67GWmHwkvW9gOOVCedeFC9rmA.jpg
98851,Parts: The Clonus Horror,"Politicians scheme to clone themselves, assuring immortal life.",/gJGX4sDJsXeOAw7b5bb03EfoHbb.jpg
49684,It's Alive III: Island of the Alive,"The mutant babies have been placed by court order on a deserted island. Appalled by the cynicism and exploitation of the children by the legal system and the media, the man responsible for them leads an expedition to the island to free them.",/ggHmFC0tUk1UcVXS1yBwDRf41Ct.jpg
16005,The Lucky Ones,"The story revolves around three soldiers — Colee, T.K. and Cheaver — who return from the Iraq War after suffering injuries and learn that life has moved on without them. They end up on an unexpected road trip across the U.S.",/maTnxwsVodO3j2sXOta4aQk5wKt.jpg
72711,The Interrupters,The Interrupters tells the moving and surprising stories of three Violence Interrupters — former gang members who try to protect their Chicago communities from the violence they once caused.,/c0leAM2XsHNG4U8jitGkaKBQs55.jpg
82485,Transit,A family on a road trip is stalked by criminals who stashed stolen money in their car.,/uUbHE7YN3aR8mUeRjmsienHoDC4.jpg
73335,Marriage Retreat,"A roller coaster ride of love, emotions and comedy Jeff Fahey (LOST, MACHETE), Reginald Vel Johnson (Family Matters, DIE HARD), and Victoria Jackson (Saturday Night Live, BABY BOOM) star in this funny, heartfelt story about the difficulties many marriages face and the simple solution. A trio of unhappily married couples head to a mountain retreat where they are subjected to unorthodox and seemingly comical methods by the Dr. Sullivan (Fahey) and his wife Katrina (Jackson). As the couples struggle through the program for marital bliss, they soon discover it’s not “What” they are missing from their lives but “Who”, Jesus.",/qkbTdP3iZEjuwMmUfT1Q1HYezwq.jpg
10987,Halloween: The Curse of Michael Myers,"Six years ago, Michael Myers terrorized the town of Haddonfield, Illinois. He and his niece, Jamie Lloyd, have disappeared. Jamie was kidnapped by a bunch of evil druids who protect Michael Myers. And now, six years later, Jamie has escaped after giving birth to Michael's child. She runs to Haddonfield to get Dr. Loomis to help her again.",/8Tw5IttoEATGD2FHhcG9bDzqwbi.jpg
9386,In the Line of Fire,"Veteran Secret Service agent Frank Horrigan is a man haunted by his failure to save President Kennedy while serving protection detail in Dallas. Thirty years later, a man calling himself ""Booth"" threatens the life of the current President, forcing Horrigan to come back to protection detail to confront the ghosts from his past.",/vXgWOXa7m3cEhOhYjR5q2UZCBBp.jpg
23451,Videocracy,"In a country where bella figura is a national pastime, Prime Minister Silvio Berlusconi is the maestro of media manipulation. Having risen to political primacy with the aid of his Mediaset empire, he now controls 90% of the bel paese’s television channels including the state-run RAI network. Quantity, it seems, does not equal quality. Fed on a diet of semi-naked dancing girls, inane competitions and rickety reality shows built around the most ridiculous of premises, is it any wonder that Italians are becoming a nation of fame-hungry wannabes?",/eh63zxHA9C0iw6J1Pltwe387sQ7.jpg
21721,Eddie and the Cruisers,Michael Paré stars as Eddie Wilson of the rock band Eddie and Cruisers. The band is at the height of their career in the 1960s when front man Eddie drives his car off a bridge in an apparent suicide -- but the body was never found.,/vVhjMqKamA8sfDruUd8amkc8RoD.jpg
14280,Never Cry Wolf,"This film dramatizes the true story of Farley Mowat, when he was sent to the Canadian tundra area to collect evidence of the grievous harm the wolf population was allegedly doing to the caribou herds. In his struggle to survive in that difficult environment he studies the wolves, and realizes that the old beliefs about wolves and their supposed threat are almost totally false. Furthermore, he learns that humans represent a far greater threat to the land, and also to the wolves, a species which plays an important role in the ecosystem of the north.",/jUQ8RkdrQ9ubP8IV3bGvZIlDAcF.jpg
14756,Ip Man,"A semi-biographical account of Yip Man, the first martial arts master to teach the Chinese martial art of Wing Chun. The film focuses on events surrounding Ip that took place in the city of Foshan between the 1930s to 1940s during the Second Sino-Japanese War. Directed by Wilson Yip, the film stars Donnie Yen in the lead role, and features fight choreography by Sammo Hung.",/8knFfuqW289DJi2cpPl4RVTDkbo.jpg
42597,The Owl and the Pussycat,"Meek, owlish Felix (George Segal) and strident, catty Doris (Barbra Streisand) live in the same apartment building. His incessant typing bothers her; her gentlemen callers bother him. Felix informs the landlord of her activities, so Doris moves in on Felix. When they both get thrown out, they move in with Barney (Robert Klein) . . . until they drive him out! That's when Felix and Doris finally decide to put theory into practice. But do opposites attract?",/AwBApr7Gsd4KKRacWVsbJghv93i.jpg
9440,Primary Colors,"In this adaptation of the best-selling roman à clef about Bill Clinton's 1992 run for the White House, the young and gifted Henry Burton is tapped to oversee the presidential campaign of Governor Jack Stanton. Burton is pulled into the politician's colorful world and looks on as Stanton -- who has a wandering eye that could be his downfall -- contends with his ambitious wife, Susan, and an outspoken adviser, Richard Jemmons.",/6ojWGOU5BcjZHDOwBOtxDhTWxJf.jpg
9826,The Phantom,The 21st successor to the role of Bengalla's resident superhero must travel to New York to prevent a rich madman from obtaining three magic skulls that would give him the secret to ultimate power.,/8k8RSMkmGR9Lp6FbKtithM3KIQb.jpg
31056,A Short Film About Love,"19-year-old Tomek whiles away his lonely life by spying on his opposite neighbour Magda through binoculars. She's an artist in her mid-thirties, and appears to have everything - not least a constant stream of men at her beck and call. But when the two finally meet, they discover that they have a lot more in common than appeared at first sight...",/m2r0dYsN6geGu2vJqLgM94kaGvB.jpg
44095,A Map For Saturday,"On a trip around the world, every day feels like Saturday. A Map For Saturday reveals a world of long-term, solo travel through the stories of trekkers in 20 countries on four continents. The documentary finds backpackers helping neglected Thai tsunami victims. It explains why Nepal's guesthouses are empty and Brazil's stoplights are ignored. But at it's core, A Map For Saturday tracks the emotional arc of extreme long-term travelers; teenagers and senior citizens who wondered, ""What would it be like to travel the world?"" Then did it.",/umyWNwr58gpspCaOIxeAJZZcDNw.jpg
38978,Ned Kelly,"Unable to support his family in the Australian outback, a man turns to stealing horses in order to make money. He gets more deeply drawn into the outlaw life, and eventually becomes involved in murders. Based on the life of famed 19th-century Australian outlaw Ned Kelly.",/jEwvlwbNmwbGhhY81Wh8kHRaViw.jpg
127700,The Newest Pledge,"The morning after kicking off their semester with a patriotic ""stars, stripes, and strippers"" party, the members of the Omega fraternity awaken to a find a baby on their doorstep. After little to no deliberation, the Omegas decide to pledge the baby. When a rival fraternity member, Rico, learns of this, he devises a plot to ruin the Omegas reputation in the eyes of the student body at Hamilton University. It's up to the Omegas to not only secure their legacy at the University, but to also raise a baby in a fraternity house. Written by Tuxedo (IMDB.com).",/vGqIofwhjupVrsLo9t3NXXnQnnb.jpg
39513,Paul,"For the past 60 years, a space-traveling smart-ass named Paul has been locked up in a top-secret military base, advising world leaders about his kind. But when he worries he’s outlived his usefulness and the dissection table is drawing uncomfortably close, Paul escapes on the first RV that passes by his compound in Area 51. Fortunately, it contains the two earthlings who are most likely to rescue and harbor an alien on the run.",/297N75COL0NsJJY5k5U8VTJ1DCe.jpg
5503,The Fugitive,"Wrongfully accused of murdering his wife, Richard Kimble escapes from the law in an attempt to find her killer and clear his name. Pursuing him is a team of U.S. marshals led by Deputy Samuel Gerard, a determined detective who will not rest until Richard is captured. As Richard leads the team through a series of intricate chases, he discovers the secrets behind his wife's death and struggles to expose the killer before it is too late.",/3gzLGFBoJM1xlNk0Ulzp0cJ6uPp.jpg
9968,The Big White,"To remedy his financial problems, a travel agent has his eye on a frozen corpse, which just happens to be sought after by two hitmen.",/g83W5BE7d2gE0dxkKxc9m7Y2eqy.jpg
26880,Children of Nature,An elderly couple leave their retirement home to make one last journey back to their home in the Western Fjords.,/fOyywmXtPs1XsSdeGFNHq9KSJ6J.jpg
9441,Stepmom,"Jackie is a divorced mother of two. Isabel is the career minded girlfriend of Jackie’s ex-husband Luke, forced into the role of unwelcome stepmother to their children. But when Jackie discovers she is ill, both women realise they must put aside their differences to find a common ground and celebrate life to the fullest, while they have the chance.",/57TqKdh9rnXgxqiuF2U97HNaOh2.jpg
46660,I Love You Too,"Written by comedian Peter Helliar, I LOVE YOU TOO stars Brendan Cowell as Jim, a 30-something emotionally stunted man whose inability to declare his love to his girlfriend, Alice, threatens to cost him the best thing he ever had but leads him to befriend a talented dwarf who helps him find the words to get her back.",/wOB3cuwOS4XvvCr5cxsCpjsHGEk.jpg
14945,Origin: Spirits of the Past,It is 300 years into the future. Earth's environment had been devastated by mankind's own foolish plans and humankind is beleaguered by the sentient forests which they have awoken. The world balance is tipped when a young boy named Agito stumbles across a machine that glowed in a strange blue hue inside a forbidden sanctuary.,/sBYe5AhoXHOMjDOcsR0MWMhsL8C.jpg
26694,Big River Man,"Follows Martin Strel as he attempts to cover 3,375 miles of the Amazon River in what is being billed as the world's longest swim.",/y020KklwdtdZCCNi3o0UakJKQG8.jpg
9746,Kundun,"The Tibetans refer to the Dalai Lama as 'Kundun', which means 'The Presence'. He was forced to escape from his native home, Tibet, when communist China invaded and enforced an oppressive regime upon the peaceful nation. The Dalai Lama escaped to India in 1959 and has been living in exile in Dharamsala ever since.",/tQOMq9k0jEm4bUXR5CPJSju7Vky.jpg
42571,The Double Hour,A chambermaid and a former cop meet at a speed dating event and a romance develops. But during a romantic getaway things suddenly take a turn for the worse when her mysterious past is revealed.,/paPqh4ERDdVMecAIvhxqBacfFNy.jpg
42659,Blonde Crazy,Adventures of a cocky con man and his glamorous accomplice.,/wELxtVCz6DNqmEAeT9hJFq35QDe.jpg
36325,Bananas!*,"Juan “Accidentes” Dominguez is on his biggest case ever. On behalf of twelve Nicaraguan banana workers he is tackling Dole Food in a ground-breaking legal battle for their use of a banned pesticide that was known by the company to cause sterility. Can he beat the giant, or will the corporation get away with it?",/aOPuaBAkBtFWJJsIZMwr0IVJJIn.jpg
679,Aliens,"When Ripley's lifepod is found by a salvage crew over 50 years later, she finds that terra-formers are on the very planet they found the alien species. When the company sends a family of colonists out to investigate her story, all contact is lost with the planet and colonists. They enlist Ripley and the colonial marines to return and search for answers.",/nORMXEkYEbzkU5WkMWMgRDJwjSZ.jpg
56518,The Flowers of St. Francis,St. Francis of Assisi sends his followers into the world to spread God's word.,/pOMkWWIZ7b9JFQ4Duhax5B57Dot.jpg
7547,Come Early Morning,"Lucy wakes up in bed with a stranger and obviously from a night of drinking. She checks out and pays for the motel room on her account. Through her grandmother, she finds out her father is in town and pays him a visit. She agrees to go to his new church.",/3YD7TQF4eLpOYqIYKBGcME7HDsS.jpg
37135,Tarzan,"Tarzan was a small orphan who was raised by an ape named Kala since he was a child. He believed that this was his family, but on an expedition Jane Porter is rescued by Tarzan. He then finds out that he's human. Now Tarzan must make the decision as to which family he should belong to...",/hnTrfKJmnPLMTajHw2RDgv6hVyH.jpg
64831,The Boys: The Sherman Brothers' Story,A documentary about the troubled sibling relationship between Robert B. Sherman &amp; Richard M. Sherman -- aka The Sherman Brothers -- the Academy Award and Grammy-winning songwriters famous for their iconic Disney and Family Movie hits.,/nGT58i51jvTnlIYFV0N2Bs3QcnE.jpg
36821,The Perils of Pauline,"The Perils of Pauline is a motion picture serial shown in weekly installments featuring the actress Pearl White playing the title character. Pauline has often been cited as a famous example of a damsel in distress, although some analyses hold that her character was more resourceful and less helpless than the classic damsel stereotype.",/f1sBmdmoe9kzmjbfWCseXcr9fHk.jpg
14429,Drive Me Crazy,"Nicole and Chase live next door to each other but are worlds apart. However, they plot a scheme to date each other in order to attract the interest and jealousy of their respective romantic prey. But in the mist of planning a gala centennial celebration, Nicole and Chase find that the one they always wanted was closer than they ever thought.",/ljg0qL7RPUaP8Td6jQ1yOPVSodK.jpg
48620,The Mighty Macs,"In the early 70s, Cathy Rush becomes the head basketball coach at a tiny, all-girls Catholic college. Though her team has no gym and no uniforms -- and the school itself is in danger of being sold -- Coach Rush looks to steer her girls to their first national championship.",/yCA75LnMBhGUisZ37TCHZWIQSWl.jpg
263946,Prime Suspect: The Final Act,"Helen Mirren returns for the final time as Jane Tennison in the long-awaited Prime Suspect 7. Retirement looms for Detective Superintendent Tennison, but as her career draws to a close, the body of a missing schoolgirl is found, and the hunt for her killer begins. However, as Jane and her colleagues work to identify their prime suspect, the emotional fallout from the murder begins to take its toll on the battle-scarred detective. As the investigation gets underway, Jane is not only dealing with the imminent death of her father, but also an addiction to alcohol which she is desperately trying to keep hidden. There are plenty of twists and turns as Jane confronts her toughest challenge yet: herself, as the popular award-winning series reaches its devastating finale.",/1xtLOiSJRLTdkOawoU6MDhYMUgU.jpg
35196,Restoration,"An aspiring young physician, Robert Merivel found himself in the service of King Charles II and saves the life of someone close to the King. Merivel joins the King's court and lives the high life provided to someone of his position. Merivel is ordered to marry his King's mistress in order to divert the queens suspicions. He is given one order by the king and that is not to fall in love. The situation worsens when Merivel finds himself in love with his new wife. Eventually, the King finds out and relieves Merivel of his position and wealth. His fall from grace leaves Merivel where he first started. And through his travels and reunions with an old friend, he rediscovers his love for true medicine and what it really means to be a physician.",/aqQdEQ1ZVdzrREJxCoPzTlLgHVw.jpg
45926,Victory,"Axel Heyst is an American recluse with a dubious past living in the Dutch East Indies port of Surabaya circa 1913. Staying in a German hotel there, Heyst becomes entranced with a member of the hotel's all-female orchestra.",/65aVNs866iimWxg8vJn0c1ZVIKa.jpg
37198,Inferno,"A spoiled and alcoholic millionaire, Robert Ryan, breaks his leg falling off of a horse, and is left to die in the desert by his cheating wife, Rhonda Fleming, and her lover, William Lundigan.",/vZg63smVI7Wkz4k9Ygb2bQ2YDWF.jpg
20540,The Pawnbroker,"A Jewish pawnbroker, a victim of Nazi persecution, loses all faith in his fellow man until he realizes too late the tragedy of his actions.",/mBdFO2DLxyDyz14zjeiZOu6NG7R.jpg
79108,Starbuck,"Starbuck is a 2011 Canadian comedy film directed by Ken Scott and written by Martin Petit and Ken Scott. The main character David Wozniak is a perpetual adolescent who discovers that, as a sperm donor, he has fathered 533 children. David, a deliveryman for a butcher shop, is being pursued by thugs because he owes them money. Next, he is advised that more than 100 of his offspring are trying to force the fertility clinic to reveal the true identity of ""Starbuck"", the pseudonym he used when donating sperm. In addition, his girlfriend Valérie is pregnant with his child but doesn't feel that he is mature enough to be a father. Starbuck was screened at the Toronto International Film Festival on September 14 and 15, 2011. The film's title refers to a Canadian Holstein bull who produced hundreds of thousands of progeny by artificial insemination in the 1980s and 1990s.",/7Jvf6AGyvFvKo1qn5LULXeQdxRc.jpg
6473,The Marksman,Chechen rebels take over a Russian nuclear plant and it's up to a mysterious agent(Snipes) to stop them.,/vNWU0AFgXn8riAdDB569VPQdMJJ.jpg
8488,Hitch,"Dating coach Alex 'Hitch' Hitchens mentors a bumbling client, Albert, who hopes to win the heart of the glamorous Allegra Cole. While Albert makes progress, Hitch faces his own romantic setbacks when proven techniques fail to work on Sara Melas, a tabloid reporter digging for dirt on Allegra Cole's love life. When Sara discovers Hitch's connection to Albert – now Allegra's boyfriend – it threatens to destroy both relationships.",/wY1AsrhhymgxVruhkPtfBoLnUA3.jpg
3489,88 Minutes,"""88 Minutes"" focuses on a college professor (Pacino) who moonlights as a forensic psychiatrist for the FBI and receives a death threat claiming he has only 88 minutes to live.",/b5d3iWimQXvjAx9Grjuk912DSij.jpg
26561,Enchanted April,"Based on Elizabeth Von Arnim's novel, four Englishwomen rent an Italian villa on holiday.",/tLZQ9pv6gHdVgXdkmzUQzacFS2g.jpg
45695,A Wedding,"Muffin's wedding to Dino Corelli is to be a big affair. Except the ageing priest isn't too sure of the ceremony, only the families actually turn up as the Corelli Italian connection is suspect, security guards watch the gifts rather over-zealously, and Dino's grandma expires in bed just as the reception starts. Could be quite an occasion.",/3VRsYYyWn3LZygFjlOtGiRvGyEr.jpg
20781,Angel of Death,"In the tradition of Grindhouse, Kill Bill and Sin City, award-winning comic book writer Ed Brubaker (Incognito, The Death of Captain America, Daredevil) teams up with stuntwoman-turned-cult star Zoe Bell (Death Proof, TV's ""Lost"") to deliver a stark, stylish pulp thriller about a very bad girl gone ""good.""",/gDn14D7YuK4u2VPVzjg3510yV7C.jpg
32328,Gay Purr-ee,"Mouser Jaone Tom and housecat Mewsette are living in the French country side, but Mewsette wants to experience the refinement and excitement of the Paris living. But upon arrival she falls into the clutches of Meowrice. Jaune Tom and his friend Robespierre set off to Paris to find her.",/9DNEPmLEeSxyPLMEoFLJwmSA1yK.jpg
46835,Santitos,"After St. Jude appears in Esperanza's oven, she sets out to find her daughter, who died under mysterious circumstances. The journey forces Esperanza to challenge her own beliefs and face her fears in order to be reunited with her beloved daughter.",/jwD6dboXVeGAa7CJ7cK4wRPo5VY.jpg
18639,Flaming Star,"Sam Burton's second wife Neddy is Indian, their son Pacer a half-breed. As struggle starts between the whites and the Kiowas, the Burton family is split between loyalties.",/ueZP2cW3bOHW2D4Wfr2rjYA47u9.jpg
43828,Destry Rides Again,"When a tough western town needs taming, the mild-mannered son of a hard-nosed sheriff gets the job.",/rP8zWh3SzDWb4ZVFJilwEyMnNKJ.jpg
125953,Sister Helen,"In this emotionally compelling documentary, Sister Helen opens a private home for recovering addicts and alcoholics in the South Bronx after the death of her husband and two sons. The film's fly-on-the-wall technique succeeds in capturing the day-to-day existence of Sister Helen and the various residents of the home.",/jA2dzlBgL9rOubu6x2TVG5s8jO7.jpg
18670,Legend of the Red Dragon,"A young father and his infant son are beset by forces of evil and corruption. They wander China, upholding their sense of honor and protecting the weak. When they are forced into combat, spectacular and hilarious fast-motion kung fu sequences follow. In the end, they must call on all of their abilities in a battle royale, to attempt to vanquish a supernatural man-monster or die trying.",/wC9bzRxQ2w1ng4sfIFPUAp3vd5b.jpg
41597,Night Train to Munich,"When the Germans march into Prague, armour-plating inventor Dr Bomasch flees to England. His daughter Anna escapes from arrest to join him, but the Gestapo manage to kidnap them both back to Berlin. As war looms, British secret service agent Gus Bennet follows disguised as a senior German army officer. His ploy -- not unpleasant one -- is pretending to woo Anna to the German cause.",/hI44mzQKULWhWmBGoqQC6BASgmf.jpg
57082,Babylon,"Drama telling the story of Blue, a young man of Jamaican descent living in Brixton in 1980, as he hangs out with his friends, fronts a dub sound system, loses his job, struggles with family problems and has his friendships tested by racism.",/82JWB9yQGU8BwBZCy5AmHeo4qVb.jpg
74485,A Man Named Pearl,"Man Named Pearl tells the inspiring story of self-taught topiary artist Pearl Fryar. It offers a message that speaks to respect for both self and others, and shows what one person can achieve when he allows himself to share the full expression of his humanity.",/aeOkmE6w0pEKdxY3SLms0bHlOJ9.jpg
10278,Return to Paradise,"Lewis, Sheriff and Tony are three friends vacationing in Malaysia. Sheriff and Tony eventually leave to pursue careers in New York, but Lewis stays behind to work with orangutans. Two years later, Sheriff and Tony learn that, because of their past actions, Lewis has been arrested for drug possession. With Lewis facing a death sentence, the friends are left with a difficult decision: return to Malaysia and split Lewis' sentence, or let him die.",/gXVFFaoePdyxsHnfYh6paqYgY2K.jpg
2263,Music Box,"A lawyer defends her father accused of war crimes, but there is more to the case than she suspects.",/k4t8cE0HwuYLNaKZBdkFHB0b3Y2.jpg
91911,Behind the Burly Q,"Dive into more than a century of decadence with this tantalizing look at the evolution of burlesque. Cabaret star Leslie Zemeckis traces the art form from vaudeville-style variety show through its extinction and contemporary rebirth. Vintage photos, film clips and ads illustrate burlesque's resilient history and how the public's sexual appetite kept it alive amid moral and legal ado.",/pbR1WcNwhJYh5RqgI4lC42GLYrl.jpg
42537,The Wedding March,"Prince Nikki, Lieutenant of the Guard in pre WWI Vienna, is flat broke, but the only advice he gets from his parents is either to shoot himself or to marry money. During the Chorpus Christi parade his horse accidentaly hurts poor Mitzi, the daughter of inn-keepers in a Viennese suburb, who is, according to the wishes of her parents, going to marry the butcher Schani. When Nikki visits her at the hospital, they fall in love, much to the dislike of her parents and Schani. Nikki's parents, meanwhile have arranged a prospective marriage with Cecilia, the limping daughter of a very rich non-aristocratic industrial. Due to the fact, that Nikki's father is a general in the Austrian-Hungarian Army, resitance is useless. When Mitzi, after hearing of it, is still refusing Schani's proposal, he vowes to shoot Nikki when he leaves the church.",/taZKnN0MQntLz6yIGS1fFYNum3z.jpg
7985,Penelope,"Forlorn heiress Penelope Wilhern is cursed, and the only way out is to fall in love with someone of suitable stock. But how can she find her soul mate when she's sequestered inside her family's estate with only her parents to keep her company. This untraditional fairy tale about a girl who bucks convention to create her own happy ending.",/f1onDDba0W85o2eIZr4vcfqI47j.jpg
139405,Across the Sea of Time,"A young Russian boy, Thomas Minton, travels to New York as a passenger on a Russian freighter. Close to Ellis Island he gets off and thus starts his journey to America the same way as all immigrants in former times. Thomas is searching for the family of one of his ancestors, who had emigrated decades ago, but once sent a letter home together with a sample of his new profession: 3D-Photography. The boy follows his relative's traces by counter-checking the old 3D-Photographs of New York (using an antique viewer) with the same places and how they look today. This way, the audience gets to see the Big Apple in former times as well as today.",/lKOAyy098yjoot8cutYsStVO1WS.jpg
44990,Breaking Upwards,"'Breaking Upwards' explores a young, real-life New York couple who, four years in and battling codependency, decide to intricately strategize their own break up. Based on an actual experiment devised by director/actor Daryl Wein and actress Zoe Lister-Jones, the film loosely interprets a year in their lives exploring alternatives to monogamy, and the madness that ensues. An uncensored look at young love, lust, and the pangs of codependency, 'Breaking Upwards' follows its characters as they navigate each others' emotions across the city they love. It begs the question: is it ever possible to grow apart together?",/rJ7Q66TJeCePS4Ao3aE3CKogWGH.jpg
70667,Kon-Tiki,"The true story about legendary explorer Thor Heyerdahl and his epic crossing of the Pacific on a balsa wood raft in 1947, in an effort to prove it was possible for South Americans to settle in Polynesia in pre-Columbian times.",/7geys2i6OGoj72iZu6VxtUoJNcM.jpg
26738,Rage,"A schoolboy uses his cellphone camera to shoot intimate interviews with people working at a New York fashion house and secretly posts them on the internet. Result: a bitterly funny expose of an industry in crisis, during a week in which an accident on the runway becomes a murder investigation, and denial leads to devastation.",/e5cIpXnHfxN0D1KeJf8xgVQ9NPw.jpg
88811,"Goodbye South, Goodbye",Gao (Jack Kao) is riding the train to Pinghsi to set up a 10 day gambling den with his friend Hsi (Hsi Hsiang).,/6GbMwgXZ0Yh6dnNJFd69SKPl7TM.jpg
10202,Bedtime Stories,Skeeter Bronson is a down-on-his-luck guy who's always telling bedtime stories to his niece and nephew. But his life is turned upside down when the fantastical stories he makes up for entertainment inexplicably turn into reality. Can a bewildered Skeeter manage his own unruly fantasies now that the outrageous characters and situations from his mind have morphed into actual people and events?,/nhovvB0LO5nlgIvpPg2C1iLLAvr.jpg
3683,Flags of Our Fathers,"There were five Marines and one Navy Corpsman photographed raising the U.S. flag on Mt. Suribachi by Joe Rosenthal on February 23, 1945. This is the story of three of the six surviving servicemen – John 'Doc' Bradley, Pvt. Rene Gagnon and Pvt. Ira Hayes, who fought in the battle to take Iwo Jima from the Japanese.",/4tbKYa8vZSsTCHKca9D6rS4NJ08.jpg
43231,Le Notti Bianche,A lonely clerk attempts to win the love of a woman who still awaits the return of her long-absent suitor.,/tieyyYWOr9KZPofNIrQgzEGip79.jpg
60400,The Blue Bird,"Set in mid-Europe sometime in the late 18th century where Mytyl (Shirley Temple), the bratty daughter of a woodcutter (Russell Hicks), finds a unique bird in the Royal Forest and selfishly refuses to give it to her sick friend. That night, she is visited in a dream by a fairy named Berylune (Jessie Ralph ) who sends her and her brother Tyltyl (Johnny Russell) to search for the Blue Bird of Happiness. To accompany them, the fairy magically transforms their dog Tylo (Eddie Collins), cat Tylette (Gale Sondergaard), and lantern (""Light"") into human form. The children have a number of adventures. The dream journey makes Mytyl awake as a kinder and gentler girl who has learned to appreciate all the comforts and joys of her home and family.",/fhIgm2EB3VQ4URjxosclXeXTDja.jpg
43821,The Return of Frank James,"Farmer Frank (Henry Fonda) and his ward (Jackie Cooper) hunt brother Jesse's killers, the back-shooting Fords.",/wwCdfPUZV5oly2JU8nhgBapCl4z.jpg
38884,Land and Freedom,"The movie narrates the story of David Carr, an unemployed worker and member of the Communist Party of Great Britain. In 1936 he decides to fight for the Republican side in the Spanish Civil War, an anti-fascist coalition of liberals, communists and anarchists. Similar to George Orwell's experiences documented in Homage to Catalonia, he joins the POUM worker militia and witnesses first hand the betrayal of the Spanish revolution by the Stalinists, loyal only to the dictat of Moscow.",/6pBxruRCygxR4AcmilYr8YIe0a9.jpg
104776,Ana-ta-han,Twelve Japanese seamen are stranded on an abandoned and forgotten island called Anatahan for seven tense years of internal strife.,/v3Z42fH1vQKg91I9k2tRhgI5dfP.jpg
16539,Zus & Zo,"Zus &amp; Zo shows what three sisters are willing to do to stop their would-be sister-in-law from coming into possession of Paraíso, their beloved family summer home on the Portuguese coast.",/eSeZPTA23YV0AZo5GxMEEGCFTpo.jpg
25066,Tales from the Hood,A strange funeral director tells four strange tales of horror with an African American focus to three drug dealers he traps in his place of business.,/3OrapxFNr12AhRxupQ8Z2jP1D13.jpg
46493,Flowing,Otsuta is running the geisha house Tsuta in Tokyo. Her business is heavily in debt. Her daughter Katsuyo doesn't see any future in her mothers trade in the late days of Geisha. But Otsuta will not give up. This film portraits the day time life of geisha when not entertaining customers.,/mDvytQ0oAjFbL2331x9YLrPK5FO.jpg
228,The Blue Angel,"The Blue Angel follows Immanuel Rath (Emil Jannings) through a transformation from esteemed educator at the local Gymnasium (college preparatory high school) to a cabaret clown in Weimar Germany. Rath's descent begins when he punishes several of his students for circulating photographs of the beautiful Lola Lola (Marlene Dietrich) the headliner for the local cabaret, The Blue Angel. Hoping to catch the boys at the club, Professor Rath goes there later that evening and meets Lola herself. Consumed with desire and determined to remain at Lola's side, Rath returns to the night club the following evening (to return a pair of panties that were smuggled into his coat by one of his students) and stays the night with her. The next morning, reeling from his night of passion, Rath arrives late to school to find his classroom in chaos and the principal furious with his behavior.",/zzjwkKxcRWoW1K0FT8TOpjeVZSL.jpg
1690,Hostel,"Three backpackers head to a Slovakian city that promises to meet their hedonistic expectations, with no idea of the hell that awaits them.",/zF3pEs1CUbjPgioxDH4h2MEHsWl.jpg
786,Almost Famous,"Almost Famous is an autobiographical inspired film about a 15-year-old who is hired by Rolling Stone magazine to follow and interview a rock band during their tour. A film about growing up, first love, disappointment, and the life of a rock star.",/9pNo92j6zSEAUB8pNmcJTkpnkBF.jpg
45974,The Halloween Tree,Four children learn the origins of Halloween customs while trying to save the life of their friend.,/zQY1BCH0hKuBscSJbVH0mmnpazf.jpg
78480,Monsieur Lazhar,"During a harsh Montréal winter, an elementary-school class is left reeling after its teacher commits suicide. Bachir Lazhar, a charismatic Algerian immigrant, steps in as the substitute teacher for the classroom of traumatized children. All the while, he must keep his personal life tucked away: the fact that he is seeking political refuge in Québec – and that he, like the children, has suffered an appalling loss.",/bbuJpXQPaeedmXrbJOeivlDGcql.jpg
16633,Somewhere in Time,"Young writer, Richard Collier is met on the opening night of his first play by an old lady who begs him to, ""Come back to me."" Mystified, he tries to find out about her, and learns that she is a famous stage actress from the early 1900s. Becoming more and more obsessed with her, he manages – by self-hypnosis – to travel back in time where he meets her. They fall in love, a matching that is not appreciated by her manager. Can their love outlast the immense problems caused by their 'time"" difference, and can Richard remain in a time that is not his?",/2ZCInnOBrGJzEPIYJkYWylvKdPz.jpg
150523,The Mahabharata,"One of the great masterpieces of world literature comes to vivid life in an elaborate production from acclaimed theater and film innovator Peter Brook. This collection of ancient Sanskrit stories (composed into the longest book ever written) comprises a series of enlightened fables at the heart of countless beliefs, legends, and teachings; indeed, its very title means ""the great story of mankind."" Brook and  writer Jean-Claude Carriere worked for eight years to develop this epic concerning two sides of a royal family, the Pandavas and the Kauravas, whose struggle leads to a fascinating voyage of emotions, passion and vision of glory. Briefly, the Mahabharata is a tale of two rival sets of brothers, cousins to eachother, each born into royalty and with divinely guided paths in life. The result, however, is a great war, death, destruction - a vast epic.",/l5VGBP7VOTgtpnNlDMRSn3VL84C.jpg
12591,Santa's Slay,"Santa Claus is actually a demon who lost a bet with an Angel, so he becomes the giver of toys and happiness. But when the bet is off, he returns to his evil ways.",/bAEu2h9eu9kskcvrAHmJKvIPP3I.jpg
468,My Own Private Idaho,"In this loose adaptation of Shakespeare's ""Henry IV,"" Mike Waters (River Phoenix) is a gay hustler afflicted with narcolepsy. Scott Favor (Keanu Reeves) is the rebellious son of a mayor. Together, the two travel from Portland, Oregon to Idaho and finally to the coast of Italy in a quest to find Mike's estranged mother. Along the way they turn tricks for money and drugs, eventually attracting the attention of a wealthy benefactor and sexual deviant.",/2AzIv2b6mI2Ye4uJUTdi4wjIvLb.jpg
31442,Ivan's Childhood,Poetic journey through the shards and shadows of one boy’s war-ravaged youth.,/sbobQrBNdTuNcfJTyh2eKQa5SXf.jpg
47122,Flaming Creatures,"Filmmaker and artist Jack Smith described his own film as a “comedy set in a haunted movie studio.” Flaming Creatures begins humorously enough with several men and women, mostly of indeterminate gender, vamping it up in front of the camera and participating in a mock advertisement for an indelible, heart-shaped brand of lipstick. However, things take a dark, nightmarish turn when a transvestite chases, catches and begins molesting a woman. Soon, all of the titular “creatures” participate in a (mostly clothed) orgy that causes a massive earthquake. After the creatures are killed in the resulting chaos, a vampire dressed like an old Hollywood starlet rises from her coffin to resurrect the dead. All ends happily enough when the now undead creatures dance with each other, even though another orgy and earthquake loom over the end title card.",/13VdvNqQza3ZaxwtwiI54H0AWVs.jpg
14809,Stark Raving Mad,A crook quietly plots his revenge against the boss who murdered his brother while working for him.,/c3PLV34xEyUFU9BlRV2zr2Bzdtp.jpg
8217,Alice,"Alice Tate, mother of two, with a marriage of 16 years, finds herself falling for the handsome sax player, Joe. Stricken with a backache, she consults Dr. Yang, an oriental herbalist who realizes that her problems are not related to her back, but in her mind and heart. Dr. Yang's magical herbs give Alice wondrous powers, taking her out of well-established rut.",/hRtGAXMfOCW79p6N3ix0iWKRFz6.jpg
34806,The Back-Up Plan,"When Zoe tires of looking for Mr. Right, she decides to have a baby on her own. But on the day she's artificially inseminated, she meets Stan, who seems to be just who she's been searching for all her life. Now, Zoe has to figure out how to make her two life's dreams fit with each other.",/1Ig6ZQpLZfLsdvMLHD0inc2w0HB.jpg
14831,Help!,"This Beatles film has an obscure Asian cult, that believes in human sacrifice, chasing Ringo after he accidentally put on the their victim's ceremonial ring. He is pursued by the cult, a pair of mad scientists, a member of a side cult that no longer believes in human sacrifice, and the London police who are trying to help.",/lrziqxryaFpneILX7XzPGRx2BUz.jpg
37447,Berkeley in the Sixties,"A documentary about militant student political activity at the University of California, Berkeley in the 1960s.",/g2bwppjkKvh5gh0uUEnsviCRRbn.jpg
12166,Achilles and the Tortoise,"Machisu is a painter. He never had the success he thinks he is entitled to. Regardless of this, he always remains trying to be successful. His wife Sachiko keeps supporting him, despite all setbacks. Machisu, the only son of a rich collector, has a childs love for painting. Praise from a famous artist friend of his father inspires the young boy to dream of becoming a painter himself.  s a young man, poor loner Machisu manages to attend art school with money earned from working. He is introduced to an unconventional world of bold creativity but he also gets his first bitter taste of harsh criticism from a dealer. Encouragement comes in the form of attractive clerk Sachiko who is convinced that she alone understands him. Marriage is soon followed by a daughter, as love and hope drive Machisu to commit even more deeply to his art ...",/gztrZh92TjXhPzq4MfFc3dkaO1o.jpg
149445,Harry and Walter Go To New York,Two hoplessly out of their class con-men attempt to pull off the largest bank heist of the l9th century. They gain the enmity of the most famous bank Robber in the world and the affection of a crusading newspaperwoman.,/iDaToaofJZ1GbdYoE7847DQnhyO.jpg
1271,300,"Based on Frank Miller's graphic novel, ""300"" is very loosely based the 480 B.C. Battle of Thermopylae, where the King of Sparta led his army against the advancing Persians; the battle is said to have inspired all of Greece to band together against the Persians, and helped usher in the world's first democracy.",/bYR8O1H1ZlME7Dm9ysfTYZnRDpw.jpg
31658,Hour of the Gun,"Marshal Wyatt Earp kills a couple of men of the Clanton-gang in a fight. In revenge Clanton's thugs kill the marshal's brother. Thus, Wyatt Earp starts to chase the killers together with his friend Doc Holliday.",/dpNhKmoO7d9THeQ5yz26kgKqbs3.jpg
52462,The Pet,"A young woman in dire financial straights accepts an offer to be a wealthy aristocrat's human ""pet"" for six months. Then ruthless modern ""pet-nappers"" kidnap the woman to sell her on the GSM (Global Slave Market).",/k6UZzTszSpIysEt3mk47U93iS0v.jpg
24056,The Tournament,"Every ten or seven years in an unsuspecting town, The Tournament takes place. A battle royale between 30 of the world's deadliest assassins. The last man standing receiving the $10,000,000 cash prize and the title of Worlds No 1, which itself carries the legendary million dollar a bullet price tag.",/ldqexoGgxnuV1hpX64MR6WnyEVG.jpg
85593,Bag It,"An average guy makes a resolution to stop using plastic bags at the grocery store. Little does he know that this simple decision will change his life completely. He comes to the conclusion that our consumptive use of plastic has finally caught up to us, and looks at what we can do about it. Today. Right now.",/dpTlmsZ9H54AvTjYqwBCK4WRvPH.jpg
15242,"Snoopy, Come Home","When Snoopy receives a letter from his original owner Lila, he goes to visit her in the hospital while Charlie Brown and the gang are on the lookout for him. Suddenly, Snoopy feels that he must go live with Lila, but must say goodbye to all his friends. In his adventure to the hospital, he encounters numerous ""No Dogs Allowed"" signs, an annoying little girl who desires to keep him, and more!",/9EVwamJv0cGApvT4MpDpbWZPspQ.jpg
45213,French Cancan,A comedy/drama about a world-weary impresario who transforms a laundress into a theatrical star.,/uw7GLjIWxsBODMdgeVhHnIdJQyf.jpg
15895,Deathstalker,"The warrior Deathstalker is tasked by an old witch lady to obtain and unite the three powers of creation - a chalice, an amulet, and a sword - lest the evil magician Munkar get them and use them for nefarious purposes. After obtaining the sword, Deathstalker joins with other travelers going to the Big Tournament to determine the strongest warrior. The false king holds the true princess in captivity, and plots to have Deathstalker killed, and Deathstalker must fight to free the princess.",/oMFvCnoeHJTUPTfDWmIxdHzKeap.jpg
147729,Animals Are Beautiful People,"Animals Are Beautiful People (aka Beautiful People) is a 1974 nature documentary about the wildlife in Southern Africa. It was filmed in the Namib Desert, the Kalahari Desert and the Okavango River and Okavango Delta. It was produced for cinema and has a length of slightly more than 90 minutes.",/kzIWe7HmoeYWczfUAfo331PAL6c.jpg
56935,The Lacemaker,"The internationally produced The Lacemaker (La Dentelliere) stars Isabelle Huppert as Pomme, a meek and mild French beautician whose life takes a fateful turn during a vacation to Normandy. Here Huppert becomes the lover of middle-class literature-student Francois (Yves Beneyton). The relationship sours when Francois takes her home to meet his parents, thanks in no small part to their differing social backgrounds. The Lacemaker was the film that solidified the stardom of Isabelle Huppert; she was showered with awards, most notably the British Film Academy.",/iv17RqTwBDxAihnk9PAtoCWSM99.jpg
16555,Daddy's Little Girls,"Monty is a mechanic struggling to make ends meet as he raises his three young daughters. When the court awards custody of his daughters to his shady ex-wife, Monty desperately tries to win them back with the help of Julia, a beautiful, Ivy League-educated attorney. Monty and Julia couldn't be less alike, but a flame is ignited...touching off a firestorm of love and conflict.",/sEGLrAVIyNLoGHyoI3v1l7I4e49.jpg
81188,Rise of the Guardians,"When an evil spirit known as Pitch lays down the gauntlet to take over the world, the immortal Guardians must join forces for the first time to protect the hopes, beliefs and imagination of children all over the world.",/sIZr3pWcnLTjMkOaTkBrV967lTK.jpg
41671,Amityville: It's About Time,"When an old clock arrives at home as a gift, strange things begin to happen. The family that proudly assigned a privileged place to the clock in the living room, is unaware that this thing is a link to an old and evil house...",/nJiglOtMoWIwBpiGLxMRVqk2GGG.jpg
14412,Body Heat,"In the midst of a searing Florida heat wave, a woman convinces her lover, a small-town lawyer, to murder her rich husband.",/zjKyX72bNa6aSXZUvQpB223zDBe.jpg
29182,44 Inch Chest,"Provocative, outrageously profane and surprisingly tender amidst an explosion of unbridled testosterone, 44 INCH CHEST explores the masculine ego at breaking point, testing whether fear is stronger than love. Colin (Ray Winstone) is in agony, shattered by his wife’s (Joanne Whalley) infidelity, so his friends kidnap the wife's lover so he can have his revenge.",/3iGgHTm8SXPu9dYKJEUwleZfGGc.jpg
15366,American Gun,"Seemingly disparate portraits of people -- among them a single mother, a high school principal, and an ace student -- Distinctly American -- all affected by the proliferation of guns in American society.",/pt3QB1evWjhmbrDwiX85KzuxFHS.jpg
9960,Lord of the Flies,"Amidst a nuclear war, a plane carrying a group of schoolboys crash lands on a deserted island. With no adult survivors, the boys are forced to fend for themselves. At first they cooperate, but when the they split into two separate camps -- one led by the pragmatic Ralph and the other by militaristic Jack -- their society falls into disarray, leading to a disturbing examination of human nature and a chilling conclusion.",/pTWtPWLKHzBsaDaGkePIQf4AW7e.jpg
481,7 Virgins,Tano is 16-years-old and is already sitting in jail. In 48 hours he’s a free man and off to the wedding of his brother. In the two days he recounts his neighborhood in a section of Sevilla.,/vRbhOYl4Z3fuI7lCosyM8VRHW1u.jpg
19429,Absence of Malice,"A prosecutor leaks a false story that liquor warehouse owner Michael Gallagher is involved in the murder of a union head, and as newspaper reporter Megan Carter picks up the story and attempts to find the real truth, Gallagher's life begins to unravel.",/AuxBNTIo86c7DhM68947wadUkrG.jpg
135161,You Are God,"One of the biggest Polish film premieres of 2012 and eagerly anticipated for over a decade, it is the story of the late 90s generation and the three friends behind the music: Magik, Focus and Rahim.  The fact-based film directed by Leszek Dawid charts the relentless struggle for success of Paktofonika, against the backdrop of crumbling traditional values in dreary 90s Silesia. The contradictory ideals of hiphop - the rebellious, edgy lyrics against the ‘system’ juxtaposed with the money and  fame sought by the artists - are superbly captured in this dark, unforgettable drama.",/h8ryaAYqeENW1oN8eJ9sxhNIwkM.jpg
53798,Father Takes a Wife,A famous actress has to win over her ready-made family when she weds a shipping magnate.,/frEDU6wl29uFaO3hQFtuf3laqS1.jpg
88922,The Oily Maniac,A cripple takes revenge on criminals by using a magic spell that transforms him into an oily monster/superhero.,/g6P5U2YOiFFO3bPpJgkTDfvGkxb.jpg
4938,The Last Frontier,Three trappers become scouts for a cavalry captain (Guy Madison) who loses his fort to a hated colonel (Robert Preston).,/gUTOgTaAdAUaGheFi9iSUJo7I1g.jpg
278458,The Artist,A male nurse steals some of one of his patient's drawings and makes money with them.,/4zsnSVkmzQBC47ZnljWie7YP3Mw.jpg
4464,Seabiscuit,True story of the undersized Depression-era racehorse whose victories lifted not only the spirits of the team behind it but also those of their nation.,/xzYOaFGZBNAciQXRasQQ8sYxBSi.jpg
93427,Town Without Pity,Four American soldiers stationed near a German village face death in the rape of a local girl and are defended by outside counsel Major Steve Grant.,/jvrZhjIGVIjNy6VWSgpFA87cvXr.jpg
1818,Shoot the Piano Player,"Charlie Kohler is a piano player in a bar. The waitress Lena is in love with him. One of Charlie's brother, Chico, a crook, takes refuge in the bar because he is chased by two gangsters, Momo and Ernest. We will discover that Charlie's real name is Edouard Saroyan, once a virtuose who gives up after his wife's suicide. Charlie now has to deal wih Chico, Ernest, Momo, Fido (his youngest brother who lives with him), and Lena...",/tdVpsYocOpJLNhU7lDFY2yTMZcY.jpg
23928,Captain Horatio Hornblower R.N.,"A naval adventure, based on the novels by C.S. Forester, about the heroic, 19th-century British seafarer. The story sails with his ship, the Lydia, through battles with Spain and then France won with wit rather than might.",/irPhwl2cPnVsMBiO2YXOZzytYND.jpg
18209,Bedazzled,"Stanley is infatuated with Margaret, the statuesque waitress who works with him. He meets George Spiggott AKA the devil and sells his soul for 7 wishes, which Stanley uses to try and make Margaret his own first as an intellectual, then as a rock star, then as a wealthy industrialist. As each fails, he becomes more aware of how empty his life had been and how much more he has to live for.",/mmmoBPgx8F62qRRd396zwvG4Q8l.jpg
29872,Carefree,"Dr. Tony Flagg's friend, Steven, has problems in the relationship with his fiancee, Amanda, so he persuades her to visit Dr. Flagg. After some minor misunderstandings, she falls in love with Dr. Flagg. When he tries to use hypnosis to strengthen her feelings for Steven, things get complicated.",/8ksrFRswixmjkspJV4anS3ulGh9.jpg
24924,Night of the Demons,"While conducting a seance during a Halloween party, high-school seniors unlock the demon that remains locked in the crematorium.",/qWUVkyCZUSAMDLycjFoSMMhkDRu.jpg
2017,No Good Deed,"While doing a friend a favor and searching for a runaway teenager, a police detective stumbles upon a bizarre band of criminals about to pull off a bank robbery.",/vGwbyQOGOG5WRKcemHREpdSviMO.jpg
32567,The Endurance: Shackleton's Legendary Antarctic Expedition,"Documentary on the Shackleton Antartic expedition. A retelling of Sir Ernest Shackleton's ill-fated expedition to Antarctica in and the crew of his vessel 'The Endurance', which was trapped in the ice floes and frigid open ocean of the Antarctic in 1914. Shackleton decided, with many of his crew injured and weak from exposure and starvation, to take a team of his fittest men and attempt to find help. Setting out in appalling conditions with hopelessly inadequate equipment, they endured all weather and terrain and finally reached safety. Persuading a local team of his confidence that the abandoned team would still be alive, he set out again to find them. After almost 2 years trapped on the ice, all members of the crew were finally rescued.",/1qJOaqHpYNVhMxW8Z5gvaJFF6zM.jpg
30843,Antique,"This story is about four men who work in a confectionary. Jin Hyuk is the owner; Son Woo is the superb baker that has a mysterious and mesmerizing aura; Soo Young (Choi Ji Ho) is the waiter and close bodyguard of Jin Hyuk; and last but not least Gi Beom (Yoo Ah), the ex-boxer who loves cake so much that he becomes a waiter at 'Antique'. This is a refreshing, yet heartfelt comedy about the 4 very unique personalities that work until the wee hours of the night at the small confectionary. The series follows the romance, family life, and most importantly friendship that these 4 men from different generations experience.",/wtjJAFaHL5GEzOzHZaCKI9TjyN6.jpg
29242,The Mummy's Curse,"After being buried in quicksand for the past 25 years, Kharis is set free to roam the rural bayous of Louisiana, as is the soul of his beloved Princess Ananka, still housed in the body of Amina Mansouri, who seeks help and protection at a swamp draining project.",/qGhh5YPh2IG6kjmS7bH7nJvmLxC.jpg
49477,Gendernauts: A Journey Through Shifting Identities,"Monika Treut explores the worlds and thoughts of several female to male transgendered individuals. As with Treuts first film, Jungfrauenmaschine, Gendernauts, enters a minority sector of San Fransisco culture. The characters in this film have a lot to complain about, and they do. They are people whose physical appearance (female) does not match their inner sexual identity (male). The subject is pinpointed in the film independant of sexual orientation. Leave your conservative hats at the door, this is going to need your special attention.",/a1ZzZfeIkHwqS0ky9sUa1NkUZV2.jpg
53778,DMT: The Spirit Molecule,"THE SPIRIT MOLECULE weaves an account of Dr. Rick Strassman's groundbreaking DMT research through a multifaceted approach to this intriguing hallucinogen found in the human brain and hundreds of plants, including the sacred Amazonian brew, ayahuasca. Utilizing interviews with a variety of experts to explain their thoughts and experiences with DMT, and ayahuasca, within their respective fields, and discussions with Strassman’s research volunteers, brings to life the awesome effects of this compound, and introduces us to far-reaching theories regarding its role in human consciousness.",/oHMPWn8ChiSgWziLpMtnAi9m6tG.jpg
50724,My Brother's Wife,"After almost 10 years of marriage, attractive Zoe discovers that her marriage lacks passion and surprise, and is seduced by the possibility of finding those sensations already forgotten in her husband's brother. From this premise a series of events lead these three characters to a dangerous game of revenges, secrets and passions. Two brothers and one woman: the triangle is outlined in a disquieting way. It is a bomb that triggers family secrets, the contained rage of desire and the unmanageable power of love. An exciting story that subjugates the viewer from beginning to end.",/iRZ0YxUw7ebI7WcEzl001M3RmQw.jpg
44383,Sherlock Holmes in Washington,"In World War II, a British secret agent carrying a vitally important document is kidnapped en route to Washington. The British government calls on Sherlock Holmes to recover it.",/dzqLRHusJtwR5N9zqM11HG7dLDI.jpg
117553,Calendar Girl,"Like many adolescent boys, Roy Darpinian had the hots for movie divas, and one in particular was his wet dream as half of America's in the 1950s: Marilyn Monroe. The difference is, one summer holiday he actually decided to enlist his spineless buddies, Scott Foreman and Ned Bleuer, to actually drive all the way to Hollywood and make as many desperate attempts as it takes to meet her or get arrested trying, and no setback or embarrassment (even publicly bare-ass) can stop or distract him. Against all odds, he finally even got a chance to help her...",/lr24NrKyzKjkAtFOi0uveKeqfIE.jpg
2899,Asterix & Obelix: Mission Cleopatra,"The Egyptian Queen Cleopatra bets against the Roman Emperor, Julius Caesar, that her people are still great, even if the times of the Pharaohs has long passed. She vows (against all logic) to build a new palace for Caesar within three months. Since all her architects are either busy otherwise or too conservative in style, this ambivalent honor falls to Edifis. He is to build the palace and be covered in gold or, if not, his fate is to be eaten by crocodiles. Edifis calls upon an old friend to help him out: The fabulous Druid Getafix from Gaul, who brews a fantastic potion that gives supernatural strength. In order to help and protect the old Druid, Asterix and Obelix accompany him on his journey to Egypt. When Julius Caesar gets wind of the project succeeding, he has the building site attacked by his troops in order to win the bet and not lose face. But just like the local pirates, he hasn't counted on Asterix and Obelix.",/qWy5b64SoBXcMDdfgLyLZgIHSdv.jpg
82432,Kiss The Bride,"Sibling drama overshadows the impending nuptials of Danni Sposato (Amanda Detmer) and her longtime boyfriend, Geoff Brancato (Johnathon Schaech). Television actress Niki (Brooke Langton) brings her manager-boyfriend, Marty (Johnny Whitworth), to meet the family for the first time, while spiky youngest sister Toni (Monet Mazur) shows off her bandmate and lover, Amy (Alyssa Milano), and driven Wall Street banker Chrissy (Vanessa Parise) flashes the status symbols of her financial success.",/2eVnqo34aA4Rk9wA3zM0Vg3aGc5.jpg
33927,Deadfall,"After he accidentally kills his father, Mike, during a sting, Joe tries to carry out Mike's dying wish by recovering valuables that Mike's twin brother Lou stole from him years earlier. But Uncle Lou is also a confidence artist, and Joe is soon drawn into his increasingly dangerous schemes.",/inRuoWM2aWSZOPYKksyZufQxxdu.jpg
7451,xXx,"Xander Cage is your standard adrenaline junkie with no fear and a lousy attitude. When the US Government ""recruits"" him to go on a mission, he's not exactly thrilled. His mission: to gather information on an organization that may just be planning the destruction of the world, led by the nihilistic Yorgi.",/fPHNTG1OXFBQ6aEVO7Lv8tSgfrY.jpg
3016,Dr. Jekyll and Mr. Hyde,Dr. Jekyll and Mr. Hyde is a 1920 horror silent film based upon Robert Louis Stevenson's novella The Strange Case of Dr Jekyll and Mr Hyde and starring actor John Barrymore.,/ICvzVy6kAaB24oRTGy27bzFdF2.jpg
47959,Callas Forever,A fictionalized account of the last days of opera singer Maria Callas (Ardant).,/okg6w0qfunMyPxJIelzeZ9MRIY7.jpg
19237,Kill Theory,"Whilst celebrating a graduation at a secluded vacation home, a group of college students find themselves targeted by a sadistic killer who forces them to play a deadly game of killing one another in order to survive.",/f41JoJHQBS9yWnTcqVVcPBMs78P.jpg
1991,Death Proof,"Austin's hottest DJ, Jungle Julia, sets out into the night to unwind with her two friends Shanna and Arlene. Covertly tracking their moves is Stuntman Mike, a scarred rebel leering from behind the wheel of his muscle car, revving just feet away.",/nyQBcpxqS4im2akQlWG9Y1oeM2V.jpg
42722,The Nun,"In eighteenth-century France a girl (Suzanne Simonin) is forced against her will to take vows as a nun. Three mothers superior (Madame de Moni, Sister Sainte-Christine, and Madame de Chelles) treat her in radically different ways, ranging from maternal concern, to sadistic persecution, to lesbian desire. Suzanne's virtue brings disaster to everyone in this faithful adaptation of a bitter attack on religious abuses by the Enlightenment philosopher Denis Diderot.",/62mb35CDp0TLTyMTEsYfE5plF1e.jpg
4012,The Believer,The movie tells the story of a young Jewish man who becomes fiercely anti-Semitic.,/ziXye4ih6Hd7jOezr5KUQw8I8G8.jpg
9458,Desperate Measures,"San Francisco police officer Frank Connor is in a frantic search for a compatible bone marrow donor for his gravely ill son. There's only one catch the potential donor is convicted multiple murderer Peter McCabe who sees a trip to the hospital as the perfect opportunity to get what he wants most freedom. With McCabe's escape, the entire hospital becomes a battleground and Connor must pursue and, ironically, protect the deadly fugitive who is his son's only hope for survival.",/5K5fgNC2XeF6ZwB6lgTQNKn7ezH.jpg
63,Twelve Monkeys,"In the year 2035, convict James Cole reluctantly volunteers to be sent back in time to discover the origin of a deadly virus that wiped out nearly all of the earth's population and forced the survivors into underground communities. But when Cole is mistakenly sent to 1990 instead of 1996, he's arrested and locked up in a mental hospital. There he meets psychiatrist Dr. Kathryn Railly, and patient Jeffrey Goines, the son of a famous virus expert, who may hold the key to the mysterious rogue group, the Army of the 12 Monkeys, thought to be responsible for unleashing the killer disease.",/6Sj9wDu3YugthXsU0Vry5XFAZGg.jpg
40815,On Guard,"The Comte de Gonzague schemes against his cousin, the Duc de Nevers, even though he is the Duke's heir and will inherit his estates. The Count has kept secret the existence of the Duke's bastard, recently born. When the Duke learns of his child, he journeys to wed the mother, a baron's daughter, in her father's isolated chateau. The occupants of the castle are surprised and murdered by the Count and his men. The only ones to escape are the Duke's friend, the skilled swordsman Lagardère, and the infant, a girl, now the rightful heiress to the Duke's vast fortune. The Count believes the pair to have drowned, when in fact they have been concealed by a travelling troupe of Italian players. Twenty years pass. The Count has discovered that the two survive and seeks to have them slain. But Lagardère gains the confidence of the Count, and employment as his bookkeeper, through his clever disguise as a hunch-back...",/fNSHA2bfFYXaTK5Sb15OTzZxEkH.jpg
36586,Blade II,"A rare mutation has occurred within the vampire community - The Reaper. A vampire so consumed with an insatiable bloodlust that they prey on vampires as well as humans, transforming victims who are unlucky enough to survive into Reapers themselves. Blade is asked by the Vampire Nation for his help in preventing a nightmare plague that would wipe out both humans and vampires.",/jlURNpXCMK830CsGRd939PJLh8c.jpg
2428,The Greatest Story Ever Told,All-star epic retelling of Christ's life.,/t9fuja3D9miQU9lXJlmvlINn5kZ.jpg
105583,Diaries Notes and Sketches,An epic portrait of the New York avant-garde art scene of the 60s.,/aCUk6nAEIunT99inHjtBDhHtGTI.jpg
15552,Cirque du Soleil: Varekai,"Icarus (Anton Chelnokov) is the main character of Varekai, who falls to the ground, breaking his legs as he does. He is suddenly in a strange, new world full of creatures he has never seen before. ""Parachuted into the shadows of a magical forest, a kaleidoscopic world populated by fantastical creatures, this young man sets off on an adventure both absurd and extraordinary.",/86xY15QFEdulB11SG6XmXl2nxYn.jpg
176650,The Sandwich Man,"Composed of three separate stories, the film vividly portrays Taiwan during the cold war period when the country developed its economy with help from the United States. It is regarded as a hallmark of Taiwanese New Cinema.",/xoAT0VBpHI7RdiQjTiKdk0PB71q.jpg
11485,Take the Money and Run,"The life and times of Virgil Starkwell, inept bank robber.",/eYVSsMMfO2JeaiYh8n5XI8Zag8A.jpg
125553,Wadd: The Life & Times of John C. Holmes,"Friends, enemies, acquaintances, and family of porn star John Holmes recall their experiences with him, from his childhood to his eventual death from AIDS in 1988.",/8O3Zx01dCs2FoioUp5m7XHn5nvm.jpg
32579,Under the Same Moon,"Tells the parallel stories of nine-year-old Carlitos and his mother, Rosario. In the hopes of providing a better life for her son, Rosario works illegally in the U.S. while her mother cares for Carlitos back in Mexico.",/If5TzJuGZ4F17EqxuDAyynD4AS.jpg
120,The Lord of the Rings: The Fellowship of the Ring,"Young hobbit Frodo Baggins, after inheriting a mysterious ring from his uncle Bilbo, must leave his home in order to keep it from falling into the hands of its evil creator. Along the way, a fellowship is formed to protect the ringbearer and make sure that the ring arrives at its final destination: Mt. Doom, the only place where it can be destroyed.",/bxVxZb5O9OxCO0oRUNdCnpy9NST.jpg
1985,The Constant Gardener,"Justin Quayle is a low-level British diplomat who has always gone about his work very quietly, not causing any problems. But after his radical wife Tessa is killed he becomes determined to find out why, thrusting himself into the middle of a very dangerous conspiracy.",/r7QOXMcuIqZUeIVXVc4BCZrd9ni.jpg
12555,I Served the King of England,"Jan Dítě has been released from a Czech prison just before the very end of his 15-year sentence. Settling in a town near the border, he occupies his time with rebuilding a deserted house, and recalling his past. His main wish in life was to be a millionaire. Jan begins his career as a frankfurter vendor, and slowly learns the power of money and the influence it exerts over people.",/pfMl5gm7bmPnuhnjzhKiJ0sTRFG.jpg
5725,Supervixens,"Clint Ramsey has to leave his job working at Martin Bormann's gas station and flee after his wife is murdered by psycho cop Harry Sledge, who tries to pin the murder on Clint. Crossing America, Clint gets sexually harassed on all sides by various voluptuous nymphomaniacs, and it all ends in a literally explosive climax.",/fH5zYazrFrFvKhPuDlczTJEfYox.jpg
168535,The Substance of Fire,"Isaac Geldhart is a Holocaust survivor who, overcome by grief at the recent death of his wife, seems determined to run his publishing firm into the ground by printing books that have no hope of financial success. His son Aaron, who also works at the company, grows frustrated with Isaac's emotional decline and attempts to take over the firm. The resulting crisis involves Isaac's other two children, his daughter Sarah and his dying son Martin.",/kH5bjhWoHe0f8J2yMKGoTEhcngY.jpg
19265,Whatever Works,"Whatever Works explores the relationship between a crotchety misanthrope, Boris and a naïve, impressionable young runaway from the south, Melody. When Melody's uptight parents arrive in New York to rescue her, they are quickly drawn into wildly unexpected romantic entanglements. Everyone discovers that finding love is just a combination of lucky chance and appreciating the value of ""whatever works.""",/mGL6OgyBsrcoB4lnJNYvyqHrUYa.jpg
126509,2016: Obama's America,"2016: Obama's America takes audiences on a gripping visual journey into the heart of the worlds most powerful office to reveal the struggle of whether one man's past will redefine America over the next four years. The film examines the question, ""If Obama wins a second term, where will we be in 2016?""  Across the globe and in America, people in 2008 hungered for a leader who would unite and lift us from economic turmoil and war. True to Americas ideals, they invested their hope in a new kind of president, Barack Obama. What they didn't know is that Obama is a man with a past, and in powerful ways that past defines him--who he is, how he thinks, and where he intends to take America and the world. Immersed in exotic locales across four continents, best selling author Dinesh DSouza races against time to find answers to Obama's past and reveal where America will be in 2016.",/jqpHg4h2bmHFWDOF0iBqqNo73Go.jpg
39781,The Kids Are All Right,"Two women, Nic and Jules, brought a son and daughter into the world through artificial insemination. When one of their children reaches age, both kids go behind their mothers' backs to meet with the donor. Life becomes so much more interesting when the father, two mothers and children start to become attached to each other.",/fB8DRRd1aw3bug7toO9IRAmCp0d.jpg
41355,The Memphis Belle: A Story of a Flying Fortress,"Documentary about the 25th and last bombing mission of a B17, the ""Memphis Belle"". The ""Memphis Belle"" took part in a great bombing raid on sub-pens in Wilhelmshafen, Germany.  If she makes it back from this one, she'll be retired from combat and sent home. That is, if she makes it!
 Fly with the brave men of The Great Flying Fortress on this genuine combat mission! The true story of the real plane and the real crew - actually filmed as it was happening!",/tR3PnmXh8UrSdCPIWYIO1uce54Y.jpg
41949,A World Apart,"A White enclave in Johannesburg, South Africa, in the 1960s. Molly Roth, 13 years old, is the daughter of leftist parents, and she must piece together what's happening around her when her father disappears one night, barely evading arrest, and, not long after, her mother is detained by the authorities. Some of Molly's White friends turn against her, and her family's friendships with Blacks take on new meaning. Relationships are fragile in the world of apartheid. How will she manage?",/cG59YwsYhvqpMRay5E0ghb4YfuN.jpg
12832,A Woman in Berlin,"A nameless woman keeps a diary as the Russians invade Berlin in the spring of 1945. She is in her early 30s, a patriotic journalist with international credentials; her husband, Gerd, a writer, is an officer at the Russian front. She speaks Russian and, for a day or two after the invasion, keeps herself safe, but then the rapes begin. She resolves to control her fate",/c1ILatDxfakmEYJmtdU7AW8V6ED.jpg
8923,Green Street Hooligans,"After being wrongfully expelled from Harvard University, American Matt Buckner flees to his sister's home in England. Once there, he is befriended by her charming and dangerous brother-in-law, Pete Dunham, and introduced to the underworld of British football hooliganism. Matt learns to stand his ground through a friendship that develops against the backdrop of this secret and often violent world. 'Green Street Hooligans' is a story of loyalty, trust and the sometimes brutal consequences of living close to the edge.",/z3LC4kI8azbeuHRGgDdWo6VBCdX.jpg
16558,Duplicity,Two romantically-engaged corporate spies team up to manipulate a corporate race to corner the market on a medical innovation that will reap huge profits and enable them to lead an extravagant lifestyle together.,/97J8g4j1Yd9Qjy4Oz1ltpV9PAI2.jpg
16271,Massacre at Central High,"Maimed by bullies at a California high school, a new student (Derrel Maury) engineers acts of revenge.",/waNavooLRJHhUUttgZ3ioFdszDv.jpg
60599,Arbitrage,"A troubled hedge fund magnate, desperate to complete the sale of his trading empire, makes an error that forces him to turn to an unlikely person for help.",/tn8a9qdYmUF8NMy1tmhoH4WnDXq.jpg
11047,Asterix the Gaul,"In the year 50 BC, Gaul is occupied by the Romans - nearly. But the small village of Asterix and his friends still resists the Roman legions with the aid of their druid's magic potion, which gives superhuman strength. Learning of this potion, a Roman centurion kidnaps the druid to get the secret formula out of him.",/5nYIjqB2ScgycBCLEbvqA5XTSUX.jpg
91873,Giliap,"In a minor town the morose manager is primarily responsible for the bad atmosphere of a restaurant. But central for the plot are three persons: a male waiter who is never named (here called W), the female waiter Anna, and ""the count"", a self-invented nickname by a man cleaning plates. The count is skilled in making others do what he wants. Half a dozen of the personnel assist in a poorly planned and failed attempt to liberate a man whom the police move from one arrest to another. The event involves stealing a motorcycle and threatening policemen with a gun. Anna strongly tries to make contact with W. Finally it turns out that she need his help to break her sexual relation to the count, a relation that from her part is not motivated by positive feelings. W rejects her attempts. And then Anna has suddenly gone. She has got a pleasant job in another town. And then W's feelings awaken.",/g5SrQgmuezUtRlKnNi4ZKaTHjfb.jpg
102878,A Brother's Kiss,"Two brothers, Lex and younger Mick, are living in Harlem. Mick is a policeman, and Lex, who spent youth years in reformatory because of injustice after he confronted the cop who tried to sodomize Mick on the street, is living with his wife Debbie trying to make ends meet and failing. One day Lex calls Mick - he has a problem...",/oHAiCoFxzYoWSGhigctJTxyIcKj.jpg
19665,The Arrow,"This series tells the story of the world's fastest fighter plane ever built, in 1950's Canada, and how the project was dropped due to political pressure from the United States.",/ifUbKmM2gPnoSkvQUxz8j5LiTwj.jpg
22625,Circle of Friends,"'Circle Of Friends' is set in 1950's Ireland. The movie focuses on Benny Hogan and her best friend, Eve Malone. The story centers around Benny and Eve as they enter student life at University College, Dublin. Here Benny and Eve reunite with their childhood friend, the ice-cool Nan Mahon, the 'college belle'. They also encounter the handsome and charming Jack Foley, whom Benny quickly falls for.",/6T3hCdOWU49Y0hmuzceARU5yS5x.jpg
70584,Hellraiser: Revelations,"Two friends in Mexico discover the Lament Configuration and unleash Pinhead, but one decides to try to survive by swapping himself with someone else. Once they go missing, family members go in search of them, but find Pinhead instead.",/iRvm4Ql8BsYHcEWuq9y0REuFRY8.jpg
46788,Trash Humpers,"Follows the lives of a small group of sociopathic elderly people in Nashville, Tennessee.",/yEOvlBRY55w3CYk0QlZazAcMKBc.jpg
43742,Love Affair,"Ex-football star Mike Gambril meets Terry McKay on a flight to Sydney, which is forced to land on a small atoll. They become romantic on board a ship sent to take them to a larger island. They agree to meet in New York three months later to see if the attraction is real. One shows up but the other doesn't. However, a chance meeting brings them together again.",/mQMCPf0GUaOjKYFTdmL8w8udnJX.jpg
90928,Rhyme & Reason,"A study in the world of hip-hop, done mostly with interviews, in order to see why it is as popular as it is today and what the future holds.",/lRIRlLX6VdMGKsiZAYPkxAJvWmA.jpg
13538,Straightheads,"There is instant chemistry between Alice (Gillian Anderson), a businesswoman, and Adam (Danny Dyer), a younger working-class man who installs a security system in her London apartment. She takes him to a party in the country, and they end up making love. But the night turns horrific when they encounter three thugs who maim Adam and rape Alice. The incident turns them into fearful recluses until Alice spots the leader of their attackers (Anthony Calf) -- and the two victims plot a brutal revenge.",/ywf1UPAhy4Hg2XzVUwDRa60NFKR.jpg
833,Umberto D.,"Umberto Domenico Ferrari, an elderly and retired civil servant, is desperately trying to maintain a decent standard of living on a rapidly dwindling state pension. But he's up against his tyrannical landlady, who keeps demanding rent that he can't pay (while renting his room out to prostitutes during the day), and his only friends are the pregnant housemaid and his little dog Flike.",/zwslsX98Hp4GyJGoVI4mZMU9mDO.jpg
25335,Hellsinki,"Besides the journey of Tomppa and Krisu, the main characters of the film, Rööperi tells the story of Gypsy Kari, Arska, Bisquit, Uki and a bunch of other bad boys and criminals; it tells of their memorable and unscrupulous journey from crime and poverty to becoming respectable citizens, going to jail—or dying too young. The wrong side of the law is seen through the eyes of Koistinen, a local police officer.
 The guys who fall into a life of crime have one thing in common: they all start by bootlegging, being sure money is an answer to all their problems. Money is a way out of a miserable life; it is a way to happiness and their modest dreams. They can stop doing criminal business as soon as they get enough money.
 When the guys start making more money with black-market booze, their hunger and their dreams grow bigger.",/sx5yjvIvEs1Xc0m9oGJhfHYoqKi.jpg
45663,The Dunwich Horror,"In Louisiana, the thirty-five year old single mother Lavina delivers a baby boy and a monster in the evil Whateley House. Ten years later, Dr. Henry Armitage and his assistant Professor Fay Morgan discover that the page 751 of every copy of the Necronomicon is missing and The Black Brotherhood has summoned the gate keeper Yog Sothoth to leave the portal opened to the demons and ancient gods. They invite the arrogant and skeptical Professor Walter Rice that can translate the Necronomicon to help them to seek the book. Meanwhile Lavina's son Wilbur Whateley ages very fast and seeks the missing page to open the portal.",/aesIzJErGY341Mc5nxInZPy3i2M.jpg
30964,The Lost Son,"Xavier Lombard is a world-weary private eye in London, in exile from his native Paris; his best friend is Nathalie, a high-class call girl. He gets a call from an old friend from the Paris police department, now a businessman whose brother-in-law is missing. The missing man's parents hire Xavier over their daughter's objections, and quickly he finds himself in the realm of children's sexual slavery.",/c5qXIOYoHrcg1ds9ZG7fnSHA19n.jpg
21733,Dragons Forever,"Jackie Chan stars as a hot-shot lawyer hired by a Hong Kong chemical plant to dispose of opposition to their polluting ways. But when he falls for a beautiful woman out to stop the plant, Jackie is torn in a conflict of interest and asks his trusty friends Samo and Biao to help out at least until they discover the true purpose of the plant.",/osuGMsCGHytDgriDE80ZIy2luNN.jpg
35868,Green Dragon,"A tale about Vietnamese refugees sent to an orientation camp on the Camp Pendleton Marine Base in California, 'Green Dragon' focuses on a young boy and his sister. Set in 1975, the film chronicles the stories told to the two children by other refugees in the camp and of Tai Tran, who dares to introduce himself to Sergeant Jim Lance. In developing a relationship with Lance, Tran is able to improve",/4qNxipsoqADZu5ZACK6uJv4qkWV.jpg
10165,Fear and Desire,"A ficticious war in an unidentified country provides the setting for this drama. Four soldiers survive the crash-landing of their plane to find themselves in a forest six miles behind enemy lines. The group, led by Lt. Corby, has a plan: They'll make their way to a nearby river, build a raft, and then, under cover of night, float back to friendly territory. Their plans for getting back safely are sidetracked by a young woman who stumbles across them as they hide in the woods, and by the nearby presence of an enemy general who one member of the group is determined to kill.",/jnh0IY1YkZjOaN28579eGj2QyZI.jpg
85836,Hara-Kiri: Death of a Samurai,"An tale of revenge, honor and disgrace, centering on a poverty-stricken samurai who discovers the fate of his ronin son-in-law, setting in motion a tense showdown of vengeance against the house of a feudal lord.",/rqIqSoxbsVTfcr6CgTtSpzJBkYt.jpg
47737,Gold,"Rod Slater is the newly appointed general manager of the Sonderditch gold mine, but he stumbles across an ingenious plot to flood the mine, by drilling into an underground lake, so the unscrupulous owners to make a killing in the international gold market.",/s8TOyg4veh5FuTIkFJUKobyF4tS.jpg
6961,The Wedding Date,"With the wedding of her younger sister fast approaching, Kat Ellis faces the undesirable prospect of traveling alone to London for the ceremony. While this is bad enough, Jeffrey, the man who left her as they moved closer to marriage, happens to be the groom's best man. Determined to show everyone -- most of all Jeffrey -- that her romantic life is as full and thrilling as ever, Kat hires a charming male escort as her date.",/A2m90ko1FCnJqEkpbHwMq3BDgx6.jpg
31924,The Morning After,"Failed actress Alex Sternbergen wakes up hungover one morning in an apartment she does not recognize, unable to remember the previous evening -- and with a dead body in bed next to her. As she tries to piece together the events of the night, Alex cannot totally rely on friends or her estranged husband, Joaquin, for assistance. Only a single ally, loner ex-policeman Turner Kendall, can help her escape her predicament and find the true killer.",/kE4hwI5zApPvvKKfE3KSpvvw0hr.jpg
42836,Comradeship,"The picture tells of a mine disaster where German miners rescue French miners from an undergound fire and explosion. The story takes place in the Lorraine/Saar region, along the border between France and Germany.",/1OlkRbQGmuccy1dQpLAN7v4GZnE.jpg
14305,The Andromeda Strain,"A U.S. satellite crash-lands near a small town in Utah, unleashing a deadly plague that kills virtually everyone except two survivors, who may provide clues to immunizing the population. As the military attempts to quarantine the area, a team of highly specialized scientists is assembled to find a cure and stop the spread of the alien pathogen, code-named Andromeda.",/9sXHa1PdBe4nv5YwCUnQFqK9Tjs.jpg
13401,The Accidental Husband,When radio love guru Dr Emma Lloyd convinces Patrick Sullivan's fiancée to dump him the week before their wedding. He sets about teaching her a lesson for interfering in other peoples lives that she knows nothing about. Things take a turn when he finds himself falling for the very person who ruined his life and everyone is going to have to learn a few lessons about 'Real Love',/zSO4id9QmEzz0ZV0aRaD7jQwLcC.jpg
9766,Gridiron Gang,"Teenagers at a juvenile detention center, under the leadership of their counselor, gain self-esteem by playing football together.",/8UlDsCPjAfg15L5Sgkcmy8rv1rg.jpg
13054,Rise of the Footsoldier,Rise of the Footsoldier follows the inexorable rise of Carlton Leach from one of the most feared generals of the football terraces to becoming a member of a notorious gang of criminals who rampaged their way through London and Essex in the late eighties and early nineties.,/iPJdTZ9pe7fjo4rB6YgsLDLOgO6.jpg
32563,The Flame and the Arrow,"Dardo, a Robin Hood-like figure, and his loyal followers use a Roman ruin in Medieval Lombardy as their headquarters as they conduct an insurgency against their Hessian conquerors.",/jyoHsEeKBIWmxrIurQ2G6hjKT6J.jpg
35572,Harishchandrachi Factory,The movie depicts efforts and struggle by Dadasaheb Falke for creating first motion picture in India - Raja Harishchandra.,/DUzowaIgV2aMGBfwgSEo0eCk6L.jpg
2055,Open Range,A former gunslinger is forced to take up arms again when he and his cattle crew are threatened by a corrupt lawman.,/ykW80VDB24lg4m5QkIPsXtWkWTr.jpg
72447,The Last Run,"A former getaway driver from Chicago has retired to a peaceful life in a Portugese fishing village. He is asked to pull off one last job, involving driving a dangerous crook and his girl-friend to France.",/hqjcG5VYalkbUVHuxmP3hd3SZyp.jpg
4339,The Nasty Girl,"When a young woman investigates her town's Nazi past, the community turns against her.",/oNZYn9BwucoJ001qFanFesuxaIi.jpg
10065,The Amityville Horror,A family is terrorized by demonic forces after moving into a home that was the site of a grisly mass-murder.,/cZW2ajrHSiA0Ar2o00g4ezUYqZX.jpg
27201,Corvette Summer,"Ken loves to design and build exotic cars. When the High School shop class project car, a fully tricked out dream Corvette, is stolen, he begins searching for it. His search leads him to Las Vegas, where Vanessa, a teenaged prostitute wannabe, helps him try to track it down.",/7IH6ErIk8autcenKL2DQAo2LWC6.jpg
9599,The Blob,"Remake of the 1958 horror sci-fi about a deadly blob which is the spawn of a secret government germ warfare project which consumes everyone in its path. Teenagers try in vain to warn the townsfolk, who refuse to take them seriously, while government agents try to cover up the evidence and confine the creature.",/hUZXLtqL0In7F6IXEQHapkqXa0G.jpg
26393,Breaking Up,"An aloof, struggling food photographer thinks he has found true love with a fiery grade-school teacher. At first, the relationship is all wine and roses, but as they realize they have little in common besides great sex, the romance wanes, and they struggle through a succession of break-ups and reunions as they try to work things out.",/yGUHop7AecTQA2JOpODyTCll1Kx.jpg
32059,The January Man,"Nick and Frank Starkey were both policemen. A scandal forced Nick to leave the force, now a serial killer has driven the police to take him back. A web that includes Frank's wife, bribery, and corruption all are in the background as Nick tries to uncover the secret of where the killer will strike next, and finally must lay a trap without the police.",/vTjjzr9YAH4igugnZlMhj6gYeie.jpg
3093,Basic Instinct 2,"Novelist Catherine Tramell is once again in trouble with the law, and Scotland Yard appoints psychiatrist Dr. Michael Glass to evaluate her. Though, like Detective Nick Curran before him, Glass is entranced by Tramell and lured into a seductive game.",/gXzrKzHnMmfWCF5PMYQfNOzCxYl.jpg
43504,The Fighting Sullivans,The lives of a close-knit group of brothers growing up in Iowa during the days of the Great Depression and of World War II and their eventual deaths in action in the Pacific theater are chronicled in this film based on a true story.,/pyL2msT1jwcJHhAvPpNRv14cDXX.jpg
31652,The Mean Season,"Malcolm Anderson is a reporter for a Miami newspaper. He's had enough of reporting the local murders and so promises his school teacher girlfriend (Christine), they'll move away soon. Before Malcolm can hand in his notice, the murderer from his latest article phones him. The murderer tells Malcolm that he's going to kill again. The phone calls and murders continue, soon Malcolm finds that he's not just reporting the story, he is the story",/gXjMhRgLRtgmLbs1H19R11hWAeS.jpg
9787,Lords of Dogtown,"The film follows the surf and skateboarding trends that originated in Venice, California during the 1970s.",/k1WjRObfqZV7EfmhsnUmhx88EAa.jpg
32502,Coldblooded,"Cosmo, an affectless mob bookie who lives in the basement of a retirement home, is promoted to hitman. He learns his new trade from Steve, a seasoned killer. He falls in love with a yoga teacher, Jasmine, and must figure out a way to leave the mob so they can be together.",/oRZRUO11vOnsSnHMQATeNM06Lsu.jpg
87415,From the Clouds to the Resistance,"'Dalla nube alla resistenza (From the Cloud to the Resistance ) (1978), based on two works by Cesare Pavese, falls into the category of History Lessons and Too Early, Too Late as well. It, too, has two parts—a twentieth-century text and a text regarding the myths of antiquity, each set in the appropriate landscape. Pavese's The Moon and the Bonfires looks back on the violent deaths of Italian anti-Fascist resistance fighters; Dialogues with Leucò is a series of dialogues between heroes and gods, connecting myth and history and returning to an ambiguous stage in the creation of distinctions, such as that between animal and human, which are fundamental to grammar and language itself. Such a juxtaposition of political engagement with profoundly contemplative issues such as myth, nature, and meaning points to the characters of Empedocles and Antigone in the Hölderlin films.'  (From ""Landscapes of resistance. The German Films of Danièle Huillet and Jean-Marie Straub"" by Barton Byg)",/ohZcS8mu76uOzD2PhjM4hX248dU.jpg
11790,Peter's Friends,"It is New Year's weekend and the friends of Peter (Fry) gather at his newly inherited country house. Ten years ago, they all acted together in a Cambridge University student comedy troupe, but it's less clear how much they have in common now.Peter's friends are Andrew (Branagh), now a writer in Hollywood; married jingle writers Roger (Laurie) and Mary (Staunton); glamorous costume designer Sarah (Emmanuel); and eccentric Maggie (Thompson), who works in publishing. Cast in sharp relief to the university chums are Carol (Rudner), the American TV star wife of Andrew; and loutish Brian (Slattery), Sarah's very recently acquired lover. Law plays Peter's disapproving housekeeper, Vera; and Lowe, her son Paul. Briers appears in a cameo role as Peter's father.",/rmtLaQCQihbKIsuriek8qbjWbSu.jpg
11896,Throw Momma from the Train,"Larry Donner is a author and writing professor who tutors people who want to write books. Larry's life has become a misery when his Ex-wife has published a book he wrote under her name and has gotten rich over it. Owen Lift, one of Larry's students offers Larry to kill Larry's Ex-wife and in return Owen wants Larry to kill his horrible mother. Larry thinks it is a joke, until he learns Owen killed his Ex-wife and he has become the prime suspect.",/mfNI6ILTjDxNBVGcoRq0VZUrxuX.jpg
80027,Kings of the Sun,"In order to flee from powerful enemies, young Mayan king Balam leads his people north across the Gulf of Mexico to the coast of what will become the United States. They build a home in the new land but come into conflict with a tribe of Native Americans led by their chief, Black Eagle, while both Balam and Black Eagle fall in love the beautiful Mayan princess Ixchel.",/duuYvXjXUxHikvsQ8iLqPMfOIVh.jpg
583,Life of Brian,"Brian Cohen is an average young Jewish man, but through a series of ridiculous events, he gains a reputation as the Messiah. When he's not dodging his followers or being scolded by his shrill mother, the hapless Brian has to contend with the pompous Pontius Pilate and acronym-obsessed members of a separatist movement. Rife with Monty Python's signature absurdity, the tale finds Brian's life paralleling Biblical lore, albeit with many more laughs.",/cKpJnXJ6DzAGafAjUWB5PjT904O.jpg
55261,Hidden Assassin,A CIA agent gets caught up in political intrigue after he gets brought in to solve the murder of a Cuban ambassador.,/mBxL28j9Qm6yBsGsK9jNqX1erwO.jpg
126004,Five,"Five sequences : 1) A piece of driftwood on the seashore, carried about by the waves 2) People walking on the seashore. The oldest ones stop by, look at the sea, then go away 3) Blurry shapes on a winter beach. A herd of dogs. A love story 4) A group of loud ducks cross the image, in one direction then the other 5) A pond, at night. Frogs improvising a concert. A storm, then the sunrise.",/cdXmKuvjz4YEwcQWYbkxnMIif8q.jpg
91470,Mammy,"Mammy features Al Jolson as the star of a travelling minstrel show, appearing in a small Southern town. Jolson falls in love with an actress in the troupe (Lois Moran), but she loves another. One of Jolson's fellow minstrels (Lowell Sherman) is shot backstage, and it is assumed thanks to several plot convolutions that Jolson is guilty of the deed.",/5nbM9VlWa3p2P1zO8CJC8TeUxqA.jpg
149763,Men Do what Men Can,"Confirmed bachelor Paul falls for Iris, who’s unfortunately as good as married. Although his friends have women problems of their own, and all end up moving into Paul’s apartment, they concoct a daring plan to help Paul save Iris from marrying the wrong man.",/jcVO4zy0IsBUGEYY6hCH9RZfk7b.jpg
3309,Mildred Pierce,"After her cheating husband leaves her, Mildred Pierce proves she can become independent and successful, but can't win the approval of her spoiled daughter.",/WP1oQxIyGAIVfavlXcxkucCZAO.jpg
74237,A Skin Too Few: The Days of Nick Drake,"A study, mostly chronological, of the life of Nick Drake (1948-1974). Gabrielle, his older sister, tells us of her brother's birth in Burma, childhood in Warwickshire, life at Cambridge and in London, then back to his parents' home in Tanworth. His parents describe his habits and personality. Two friends and the producer, arranger, sound engineer, and photographer for his three albums comment. His mother, a musician and poet, is an early influence. His quiet folk style made his one tour a disaster. His lack of success and gradual withdrawal end with his death at 26. Eleven of his recordings play on the soundtrack, usually as we see his room, a city, or the Warwickshire countryside.",/n433IPeL37V4ofe5i1DJ5sAZ0O2.jpg
176,Saw,"Obsessed with teaching his victims the value of life, a deranged, sadistic serial killer abducts the morally wayward. Once captured, they must face impossible choices in a horrific game of survival. The victims must fight to win their lives back, or die trying...",/dHYvIgsax8ZFgkz1OslE4V6Pnf5.jpg
62127,The Fantasticks,Two rural teens sing and dance their way through a forbidden romance and a dangerous travelling carnival.,/coOzPkcj1J3H17vIomI5EePDDvq.jpg
146231,Hybrid,"The life story of Milford Beeghly: Iowa farmer, early developer of hybrid seed corn, husband, father, grandfather.",/Adq9CN1diD0rG5SpE7jQO5XQ27o.jpg
525,The Blues Brothers,"Jake Blues is just out of jail, and teams up with his brother, Elwood on a 'mission from God' to raise funds for the orphanage in which they grew up. The only thing they can do is do what they do best – play music – so they get their old band together and they're on their way, while getting in a bit of trouble here and there.",/6hesUNBkpVRqBTBw2HlTg0h8b56.jpg
84820,The Mad Masters,"The subject of the film was the Hauka movement. The Hauka movement consisted of mimicry and dancing to become possessed by French Colonial administrators. The participants performed the same elaborate military ceremonies of their colonial occupiers, but in more of a trance than true recreation.",/dSZH9neTQfjUEtW959xzmSLrLcc.jpg
26302,The Color of Pomegranates,"The life of revered the 18th-century Armenian poet and musician Sayat-Nova (Vilen Galstyan). Portraying events in the life of the artist from childhood up to his death, the movie addresses in particular his relationships with women, including his muse (Sofiko Chiaureli). The production tells Sayat-Nova's dramatic story by using both his poems and largely still camerawork, creating an impressionistic work.",/aQkSoxctOcn9Lv2O31qKcSY2WJo.jpg
25500,Red Lights,A cross-country trip turns out to be a nightmare for a troubled couple.,/jdCpRWfPj3xt6LvSuXFyDYiidjF.jpg
41876,The Damned,"In the early days of Nazi Germany, a powerful noble family must adjust to life under the new dictatorship regime. The transition from democracy to dictatorship is thus dramatized through the lives of the family which also owns a powerful German industrial firm. Through such characters as a German Baron, a child molester, a Nazi Storm Trooper, an innocent man framed for murder, and a Captain in the German SS, ""Damned"" thus shows how so called ""German Upper Class Nobility"" first resented Adolf Hitler, then accepted him, and at last embraced him.",/nq8R01OWiQgxfi4PEBgmID6Y9gW.jpg
1488,Mongolian Ping Pong,"Bilike has never seen a ping-pong ball before. He and his family live without electricity and running water in a solitary tent home among the vast steppe grasslands. The magnificent landscape here has changed little since the days of Genghis Kahn. But life in the middle of nowhere can be exciting for a young boy. The smallest of details become big events for curious Bilike and his best friends Erguotou and Dawa. The mystery of the small white ball floating in the creek leads to questions about the world around them, as well as innocent mischief.",/cAp4rjRpYCaQqhYiKvYvN8aRDCA.jpg
23330,The Ballad of Cable Hogue,"Double-crossed and left without water in the desert, Cable Hogue is saved when he finds a spring. It is in just the right spot for a much needed rest stop on the local stagecoach line, and Hogue uses this to his advantage. He builds a house and makes money off the stagecoach passengers. Hildy, a prostitute from the nearest town, moves in with him. Hogue has everything going his way until the advent of the automobile ends the era of the stagecoach.",/kiK2R6FZ8grsnon9Qfdw1L7xQeb.jpg
18252,My Science Project,"Michael and Ellie break into a military junkyard to find a science project for Michael's class, and discover a strange glowing orb which absorbs electricity. When the orb begins to blend past, present, and future, its up to Michael and Ellie to stop the orb and save mankind.",/fLknudxoi1qSNnvtOlNSYRYL8Hq.jpg
38450,The Last Hard Men,"In the early 20th century, some convicts while on a road gang escape and one of the convicts is Zach Provo, a half Indian, who was sent to prison during the latter part of the 19th century. He escapes with 6 others to exact vengeance on Sam Burgade the lawman who not only captured him but was also responsible for the death of Provo's wife, at least in Provo's mind. Part of his plan is to kidnap Burgade's daughter, which prompts him to strap on his guns and go after him on horseback. Can Burgade who has been retired for sometime still have what it takes to track Provo down?",/wlOsEUceksiMZKw4T0YM6LL47LP.jpg
53772,The Affairs of Anatol,"Socialite Anatol Spencer, finding his relationship with his wife lackluster, goes in search of excitement. After bumping into old flame Emilie, he lets an apartment for her only to find that she cheats on him. He is subsequently robbed, conned, and booted from pillar to post. He decides to return to his wife and discovers her carousing with his best friend Max.",/cwlngZhxphRZux299flVfXD0zMU.jpg
10462,Don't Drink the Water,"Somewhere behind the early 1960s cold-war iron curtain, the Hollander family cause an international spying incident when Walter photographs a sunset in a sensitive region. In order to stay out of jail, the Hollanders take refuge in the American Embassy, which is temporarily being run by the absent Ambassador's diplomatically incompetent son, Axel.",/wZA38GVWpsKOBtemv234CipY6jO.jpg
14103,Allan Quatermain and the Temple of Skulls,"Filmed on location in South Africa, a retelling of H. Rider Haggard's classic novel ""King Solomon's Mines,"" featuring the adventurer who was the inspiration for Indiana Jones.",/xrqNctZgyMP7K2vR8lyckcICPrE.jpg
190906,The Dark Tower,"While working at a circus, a man (Herbert Lom) hypnotizes a trapezist to kill her partner.",/nDjDNGG3vZbfkMjhacbujEGkO6P.jpg
24225,Afghan Star,"This documentary on the effect the talent competition ""Afghan Star"" has on the incredibly diverse inhabitants of Afghanistan affords a glimpse into a country rarely seen. Contestants risk their lives to appear on the television show that is a raging success with the public and also monitored closely by the government.",/v2aXEsczjmmFOhUyT1cPYogcUHI.jpg
26515,Pumpkinhead,A man conjures up a gigantic vengeance demon called Pumpkinhead to destroy the teenagers who accidentally killed his son.,/hr2iS7hLHI0NBA9FG3sQKgxLjao.jpg
26259,Come Drink with Me,"Cheng Pei-pei plays Golden Swallow, a fighter-for-hire who has been contracted by the local government to retrieve the governor's kidnapped son. Holding him is a group of rebels who are demanding that their leader be released from prison in return for the captured son. After a brief encounter with the gang at a local restaurant, Golden Swallow is joined by an inebriated wanderer Drunken Cat (Yueh Hua) who aids her in her mission.",/zttTrq6GGGnsf3TiddlHX6SQJ9y.jpg
40724,Anne of Green Gables: The Sequel,"Anne Shirley, now a schoolteacher, has begun writing stories and collecting rejection slips. She makes the acquaintance of a handsome, rich, bachelor, chases a cow, and wins (to her chagrin) a baking soda company's writing contest. She acts as Diana's maid of honor, and refuses Gilbert Blythe's marriage proposal; which sends her to teach Kingsport Ladies' College, an exclusive girls school, where she meets opposition from one of the teachers, Miss Brooke, and the Pringle clan (one of whom is a rich, handsome bachelor). But while Anne enjoys the battle, and the friends she makes, she returns to Avonlea.",/vCanTIB3gCmJcJPyy7KjgOYThx6.jpg
55676,A Personal Journey with Martin Scorsese Through American Movies,"Martin Scorsese celebrates American movies from the silent classics to the Hollywood of the Seventies. Films featured include: 'The Searchers', 'Citizen Kane', 'Intolerance' and 'The Crowd'.",/8yLgV0zrd7u4c4dGqHvRP9MqvSL.jpg
10540,Outland,"Thriller about an honest marshal in a corrupt mining colony on Io, Jupiter's sunless third moon, who is determined to confront a violent drug ring even though it may cost him his life. After his wife angrily deserts him, he waits alone for the arrival of killers hired by the company to eliminate him. Futuristic remake of ""High Noon"".",/vft2bkcEqBsEKyBlAxRPcpnJ7ig.jpg
5,Four Rooms,It's Ted the Bellhop's first night on the job...and the hotel's very unusual guests are about to place him in some outrageous predicaments. It seems that this evening's room service is serving up one unbelievable happening after another.,/eQs5hh9rxrk1m4xHsIz1w11Ngqb.jpg
22043,The Profit,This period piece is a fictional biography of a cult leader's rise to power and his subsequent descent into isolation and paranoia.,/kAIWOsr5eABmJi19lsG2GNyGzxq.jpg
56801,Judex,"Director Louis Feuillade won fame and critical acclaim with his early crime serials, Fantômas (1913-14) and Les Vampires (1915). These episodic films were hugely popular, but they also brought Feuillade a fair amount of criticism from the bourgeois establishment, who accused him of glorifying crime and making heroes of criminals. Feuillade’s well-meaning response to this brow-beating was another serial, the 12-part epic entitled Judex. The Plot: When his family is ruined by the unscrupulous banker Favraux, Jacques de Tremeuse resolves to bring him to justice. Adopting a disguise and the name Judex, he captures the crooked banker and takes him to his secret lair. Learning of Favraux’s dishonest ways, his daughter Jacqueline gives away his wealth when she learns of his death. This infuriates a pair of ruthless crooks, Diana Monti and Moralés, who immediately swear to take revenge on Jacqueline, and her protector, Judex.",/igNV7mLdXiEMmtmg38f8GffBp0l.jpg
75,Mars Attacks!,"'We come in peace' is not what those green men from Mars mean when they invade our planet, armed with irresistible weapons and a cruel sense of humor.  This star studded cast must play victim to the alien’s fun and games in this comedy homage to science fiction films of the '50s and '60s.",/gaTuHICwavPUmqQzPZFEXKSRwsC.jpg
18,The Fifth Element,"In 2257, a taxi driver is unintentionally given the task of saving a young girl who is part of the key that will ensure the survival of humanity.",/zaFa1NRZEnFgRTv5OVXkNIZO78O.jpg
30349,Mail Order Bride,"Nobody likes to be made a fool of, especially no the mafia. So, when it comes to light that a number of men from The Mob in New York have fallen for a Russian mail-order bride, who has blatantly ripped each of them off, their boss is not impressed. In fact, Tony Santini thinks the only way to prove that you shouldn't mess with the mob is to send his nephew to Russia to bring back the beautiful but manipulative Nina.",/giDNjcj3AveDwEAsf5FYWVIBS2a.jpg
18392,Embrace of the Vampire,An 18-year-old college freshman is seduced by a handsome vampire lover who introduces her to a dark world of carnal desires.,/uOxKpn3aY4N6JQy49pKdoIz5STE.jpg
32513,Cold Comfort Farm,"In this adaptation of the satirical British novel, Flora Poste, a plucky London society girl orphaned at age 19, finds a new home with some rough relatives, the Starkadders of Cold Comfort Farm. With a take-charge attitude and some encouragement from her mischievous friend, Mary, Flora changes the Starkadders' lives forever when she settles into their rustic estate, bringing the backward clan up to date and finding inspiration for her novel in the process.",/8kVQkrbrhfpkdZgYH5efOB8t6yK.jpg
39310,New Jersey Drive,"New Jersey Drive is a 1995 film about black youths in Newark, New Jersey, the unofficial ""car theft capital of the world"". Their favorite pastime is that of everybody in their neighborhood: stealing cars and joyriding. The trouble starts when they steal a police car and the cops launch a violent offensive that involves beating and even shooting suspects.",/pkQKP4ZFzSjvSDXYeVtfju5A2pR.jpg
29106,Whirlpool,"The wife of a psycho-analyst falls prey to a devious quack hypnotist when he discovers she is an habitual shoplifter. Then one of his previous patients now being treated by the real doctor is found murdered, with her still at the scene, and suspicion points only one way.",/6fdaBc7h1kNm9O6npuDxeJbResP.jpg
52237,Quality Street,"In the 1810s, an old maid poses as her own niece in order to teach her onetime beau a lesson.",/lRSouXBOhi0QXEOFuFl6a34zMuT.jpg
217,Indiana Jones and the Kingdom of the Crystal Skull,"Set during the Cold War, the Soviets – led by sword-wielding Irina Spalko – are in search of a crystal skull which has supernatural powers related to a mystical Lost City of Gold. After being captured and then escaping from them, Indy is coerced to head to Peru at the behest of a young man whose friend – and Indy's colleague – Professor Oxley has been captured for his knowledge of the skull's whereabouts.",/qY1x6v5daMDTr904G3y84WVgpfC.jpg
37079,God's Little Acre,"In the 1950s, a poor Georgia cotton farmer and his sons search for the gold presumably buried on the farm by their grandfather but problems related to poverty, marital infidelity, unemployment and booze threaten to destroy their family.",/qNLBuI0yiznWayzjzGIhGyCc22m.jpg
18031,Dark Matter,"Liu Xing a brilliant Chinese student, arrives at University and makes the transition into American life with the help of Joanna Silver. Xing joins a cosmology group working to create a model of the origins of the universe. He is obsessed with the study of dark matter and a theory that conflicts with the group's model. When he begins to make breakthroughs of his own, he encounters obstructions.",/l9DKmnHQeIsYLFnSYaMO01cYuFQ.jpg
17402,Miami Rhapsody,"Gwyn Marcus has always wanted a marriage like her parents. She has just accepted the proposal of her boyfriend Matt, but she has misgivings about their future together. Her fear of commitment grows as she learns of the various affairs that her family is having. With her sister getting married and her brother already married, her mother is growing concerned about Gwyn's being the last single person in the family. But the more she thinks about marriage, the more she must search for the balance between career, marriage and family.",/jn2kmqCgRcloNYr121BB4BmgSRu.jpg
24621,Chasing Papi,"Playboy Thomas Fuentes has so far been able to skate by in life on good looks and charm alone. But when his duplicitous relationships with three women -- impassioned waitress Cici, meticulous lawyer Lorena and bored socialite Patricia -- spiral out of control, he suffers a mental breakdown. His doctor recommends that he choose just one girlfriend -- but can he choose in time before they discover his deception?",/45xPZAQ8ULg8OtwCe9XkwXMS8qK.jpg
33015,Go West,"Keaton portrays Friendless, who travels west to try to make his fortune. Once there, he tries his hand at bronco-busting, cattle wrangling, and dairy farming, eventually forming a bond with a cow named ""Brown Eyes."" Eventually he finds himself leading a herd of cattle through Los Angeles.",/chZ6GbfTIKgD6nYmUKZScDAnIo8.jpg
8005,Robin Hood: Men in Tights,"Robin Hood comes home after fighting in the Crusades to learn that the noble King Richard is in exile and that the despotic King John now rules England, with the help of the Sheriff of Rottingham. Robin Hood assembles a band of fellow patriots to do battle with King John and the Sheriff.",/3pd3sdot0HfQTFzqgTUzaF4kcxP.jpg
36731,The Roman Spring of Mrs. Stone,"Critics and the public say Karen Stone is too old -- as she approaches 50 -- for her role in a play she is about to take to Broadway. Her businessman husband, 20 years her senior, has been the angel for the play and gives her a way out: They are off to a holiday in Rome for his health. He suffers a fatal heart attack on the plane. Mrs. Stone stays in Rome. She leases a magnificent apartment with a view of the seven hills from the terrace. Then the contessa comes calling to introduce a young man named Paola to her. The contessa knows many presentable young men and lonely American widows.",/ikifVN9YuJjhkd4LDW17TWVc99y.jpg
9535,Analyze This,"Countless wiseguy films are spoofed in this film that centers on the neuroses and angst of a powerful Mafia racketeer who suffers from panic attacks. When Paul Vitti needs help dealing with his role in the ""family,"" unlucky shrink Dr. Ben Sobel is given just days to resolve Vitti's emotional crisis and turn him into a happy, well-adjusted gangster.",/eqa4TEgkx63WRhqyD8eTwmL7bUi.jpg
49815,The Whales of August,"The Whales of August is a 1987 film based on a play by David Berry starring Bette Davis and Lillian Gish as elderly sisters. Also in the cast were Ann Sothern as one of their friends, and Vincent Price as a peripheral member of the former Russian aristocracy. The film was shot on location on Maine's Cliff Island. The house still stands and is a popular subject of artists on the island. The film was directed by Lindsay Anderson, his final feature film, and the screenplay was adapted by David Berry from his own play.",/hI9K0P63rtiMS4uP5HhG61Uk16k.jpg
1833,Rent,"This rock opera tells the story of one year in the life of a group of bohemians struggling in modern day East Village, New York, USA. The story centers around Mark and Roger, two roommates. While a former tragedy has made Roger numb to life, Mark tries to capture it through his attempts to make a film. In the year that follows, the group deals with love, loss, HIV/AIDS, and modern day life.",/c3GY40OxnPQZZPJk6WOShw63HGn.jpg
75170,Third Star,"James and his three closest lifelong friends go on an ill-advised trip to the stunning coastal area of Barafundle Bay in West Wales. What follows is a touching and comical adventure dealing with friendship, heroism and love.",/u6adzbQG4D1imn8GNfvVuNfJMjO.jpg
49845,Les Dames du Bois de Boulogne,A society lady engineers a marriage between her lover and a cabaret dancer who is essentially a prostitute.,/fkN8t6PaXlcbApzDvCvv3BWN3Y9.jpg
4286,The Innocent,"Tullio Hermil is a chauvinist aristocrat who flaunts his mistress to his wife, but when he believes she has been unfaithful he becomes enamored of her again.",/h7PPEWZ4ZW3CLMSFlogbsBxJHVj.jpg
244,King Kong,An adventure film about a film crew in search of a monster on a remote island. The crew finds King Kong and decides to take him back to New York as a money making spectacle. The film is a masterpiece of Stop-Motion in filmmaking history and inspired a line of King Kong films.,/vXInYahVp31uL8wZORckaoHq565.jpg
67297,The Girl of Your Dreams,A company of Spanish movie makers leaves Franco's Spain and moves to Hitler's Germany to make a film in co-production. Soon some problems start to arise...,/2OHTU8UtOxv73OiEzgpOJXChT3U.jpg
36124,Until the Light Takes Us,"Chronicles the history, ideology and aesthetic of Norwegian black metal - a musical subculture infamous as much for a series of murders and church arsons as it is for its unique musical and visual aesthetics. This is the first (and only) film to truly shed light on a movement that has heretofore been shrouded in darkness and rumor and obscured by inaccurate and shallow depictions. Featuring exclusive interviews and verité with the musicians, a wealth of rare, seldom seen footage from the ""Inner Circle's earliest days, Until the Light Takes Us explores every aspect of the controversial movement that has captured the attention of the world. This is the movie that gets inside the minds and hearts of black metal's musicians.",/cFEFSq05bWXP0WhHWwpsbailJkl.jpg
41021,The Devil Bat,"Dr. Carruthers feels bitter at being betrayed by his employers, Heath and Morton, when they became rich as a result of a product he devised. He gains revenge by electrically enlarging bats and sending them out to kill his employers' family members by instilling in the bats a hatred for a particular perfume he has discovered, which he gets his victims to apply before going outdoors. Johnny Layton, a reporter, finally figures out Carruthers is the killer and, after putting the perfume on himself, douses it on Carruthers in the hopes it will get him to give himself away. One of the two is attacked as the giant bat makes one of its screaming, swooping power dives.",/JpGwhtvLePebDCRH0ajdTIJf4n.jpg
84286,How to Survive a Plague,"A story of two coalitions – ACT UP and TAG (Treatment Action Group) – whose activism and innovation turned AIDS from a death sentence into a manageable condition. Despite having no scientific training, these self-made activists infiltrated the pharmaceutical industry and helped identify promising new drugs, moving them from experimental trials to patients in record time.",/cuUyFgYtCKBKxhNnb4jtMYPISYW.jpg
50013,Wings,"Maya Bulgakova gives a marvelous performance as a once heroic Russian fighter pilot now living a quiet, disappointingly ordinary life as a school principal.",/4a9cbnoOq2EWtzU7OEfrBHdyJOU.jpg
44076,"Smell of Camphor, Fragrance of Jasmine","Death surrounds Bahman, a director who hasn't made a film in 24 years (he can't get past the censors). He's working on a documentary, for Japanese TV, on Iranian burial practices. On the anniversary of his wife's death, a hitchhiker tells him a story of spousal abuse and infant mortality, he discovers that someone has been buried in his plot next to his wife, and he needs the help of his attorney, a well-connected fixer. He dreams of death, even as he investigates it for his film. His niece's husband, a well-known writer, fails to return home; he searches hospitals for an unclaimed body. His heart disease is flaring up. Is he prepared for death? Is that all that's left?",/q2Oruub4itcHD71CBDqmrRppUDK.jpg
15568,Gracie,"This is the story of a teenager named Gracie Bowen, who lives in South Orange, New Jersey, is crazy about soccer, as are her three brothers and former soccer star father. Although Gracie wants to join her brothers and father in the nightly practices, she is discouraged by everyone except her elder brother, Johnny. Her father does not believe that girls should play soccer and tells her that she is neither tough enough nor talented enough to play with the boys team. Undeterred, Gracie finds reserves of strength she never knew existed, and persists in changing everyone's beliefs in what she is capable of, including her own. She faces an uphill battle when she fights to give women the opportunity to play competitive soccer. But as the beautiful and strong person that she has always been but she also brings her family together in the face of their own tragedy.",/83eFpXKJuBUAi7DHKZR2OGbMoJQ.jpg
27062,Lan Yu,A love story between a country boy in Beijing to study and a wealthy businessman set against the backdrop of the 1989 Tiananmen Square incident,/vQdiTjt3JQJjVW4Qml6DwNy54MX.jpg
13063,Cannibal! The Musical,"Heading through Colorado Territory in search of gold and women, Alferd Packer and his group of bemused companions find themselves lost, starving and musically inspired by the obstacles they confront along the way, including a die-hard Confederate cyclops, a trio of surly trappers, a tribe of Japanese-speaking ""Indians,"" and ultimately, each other.",/q5ZuudHZMCJNvJPsfaUfgS1NgOu.jpg
1373,The Discovery of Heaven,"Disappointed with humanity, God wants to revoke his contract with humanity and wants to take back the stone tablets containing the ten commandments. To this end an angel is sent out to affect the personal lives of three humans so an appropriate child may be conceived.",/lYobbQHa08PpXB6GdCVdkoKNGXp.jpg
206577,J.C. Chavez,A documentary about the life and career Mexican boxer Julio César Chávez.,/qINr8F6xLR8M1zGOSIMktDfOKDj.jpg
31465,Traveller,"A young man, Pat, visits the clan of gypsy-like grifters (Irish Travellers) in rural North Carolina from whom he is descended. He is at first rejected, but cousin Bokky takes him on as an apprentice. Pat learns the game while Bokky falls in love and desires a different life. Written by Jeff Hole",/h7j4YhdMk1Dd8EfROo0GNuoBoHy.jpg
42678,The Shanghai Gesture,A gambling queen uses blackmail to stop a British financier from closing her Chinese clip joint.,/djmsteC9SflVwM2QGOSCDGWNugB.jpg
71282,China Seas,"Rugged Captain Alan Gaskell (Clark Gable) sails the perilous waters between Hong Kong and Singapore with a secret cargo: a fortune in British gold. That's not the only risky cargo he carries. Both his fiery mistress (Jean Harlow) and his refined fiancee (Rosalind Russell) are aboard! With their wisecracking banter, gutsy glamour and dynamic physicality, Gable and Harlow prove once again that they were the '30s most scorching screen pair in this rough-and-tumble tale of the sea. Highlights include a raging typhoon, a battle with bloodthirsty Malay pirates, and Harlow's drinking contest with bluff villain Wallace Beery, who wants the gold and the platinum blonde. Adventure (and Golden Era allure) dead ahead on China Seas.",/utB7GZ9VmiTlbvs9qqI5qhN0woZ.jpg
38805,Lilies of the Field,"An unemployed construction worker (Homer Smith) heading out west stops at a remote farm in the desert to get water when his car overheats. The farm is being worked by a group of East European Catholic nuns, headed by the strict mother superior (Mother Maria), who believes that Homer has been sent by God to build a much needed church in the desert...",/m998jagfQPkvTIpyfd8hw8d1i1w.jpg
72096,Bloodhounds of Broadway,"This musical is based on four short stories by Damon Runyon. In one tale, gambler Feet Samuels sells his body to science just as he realizes that Hortense loves him and that he would rather live than die. In another story, Harriet's parrot is killed, and she has problems dealing with her loss. Then, there is a gambler, ""Right"", who has bloodhounds on his trail when he becomes a murder suspect. Finally, ""The Brain"" is bleeding profusely, and his friends search for a way to save his life through a blood transfusion.",/z77iVAuCKKPehv4RXiEOr9kMP69.jpg
9663,Starman,An alien takes the form of a young widow's husband and asks her to drive him from Wisconsin to Arizona. The government tries to stop them.,/3QQ170R8BVr4NPzvNUMqttFqmGi.jpg
16765,Bukowski - Born into This,"Director John Dullaghan’s biographical documentary about infamous poet Charles Bukowski, Bukowski: Born Into This, is as much a touching portrait of the author as it is an exposé of his sordid lifestyle.  Interspersed between ample vintage footage of Bukowski’s poetry readings are interviews with the poet’s fans including such legendary figures such as Lawrence Ferlinghetti, Joyce Fante (wife of John), Bono, and Harry Dean Stanton.  Filmed in grainy black and white by Bukowski’s friend, Taylor Hackford, due to lack of funding, the old films edited into this movie paint Bukowski’s life of boozing and brawling romantically, securing Bukowski’s legendary status.",/p4EZIoLaRdfrgCQvOVH4Y31DyGD.jpg
5177,Dark Horse,A young man spurs romance and helps his friend and himself go through the struggles of their ordinary life in Denmark.,/7FQGFVro24btCoXaFXaW0ULitin.jpg
31918,"The Russians Are Coming, The Russians Are Coming","Without hostile intent, a Soviet sub runs aground off New England. Men are sent for a boat, but many villagers go into a tizzy, risking bloodshed.",/rRGeIp9MOAfFHH3Exr5Ago7hEuq.jpg
10832,Them,"Lucas and Clementine live peacefully in their isolated country house, but one night they wake up to strange noise. They're not alone... and a group of hooded assailants begin to terrorize them throughout the night.",/A8NOBA3Zhb8RdEi1dBfX6pONs8n.jpg
47350,Return to Lonesome Dove,"'Captain' Call has just buried Gus at Lonesome Dove and plans to head back to his ranch in Montana. Looking at a herd of wild Mustangs, he decides to drive them north with the help of Isom and Gideon Walker. Gideon hires Agostina Vega and Mexican Cowboys to run the Mustangs. Call leaves the drive for Nebraska and runs into Cherokee Jack and a group of Indians, which almost costs him his life. In Montana, Newt and Jasper get into a shoot out in the local bar and wind up in jail. The odds of them surviving the lynch mob are slim until Dunnegan has them freed. However, Newt and Jasper will have to work for Dunnegan to keep their freedom. Newt has mixed emotions about working for Dunnegan who helps him in any way, because he also has respect for Call - who may or may not be his true father. Dunnegan has big plans for his cattle and the future. Those plans do not include those who do not throw in with him and the Hat Creek Cattle Company is not interested in Dunnegan.",/vIRkHEBDwRbitMeZOwTjRBWSPpl.jpg
44835,Hesher,A young boy has lost his mother and is losing touch with his father and the world around him. Then he meets Hesher who manages to make his life even more chaotic.,/iT8XvqodQJ4RZIdz8VBcm47PF1Q.jpg
1590,Copying Beethoven,"A fictionalised exploration of Beethoven's life in his final days working on his Ninth Symphony. It is 1824. Beethoven is racing to finish his new symphony. However, it has been years since his last success and he is plagued by deafness, loneliness and personal trauma. A copyist is urgently needed to help the composer. A fictional character is introduced in the form of a young conservatory student and aspiring composer named Anna Holtz. The mercurial Beethoven is skeptical that a woman might become involved in his masterpiece but slowly comes to trust in Anna's assistance and in the end becomes quite fond of her. By the time the piece is performed, her presence in his life is an absolute necessity. Her deep understanding of his work is such that she even corrects mistakes he has made, while her passionate personality opens a door into his private world.",/jxyqka5Wfcdt7FZ3r9q6ZmGCcRP.jpg
43321,Pete Kelly's Blues,In 1927 Kansas City Pete Kelly and his jazz band play nightly at a speakeasy. A local gangster starts to move in on them and when their drummer is killed Kelly gives in...,/aPmrztn29Mwx8PtjYR6BbOBSv8a.jpg
77495,Sleep Tight,"Apartment concierge Cesar is a miserable person who believes he was born without the ability to be happy. As a result, he decides his mission is to make life hell for everyone around him. A majority of the tenants are easy to agitate, but Clara proves to be harder than the most. So Cesar goes to creepy extremes to make this young woman mentally break down. Things get even more complicated in this twisted relationship when her boyfriend, Marcos, shows up.",/sQMAkEFRNnIBYVONqr0bDqOE995.jpg
12192,Pathology,"Medical student Ted Grey (Milo Ventimiglia) graduates at the top of his class and quickly joins an elite pathology program, whose top students invite him into their circle. There he uncovers a gruesome secret: They play a game in which one tries to commit the perfect, undetectable murder, then the others compete to determine the victim's cause of death.",/tIjj2tvaueLbnHW8Q2ZU7tGJACN.jpg
2463,Running Out of Time,Police inspector and excellent hostage negotiator Ho Sheung-Sang finds himself in over his head when he is pulled into a 72 hour game by a cancer suffering criminal out for vengeance on Hong Kong's organized crime syndicates.,/1DoZOHrAtZhoLYIg27DncmcWsTS.jpg
36245,Diary of a Chambermaid,"A stylish, very attractive young woman arrives from Paris to become chambermaid for an odd family at their country chateau.",/gSeKYcN9JGDpNxocFTPV1ZjLVpa.jpg
28938,Men in the City,The comedy about men and their struggles in life and love.,/pB0d9tIP2hF5RWGcq93pWSr62u6.jpg
35101,The Last Flight of Noah's Ark,The only chance to escape a desert island is to convert the plane carrying many different animals into a boat.,/undK2bf6ntIt7gTMjX9KkzeXSTU.jpg
59704,Where Angels Fear to Tread,"The widow Lilia Herriton meets a young man when she visits Italy and marries him. The man is only a dentist without a good name, and Lilia's relatives are clearly unhappy with her choice. Lilia dies while giving birth to a son, and two relatives travel to Italy to take care of of the baby, expecting no trouble from the father.",/mjEJz3JwnRmZo2sTn18va1jSAC1.jpg
2196,Death at a Funeral,Chaos ensues when a man tries to expose a dark secret regarding a recently deceased patriarch of a dysfunctional British family.,/zV4kwbDckeTMoIsbSt1lsTIZ2in.jpg
33521,Dracula,"Romanticized adaptation of Bram Stoker's 1897 classic. Set in 1913 England, the bloodsucking, but handsome, charming and seductive, Count Dracula seeks an immortal bride.",/nS20AU8Iorb3nEJdIEpk4J0RR0j.jpg
35694,Chelsea Walls,"This movie tells five stories set in a single day at the famed Chelsea Hotel in New York City, involving an ensemble cast of some 30-35 characters.",/1yxFcnMEUZYRQUEFXtas2XmkD1V.jpg
59427,Ring of Bright Water,"Whoever said dog is man's best friend never met Mij! Mij is a cute, cuddly pet shop otter who captures the heart of Graham Merill (Bill Travers). It doesn't take Graham long to realize that London is no place to raise a slippery otter. So he takes Mij to live in a ramshackle cottage on the coast of Scotland. Together they set out to explore the curious and magnificent natural wonders that surround their seaside home--from orphaned geese to tooth-less sharks. While Mij spends his days frolicking in the icy cold sea, Graham finds himself falling in love with the beautiful town doctor, Mary (Virginia McKenna). Before long, the three become inseparable friends.",/4977B8LxMmzh5x2PJplRoREOw2M.jpg
15875,Donovan's Reef,"'Guns' Donovan prefers carousing with his pals Doc Dedham and 'Boats' Gilhooley, until Dedham's high-society daughter Amelia shows up in their South Seas paradise.",/pPFhg8MGy8zL8OKYtci5fTUIIRT.jpg
36960,Memory,"Dr. Taylor Biggs is haunted by a past that's not his own. A hallucinatory drug gives him the power to see visions of vicious crimes, visions made all that more disturbing when he discovers that the murderous memories may belong to the father he never knew . Biggs's mother, whose own failing memory makes her powerless to help him unravel his family history.",/rzQo0MwIbijLeu0eKcONjRFp9By.jpg
39024,The Forbidden Door,A man discovers a boy is being abused and has to choose between saving him and losing his friends.,/9k9NOc1f9M7JbVLYpHEXzwqpPFi.jpg
33112,It Started with Eve,"A young man asks a hat check girl to pose as his fiancée in order to make his dying father's last moments happy. However, the old man's health takes a turn for the better and now his son doesn't know how to break the news that he's engaged to someone else, especially since his father is so taken with the impostor.",/afEmGEKHAzdVPTFUZUO2gpbrmbS.jpg
197723,Lotte Reiniger: Homage to the Inventor of the Silhouette Film,Follows the life and work of animator Lotte Reiniger.,
100973,Deadline,"The Victoriastadium is totally destroyed in a bomb attack and Christina Furhage, head-responsible for the Olympic Games in Stockholm, dies with it. Why did someone destroy the stadium and why is Christina murdered? The police desperately seek for clues that will lead them to the perpetrator but without any luck. As the Olympic Games draws near the situation becomes more desperate. Annika Bengtzon, a reporter for Kvällsposten, se a connection that no one else sees and without understanding it she starts a carousel that in the end will threaten her own life.",/mcbSxYxBnsWjMoGHzEDiO8qKyXN.jpg
46702,Why Do Fools Fall In Love,"In the mid-80s, three women (each with an attorney) arrive at the office of New York entertainment manager, Morris Levy. One is an L.A. singer, formerly of the Platters; one is a petty thief from Philly; one teaches school in a small Georgia town. Each claims to be the widow of long-dead doo-wop singer-songwriter Frankie Lyman, and each wants years of royalties due to his estate, money Levy has never shared. During an ensuing civil trial, flashbacks tell the story of each one's life with Lyman, a boyish, high-pitched, dynamic performer, lost to heroin. Slowly, the three wives establish their own bond.",/nZ7UYOQ50C38wdWqOcNxCxZ6GB1.jpg
13787,Holy Smoke!,"While on a journey of discovery in exotic India, beautiful young Ruth Barron falls under the influence of a charismatic religious guru. Her desperate parents then hire PJ Waters, a macho cult de-programmer who confronts Ruth in a remote desert hideaway. But PJ quickly learns that he's met his match in the sexy, intelligent and iron-willed Ruth.",/4STG7zwaA8HZiWhLtpeq01LjBVV.jpg
9900,Grandma's Boy,"Even though he's 35, Alex acts more like he's 13, spending his days as the world's oldest video game tester and his evenings developing the next big Xbox game. But he gets kicked out of his apartment and is forced to move in with his grandmother.",/9Z0Q9uIH4il75dfPVqFhVKljfY.jpg
34024,King of the Hill,"Based on the Depression-era bildungsroman memoir of writer A. E. Hotchner, the film follows the story of a boy struggling to survive on his own in a hotel in St. Louis after his mother is committed to a sanatorium with tuberculosis. His father, a German immigrant and traveling salesman working for the Hamilton Watch Company, is off on long trips from which the boy cannot be certain he will return.",/HzTiZWfb0bdyJoM7Et6XCgfi9X.jpg
48259,Crimes of the Heart,"Three sisters with quite different personalities and lives reunite when the youngest of them, Babe, has just shot her husband. The oldest sister, Lenny, takes care of their grandfather and is turning into an old maid, while Meg, who tries to make it in Hollywood as a singer/actress, has had a wild life filled with many men. Their reunion causes much joy, but also many tensions.",/fSUFUAFsTiQJy5tDjEdYUM4Aqa1.jpg
18287,Support Your Local Gunfighter,A con artist arrives in a mining town controlled by two competing companies. Both companies think he's a famous gunfighter and try to hire him to drive the other out of town.,/hH8Wgd3p25qIt5yoCVwHZcUPOY9.jpg
50078,Jewel Robbery,A gentleman thief charms a Viennese baron's wife and also conducts a daring daylight robbery of a jewellers.,/vD9q3AIJ5dExlwvQnlvYmwvFllc.jpg
19618,Crime Wave,Reformed parolee Steve Lacey is caught in the middle when a wounded former cellmate seeks him out for shelter. The other two former cellmates then attempt to force him into doing a bank job.,/4YpnJ4H3zVFPJieuHqrSWGeQ66T.jpg
14635,The Rookie,"Jim Morris never made it out of the minor leagues before a shoulder injury ended his pitching career twelve years ago. Now a married-with-children high-school chemistry teacher and baseball coach in Texas, Jim's team makes a deal with him: if they win the district championship, Jim will try out with a major-league organization. The bet proves incentive enough for the team, and they go from worst to first, making it to state for the first time in the history of the school. Jim, forced to live up to his end of the deal, is nearly laughed off the try-out field--until he gets onto the mound, where he confounds the scouts (and himself) by clocking successive 98 mph fastballs, good enough for a minor-league contract with the Tampa Bay Devil Rays. Jim's still got a lot of pitches to throw before he makes it to The Show, but with his big-league dreams revived, there's no telling where he could go.",/aO0L75MI629IhgKE6zVds82X5Ei.jpg
14422,Birds of America,"A regular guy struggles with a repressive home and professional life, as well as making amends for the trouble his free-spirited brother and sister cause about town.",/a87iRC8Ara9lCT1CMprgLzf4Al4.jpg
125109,Dragonworld,"Young John McGowan travels to Scotland to live at his grandfather's castle after he loses his parents in a traffic accident. At the wishing tree he conjures up a dragon friend, Yowler. They grow up together, and one day documentary film maker Bob Armstrong and his daughter Beth stumble upon Yowler. Hungry for fame (and money), Bob convinces John to ""rent"" Yowler to local unscrupulous businessman Lester McIntyre. John is convinced in part by the offer to have the outstanding taxes on the castle paid off, partly because of his growing interest in Beth. Yowler is miserable in the new theme park built for him, and when it becomes clear that McIntyre has tricked them in order to exploit the dragon, John and his new friends take action.",/4VCPwZkJhwQ8yWtkfpIIP43iz1N.jpg
214436,Maria,"When a child steals candles from the cemetery, in order to provide some light means for his family sheltered into a damp basement of a block of flats, this circumstance can say a lot about the sufferance imposed by transition period of time in Romania. This child is one of the seven that Maria has got. She is a 33 years old ordinary woman, whose husband (Ion) is unemployed and has become a drunkard and violently acting, maybe because of his despairing and lack of prospective.",/sSzSUrhemdGGx0U7PSX86polPnW.jpg
1937,Bonjour Tristesse,"Cecile, decadent young girl who lives with her rich playboy father Raymond. When Anne, Raymond's old love interest, comes to Raymond's villa, Cecile is afraid for her way of life.",/sbtVL4OTXm9VGT5SMosj7yUHu5W.jpg
44334,The Tales of Hoffmann,"Hoffmann is a lovelorn young man in Nuremberg who is watching his latest love, Stella, dance in the ballet. In the interval he goes to the tavern where he tells his friends the tales of the three major loves of his life. Each story forms a separate act of this filmic version of the Offenbach opera.",/2fo1JcC6eHfcO0n6tXvyvU7cDd4.jpg
4413,The Brave One,A woman struggles to recover from a brutal attack by setting out on a mission for revenge.,/j2nSeTTFwZeCGzFDuJqebf0Hixb.jpg
11628,Solino,"The movie portrays the story of an Italian family emigrated in Germany in the 1970s. Romano (Gigi Savoia), the father, decides to open a pizzeria which, by mutual decision with the wife Rosa (Antonella Attili), will call Solino, leaving his sons Gigi and Giancarlo to work there. A hostile relationship comes to life between the father and his sons, which will end up in the escape of the boys from family.",/38Oyp2p0oTbGmQZOXpMyBjKgthf.jpg
6373,The Very Thought of You,"Laurence recounts to his neighbour how his life long friendship with Frank and Daniel has been overturned in just three days by their each independently meeting, and falling for, Martha, who has no idea of their connection. Slowly the tale unfolds, the narrative moving backwards and forwards gradually filling in the gaps until we see the whole picture",/4j4Vr6iwFp5Myba8Zz8uHy2tGjw.jpg
40760,Sorority House Massacre,"A little girl's brother kills the whole family but her (she escapes by hiding in the basement). He is committed, and she grows up with a new family, eventually going to college, where she joins a sorority. Due to a memory block, she doesn't remember that the sorority house was her childhood house. Her brother senses her presence in the house and escapes so he can finish the job he was unable to complete.",/50MIbPoRhNWeiGZkUYsg4Qo85aE.jpg
9270,Brick,A teenage loner pushes his way into the underworld of a high school crime ring to investigate the disappearance of his ex-girlfriend.,/hyALqQpaTv0GGV4axqePihEmCY8.jpg
185987,Black Rain,"The story of the aftermath of the Hiroshima bombing, based on Masuji Ibuse's novel.",/2Ox4SIz7NN54W0m1m1JM7Ooo0nB.jpg
11285,Cocoon: The Return,"The old age pensioners that left at the end of the first film come back to earth to visit their relatives. Will they all decide to go back to the planet where no-one grows old, or will they be tempted to stay back on earth, or will they?",/AkPcfRIZ1ZynIB2nnOOOWzHPOT9.jpg
31988,Hands Across the Table,"A manicurist and an engaged loafer, both planning to marry money, meet and fall in love.",/vUXogq4wNTWdooqxmLVOGOGDoMp.jpg
15422,Dark Ride,"Ten years after he brutally murdered two girls, a killer escapes from a mental institution and returns to his turf, the theme park attraction called Dark Ride. About to crash his path are a group of college kids on a road trip who stumble across the park.",/6s4Zf2eSo8XrINsgUdmlPp4PBKs.jpg
75802,Hysteria,A romantic comedy about the invention of the vibrator.,/93BJiqcdIroQzNv6Zh4qE5DyChB.jpg
27769,Sometimes They Come Back,"Based on a short story by Stephen King, a man and his family return to his home town, but he is then harassed by teenagers that died when he was a kid.",/jkgxHwWV1aTyYXuoJ3rHE51lbo1.jpg
10869,Herbie Rides Again,The living Volkswagen Beetle helps a old lady protect her home from a corrupt developer.,/1zwUtG1kwpJGtVqidpOrarswUB0.jpg
33667,Gentleman's Agreement,A magazine writer poses as a Jew to expose anti-Semitism.,/vWtSqZFTrdXrelLV4KyjvR6sZ7E.jpg
11523,View from the Top,A small-town woman tries to achieve her goal of becoming a flight attendant.,/814bbCG15mlt2qjaesO1IOtdiHD.jpg
40687,The Heartbreak Kid,"Three days into his Miami honeymoon, New York Jewish Lenny meets tall, blonde Kelly. This confirms him in his opinion that he has made a serious mistake and he decides he wants Kelly instead. Her rich father is less than keen and lets everyone - including Lenny - know that he hates everything about him and the way he is going on.",/ajwURJnoOl00sguzsIP0eWyD0kh.jpg
52639,Blood of the Vampire,"A man and wife are terrorized by Mad Scientist Dr. Callistratus who was executed but has returned to life with a heart transplant. Along with his crippled assistant Carl, the 'anemic' Mad Scientist, believed to be a vampire, conducts blood deficiency research on the inmates of a prison hospital for the criminally insane to sustain his return to life.",/7JoEVIX94372pAs8ikwsyaVq0Xu.jpg
120862,The Animal Kingdom,"Tom Collier has had a great relationship with Daisy, but when he decides to marry, it is not Daisy whom he asks, it is Cecelia. After the marriage, Tom is bored with the social scene and the obligations of his life. He publishes books that will sell, not books that he wants to write. Even worse, he has his old friend working as a butler and Cecelia wants him fired. When Tom tries to get back together with Daisy to renew the feelings that he once felt, Daisy turns the tables on him and leaves to protect both of them.",/nDOW8UvufgPkI7CkZdyD52OwwCV.jpg
69480,Tabloid,A documentary on a former Miss Wyoming who is charged with abducting and imprisoning a young Mormon Missionary.,/erxqu2JrBm0kN0G0ctlv5s2k0az.jpg
110428,Camille Claudel 1915,"Winter, 1915. Confined by her family to an asylum in the South of France - where she will never sculpt again - the chronicle of Camille Claudel's reclusive life, as she waits for a visit from her brother, Paul Claudel.",/sGMPDg6je1zKi0TiX9b4pP6yN02.jpg
1371,Rocky III,"Now the world champion, Rocky Balboa is living in luxury and only fighting opponents who pose no threat to him in the ring. His lifestyle of wealth and idleness is shaken when a powerful young fighter known as Clubber Lang challenges him to a bout. After taking a pounding from Lang, the humbled champ turns to former bitter rival Apollo Creed to help him regain his form for a rematch with Lang.",/ns55NGqTDEEjcI9z2a9htA2cFtG.jpg
20811,The Master,"Uncle Tak is famous for using Chinese herbal medicines to cure diseases. A martial arts expert, he also teaches the young how to defend themselves. One of his students, Johnny, dreams of monopolizing the teaching of kung fu throughout the United States. To accomplish this, he tries to kill Uncle Tak. Chuck, Uncle Tak's best student from Hong Kong, comes to Los Angeles to find his master. Chuck is willing to let Johnny have his way, and tries to take Uncle Tak back to Hong Kong. But Johnny and his men will not leave Chuck alone. Chuck, on his way back to Hong Kong, returns for the showdown.",/ctz65ZpisdfRTMWCdQYSEQexzn7.jpg
4688,Across the Universe,"Musical based on The Beatles songbook and set in the 60s England, America, and Vietnam. The love story of Lucy and Jude is intertwined with the anti-war movement and social protests of the 60s.",/447c8Te3DXC46rQvDEixKGO4dS6.jpg
31507,Dodsworth,"An adaptation of Sinclair Lewis' novel about a middle-aged American automobile tycoon who retires and goes to Europe, where he and his appearance-conscious, snobbish wife find differing sets of values... and new relationships.",/8sdXPeIUfIJ0ANUdNEIyXv1jB22.jpg
11498,Dead Again,In 1949 composer Roman Strauss is executed for the vicious murder of his wife Margaret with a pair of scissors. In 1990s Los Angeles a mute amnesiac woman shows up at an orphanage and private eye Mike Church is called in to investigate. Under hypnosis both the woman and Church seem to have a strange link back to the Strauss murder.,/4bF41yspvDDtzlDLXsgwtKzEgwS.jpg
90120,Horrorvision,"The website ""horrorvision.com"" has a mysterious secret...anyone who logs onto it winds up dead. After Dez, a web programmer, logs in his girlfriend and others are attacked. Only Dez and a mysterious man named Bradbury can stop the ominous forces intent on ruling the cyber-world.",/mzCiNjNcai32TSOvxmVTUvQ8wn0.jpg
423,The Pianist,The Pianist is a film adapted from the biography of Wladyslaw Szpilman. A Jewish-Polish pianist who during the second world war lived and hid miraculously in Warsaw after having gone through a terrible tragedy. A film from Roman Polanski.,/iunmxWkOi7Vk17Ob3G2HwwjgHsr.jpg
169788,Wives and Lovers,"Wives and Lovers is a 1963 film directed by John Rich. It stars Janet Leigh and Van Johnson.  Husband and wife Bill and Bertie Austin and their daughter live in a low-rent apartment. He's a struggling writer, at least until agent Lucinda Ford breaks the news that she's sold his book to a publisher, including the rights to turn it into a Broadway play.  A new house in Connecticut is the first way to celebrate. But during the long hours Bill is away working on the play, Bertie befriends hard-drinking neighbor Fran Cabrell and her boyfriend Wylie, who plant seeds of suspicion in Bertie's mind that Bill and his beautiful agent might be more than just business partners.  Bertie jealously retaliates by flirting with Gar Aldrich, an actor who will be in her husband's play. Bill goes to Connecticut for a heart-to-heart talk, finds Gar there and punches him.",/3r2XXq0qo1grwzx9MX3MqG1dX1q.jpg
46916,Samurai Spy,"Years of warfare end in a Japan unified under the Tokugawa shogunate, and samurai spy Sasuke Sarutobi, tired of conflict, longs for peace. When a high-ranking spy named Tatewaki Koriyama defects from the shogun to a rival clan, however, the world of swordsmen is thrown into turmoil. After Sasuke is unwittingly drawn into the conflict, he tracks Tatewaki, while a mysterious, white-hooded figure seems to hunt them both. By tale’s end, no one is who they seemed to be, and the truth is far more personal than anyone suspected. Director Masahiro Shinoda’s Samurai Spy, filled with clan intrigue, ninja spies, and multiple double crosses, marks a bold stylistic departure from swordplay film convention.",/8Fjk4Yf3HiebKNUSA2816FYvaY1.jpg
23924,Went the Day Well?,The quiet village of Bramley End is taken over by German troops posing as Royal Engineers. Their task is to disrupt England's radar network in preparation for a full scale German invasion. Once the villagers discover the true identity of the troops they do whatever they can to thwart the Nazis plans.,/1sdZVDF543EqPCxWiG6atBop9XU.jpg
18030,Kiss Me Deadly,"One evening, Hammer gives a ride to Christina, an attractive hitchhiker on a lonely country road, who has escaped from the nearby lunatic asylum. Thugs waylay them and force his car to crash. When Hammer returns to semi-consciousness, he hears Christina being tortured until she dies. Hammer, both for vengeance and in hopes that ""something big"" is behind it all, decides to pursue the case.",/aAp7VxeQ5KD2YTPQpQXVwCy1Wqf.jpg
46503,All Good Things,"Newly-discovered facts, court records and speculation are used to elaborate the true love story and murder mystery of the most notorious unsolved murder case in New York history.",/vhK2BESu5lBskZqWCmtGaH24vDS.jpg
80115,The Happiest Girl in the World,"Delia, a young Romanian girl, comes to Bucharest with her parents to collect a prize she has won in a contest organized by a soft-drinks company. The prize is a beautiful new car. All Delia has to do now is appear in front of the camera in a commercial. All goes well until it becomes clear that Delia and her parents have very different ideas about what to do with the new car. Meanwhile, the contest's sponsor needs a radiant prize-winner with a gleaming smile. A wicked satire and a psychological portrait of a society perverted by its slavery to capitalism and consumerism",/nj48mBHJYsu1v9mSEuz9LajFcBl.jpg
47610,Gravity,"The story of a seemingly settled bank employee who breaks the shackles of his everyday life and becomes a wanderer between worlds. Frederik is an up-and-coming young bank employee who lives an ordinary life. When a bank customer, whom Frederik has denied a loan in the face of the bank crisis, shoots himself in front of Frederik, he snaps. Together with ex-con Vince,he begins to live out a new, dark side of himself. He robs his rich bank customers' homes and gives the money to the needy. The initial rush of crossing social boundaries soon develops into an addiction to ever greater thrills.",/nNQwdKaHODOfPpLm4aI3WijX1iY.jpg
11109,Vera Drake,Abortionist Vera Drake finds her beliefs and practices clash with the mores of 1950s Britain – a conflict that leads to tragedy for her family.,/77hjGa27bYYHWjQcW3LRO87cT62.jpg
89417,Get to Know Your Rabbit,"A young businessman goes to a magic expert to learn hardness and skill with his cynical and greedy collaborators. He becomes a very good tap dancer, but will he be able to get free of his old boss?",/eU9zrnXYUNLDYQy01q5tBlnvlG9.jpg
66194,Deadtime Stories,"A babysitting uncle tells his charges three horror stories--about a killer witch, Little Red Riding Hood and a werewolf, and a story about ""Goldi Lox"" and the three bears.",/7T4CqLmzLkZyqSh7ny4JhcBo91Z.jpg
34759,Ziggy  Stardust and the Spiders from Mars,"Documentary from David Bowie's concert at the Hammersmith Odeon in London on 3 July 1973, when he performed as alter ego Ziggy Stardust for the very last time.  The quintessential moment in glam-rock history, ZIGGY STARDUST AND THE SPIDERS FROM MARS is David Bowie at his best. This film of the 1973 concert (released 10 years later) documents the hallucinogenic collage of kitsch, Warhol/Pop irony, and flamboyant excess that was the Bowie phenomenon: his trademark synthetic androgyny is a musical symbiosis of feminine passion and masculine dominance that define his funky, gender-bending art and, ultimately, the glam-rock genre as a whole. Early on, the film cuts to elaborate backstage costume changes between sets, highlighting a playlist that includes such classics as ""Changes,"" ""Space Oddity,"" ""Time,"" and ""Suffragette City.""",/1bVRQIEy5mCRztQlPs6a9yUdW67.jpg
275096,The Jar,"In the yard of an Iranian village school stands in the shade of a tree a large stoneware jar from which all the pupils drink fresh water. On an unfortunate day, the jar starts leaking. The schoolmaster tries hard to get a new one but in vain. The only solution is to have it fixed...",/bWMc7hTWS9gZ4V45dyiqxdFhxFw.jpg
60434,Kapitalism: Our Improved Formula,"An imaginary return of dictator Ceausescu after 20 years of capitalism in his country, Romania, where he finds a new society but also old habits in the country's businessmen.",/b3yOZcfSH0DDwH9U38uamkLgwRo.jpg
312,Beyond Silence,Beyond Silence is about a family and a young girl’s coming of age story. This German film looks into the lives of the deaf and at a story about the love for music. A girl who has always had to translate speech into sign language for her deaf parents yet when her love for playing music grows strong she must decide to continue doing something she cannot share with her parents.,/cWXaGjslNpbyMNinDmDfAVbyrQI.jpg
64786,Yes or No,"Pie is a sweet girl who moves into a new college dorm room where she finds out that her new roommate Kim, is a tomboy who looks and dress like a boy. As their friendship develops, Pie and Kim begin to wonder if the feeling they feel for one another is just an ordinary friendship or true love.",/5Q6BOoID6kylYwfRg7HDag9wpem.jpg
19840,"I Love You, Beth Cooper","Nerdy teenager Denis Cooverman (Paul Rust) harbors a secret crush on Beth Cooper (Hayden Panettiere), the hottest girl in high school. During his graduation speech, Denis lets the cat out of the bag and declares his love for Beth, who, instead of dissing Denis, shows up at his house later that day and promises to show him the time of his life.",/xqCKWj5REwnTC1a7k1wwO2pudZw.jpg
38150,Heartless,"The story follows Jamie, a troubled young man with a birthmark on his face, which has left him feeling isolated and fearful, hiding from the world outside. He lives in the East End of London, an area notorious for its violent hooded gangs. According to news reports, the gangs are now wearing demon masks. But, one night, Jamie discovers the terrifying truth.",/wFCdR5DQmGVdGX444udgwB57uCc.jpg
14117,Calamity Jane,"Doris Day and Howard Keel fuss, feud and fall in love as Calamity Jane and Wild Bill Hickok. At first curvaceous Calamity is too durned busy fighting Indians and cracking a bullwhip to pay mind to such girlie what-alls as dresses and perfume. She soon changes her mind when Katie Brown arrives in town.",/21c7QTqetZ7Z4BZYPw0CgNnPHC4.jpg
21620,The Price of Milk,"New Zealand milk farmer Rob gives his lover Lucinda a ring. Trying to spark up her relationship with Rob, she takes her friend Drosophila's advice and starts to try and make Rob angry. But she tends to go too far. Admiring her ring while driving a lonely road, she has a run-in with an older woman that sets off a chain of events that begins with her quilt being stolen",/cVozveM9KkairUBHXEG0Q4Dmayk.jpg
34300,Ernest Rides Again,Buffoonish Ernest and his dimwitted pal Abner unearth a huge cannon reputed to contain the crown jewels of England.,/yJtkKhm14q2mOfZvDm2EuAIgd0L.jpg
250810,Great Communist Bank Robbery,"In 1959, in Romania, six former members of the nomenklatura and the secret police organize a hold up of the National Bank. After their arrest, the state forces them to play themselves in a film which reconstitutes the crime and the investigation. At the end of their trial, filmed live, they are sentenced to death and executed. A month later, the film Reconstitution was released and became a sensation throughout the country.  - Written by giolgaudaniel",/d19JUsPRyAil4U9pFemvcwVe5GM.jpg
21198,House of Voices,"In 1958, in the French Alp, the young servant Anna Jurin arrives in Saint Ange Orphanage to work with Helena while the orphans moved to new families. Anna, who is secretly pregnant, meets the last orphan , Judith, left behind because of her mental problems, and they become closer when Anna find that Judith also hear voices and footsteps of children.",/lWlODUJfWL7YPGyKZfRiX4OWcpw.jpg
97936,Sweet November,A woman refuses to let her romances last longer than one month.,/ws4QkbUCHbgpSCKgQNgcTG3LNjX.jpg
125762,Shattered Image,"Confusing realities surface in this paranoid film dealing with the fragile nature of a young woman (Anne Parillaud) recovering from rape and an apparent attempted suicide. In one reality, she is a killer destroyer of men. In another she is the new wife on a Jamaican honeymoon with her husband (William Baldwin), who is trying to help her recover. Which is real is the question as the story unfolds.",/cUWlAZRdPN2N0DMoZO8O5i2RLzM.jpg
71395,Secret Ceremony,A tormented rich girl hires a sex worker to act as her mother.,/iyhhGu3LdW6eV70FoCWQL50ENgF.jpg
77953,The Campaign,Two rival politicians compete to win an election to represent their small North Carolina congressional district in the United States House of Representatives.,/6uH8BOWN60mu2Vd5z4jCaVWb2ix.jpg
43306,A Guy Named Joe,"Pete Sandidge (Tracy), a daredevil bomber pilot, dies when he crashes his plane into a German aircraft carrier, leaving his devoted girlfriend, Dorinda (Irene Dunne), who is also a pilot, heartbroken. In heaven, Pete receives a new assignment: he is to become the guardian angel for Ted Randall (Van Johnson), a young Army flyer. Invisibly, Pete guides Ted through flight school and into combat, but the ectoplasmic mentor's tolerance is tested when Ted falls for Dorinda. Ultimately, however, Pete not only comes to terms with their relationship but also acts as Dorinda's copilot when she undertakes a dangerous bombing raid, so that Ted won't have to. Remade by Steven Speilberg in 1989 as ALWAYS",/tbM53yBwhoYK9JoPKRpUSVZtP8s.jpg
8340,Turtles Can Fly,Turtles can fly tells the story of a group of young children near the Turkey-Iran border. They clean up mines and wait for the Saddam regime to fall.,/maoGbtfSERgqu6J9qvAz4fzse8Z.jpg
31548,Show Boat,"Despite her mother's objections, the naive young daughter of a show boat captain is thrust into the limelight as the company's new leading lady.",/4bFWkw7AWWcR0RQgqbfeJZ24bf4.jpg
121088,Efectos secundarios,"At 18, fresh from high school, Marina, Ignacio, Adam and Mimi, school mates bonded by fate, shared a dream about adult life, a dream of fame, success, perfect skin and that one endless, true love that, surely, was waiting just around the corner for each one of them. But 30's arrived, and none of the sweet promises of youth was fulfilled. Alone, failed and frustrated, all four are forced to stop and look around to try to understand where it all went wrong, and find an emergency fix for their lives, before it's too late, and happiness escapes through their fingers forever. Secondary Effects is the bitter coming of age comedy that follows their steps in the search for lost dreams, lost hair and good sex, at least, if true love turns out to be a mirage.",/cxeg0g5uR3NDs8Rn2ZkSktbBZg4.jpg
94959,"Edward, My Son","Following the death of his only son, a ruthless businessman reflects on his life, his unhappy marriage and his questionable parenting skills. Released in 1949, starring Spencer Tracy and Deborah Kerr.",/8hDuZCPscWq8hcAwLVgk1gPNwKy.jpg
119425,Shit Year,"Renowned actress Colleen West abandons her successful career for a secluded life in the hills. But the quiet and peace of mind she longed for is disrupted by the noisy construction of neighboring housing developments. Before long, Colleen discovers that she really can’t stand herself now that she has given up the only thing that she has ever truly been passionate about. As an alternative to isolation, she reluctantly befriends her jubilant, whimsical neighbor and reconnects with her estranged brother. Haunted by loneliness and past desires, Colleen begins to feel as if she has lived her life through the characters she has played on stage and screen. –Quinzaine des Réalisateurs",/mnXhBVbbfaHwTTaES3oJ2bL6jwy.jpg
28902,In Dreams,"Claire Cooper dreams strange things from time to time. One night, she dreams about a little girl being taken away by a stranger...",/sNTZu5YTyDn75TOX7Y8qMG7mqcs.jpg
79934,The Clown,"The life of the owners of Circus Esperança, Puro Sangue e Pangaré, father and son, who plays two clowns. At a certain point, Pangaré starts showing tiredness and sadness for being an unhappy clown.",/yRxAHofNXHQLpBIShkGa9ldkRdm.jpg
71701,The Damned,"An American tourist, a youth gang leader, and his troubled sister find themselves trapped in a top secret government facility experimenting on children.",/8Gb2QEki3hmo2SawCw4dOz1ZBrU.jpg
45014,Anton Chekhov's The Duel,"Set in a seaside resort in the Caucasus, the story centers on n'er do well, Laevsky (Andrew Scott) and his illicit relationship with his mistress Nadya (Fiona Glascott). Laevsky has convinced Nadya to leave her husband for him, but now wants to abandon her.",/h7f3UQCgJOvFuYKMXT4NzsQNuZk.jpg
19108,Breaker! Breaker!,"Truck driver searches for his brother, who has disappeared in a town run by a corrupt judge.",/tlcagN2rFREGgRm8GyL5ylnoco4.jpg
9292,Hudson Hawk,"Eddie Hawkins, called Hudson Hawk has just been released from ten years of prison and is planning to spend the rest of his life honestly. But then the crazy Mayflower couple blackmail him to steal some of the works of Leonardo da Vinci. If he refuses, they threaten to kill his friend Tommy.",/j9L6qA8HMgNrDzVyCukGeaCrRf6.jpg
51722,Children Underground,"Children Underground follows the story of five street children, aged eight to sixteen who live in a subway station in Bucharest, Romania. The street kids are encountered daily by commuting adults, who pass them by in the station as they starve, swindle, and steal, all while searching desperately for a fresh can of paint to get high with.",/whj11VYP4qcZd8nA2DgPx0VqrQA.jpg
15083,Ushpizin,"In Jerusalem's orthodox neighborhoods, it's Succoth, seven days celebrating life's essentials in a sukkah, a temporary shack of both deprivation and hospitality. A devout couple, Moshe and Mali, married nearly five years and childless, are broke and praying for a miracle...",/ldaRiJjZ8a4koHbSLBW3Ueao1xp.jpg
12808,Nina's Heavenly Delights,A feisty young woman returns to Glasgow to run her deceased father's curry house.,/o9Gnbhq3e8lL4gvezbe8TV6tOQT.jpg
24518,"The Long, Long Trailer","A newly wed couple, Tacy and Nicky, travel in a trailer for their honeymoon. The journey is a humorous one that could end up destroying their marriage.",/esiROeUem8tnFDTIBEEHJiVlACQ.jpg
15900,Faces of Death II,"This movie continues in the same vein as F.O.D. 1 with short scenes of death related material. Mortuarys, accidents, police work are filmed by TV crews and home video cameras. Some of the material are most likely fake, some not as likely.",/6O87VXAMLJjEW7SgWWkowIcMLmd.jpg
16890,The Guitar,"The life of a woman is transformed after she is diagnosed with a terminal disease, fired from her job and abandoned by her boyfriend. Given two months to live, she throws caution to the wind to pursue her dreams.",/2I2oXSDVKkvkbYzdKMFjhGNB2Rs.jpg
42668,Alexander the Great,"He was a fierce military commander who led huge armies into battle without a single defeat; a magnificent warrior who many believed was part god - this was Alexander the Great (Richard Burton), the legendary Greek hero hailed by his countrymen as ""The King of Kings"". Born in 356 B.C. into a turbulent world of political unrest, educated by Aristotle (Barry Jones) and chosen to lead his people in the grand tradition of his powerful father (Fredric March), this glamorous world conqueror rose above all conflict to unite the continents of Europe and Asia to become one of the most celebrated rulers of all time! Written, produced and directed by Oscar - winner Robert Rossen and featuring the extraordinary Claire Bloom and a remarkable cast of thousands, this stunning portrait of one of history's most fascinating figures is colossal entertainment and an amazing spectacle.",/yx2j2GcVi9Thk9vedLd4mq1kCn1.jpg
46812,Lost Boys: The Thirst,"Vampire hunter Edgar Frog is destitute and nearly friendless, when the beautiful vampire-romance novelist Gwen Lieber offers him a small fortune to go on the vampire hunt of a lifetime and save her brother from an army of newborn vampires who use a new drug called the Thirst, which is a mixture of Ecstasy and vampire blood. Realising he can't do this alone, Edgar turns to his brother, Alan Frog, to help him save Gwen's brother.",/gltzd8ziXXz1aO4xTJ2yNHbLPX2.jpg
10304,Starship Troopers 2: Hero of the Federation,"In the sequel to Paul Verhoeven's loved/reviled sci-fi film, a group of troopers taking refuge in an abandoned outpost after fighting alien bugs, failing to realize that more danger lays in wait.",/xoQpKbnmGPuZub5NAPQq18hDEWA.jpg
13962,Blank Check,"Bullied by his siblings and nagged by his parents, 11-year-old Preston is fed up with his family -- especially their frugality. But he gets his chance to teach them a lesson when a money-laundering criminal nearly bulldozes Preston with his car and gives the boy a blank check as compensation. Preston makes the check out for $1 million and goes on a spending spree he'll never forget. Maybe now, his family will take him seriously!",/y3SHngrd4vb909iwxgPm1ER4NJb.jpg
43797,Sun Valley Serenade,"Skating star Sonja Henie and the Glenn Miller Orchestra share the spotlight in Sun Valley Serenade. Henie plays a Norwegian refugee adopted by band pianist John Payne, who mistakenly thought that the full-grown Miss Henie was a 10-year-old little girl. Payne's girlfriend, Lynn Bari, is a soloist with the Miller band, and also a violently jealous sort. When Bari quits Miller out of pique, Henie stages an elaborate ice show as a substitute. This impromptu spectacular thrills the audience at the Sun Valley resort hotel where most of the action takes place. Joan Davis and Milton Berle provide comic relief to the music and romance (you haven't lived until you've seen Berle on skis), while The Nicholas Brothers and Dorothy Dandridge perform a lively chorus of ""Chattanooga Choo Choo.""",/vMMrecFRLIomyRI9dWxhgjfyicI.jpg
8738,The Final Countdown,"In 1980, the US Navy's most powerful warship, the USS Nimitz, is caught in a storm during routine manoeuvres in the Pacific. Enveloped by a strange green light, the ship passes through a vortex and when they emerge, their communications have been cut off. The ship's Captain (Kirk Douglas) sends out a patrol and the F-14 pilots are shocked to encounter vintage Japanese warplanes.",/4TL97w3r2QdiFA4gzfbC4o8ZpgZ.jpg
30913,At Midnight I'll Take Your Soul,Coffin Joe terrorizes a small peasant community in his search for the perfect woman to bear him a child.,/aMdwdEKbHaMQja0nVyFeXRjxnj1.jpg
176651,Darkness and Light,"Kang-Yi is a teenage girl who lives in an apartment building in the port city of Keelung. Most of her family, and the people in the apartment, are blind, and she helps them out. Ah Ping, who was brought up on the mainland and only speaks Mandarin, comes back to Taiwan after dropping out of military academy. He stays in the same building, and starts to date Kang-Yi. This annoys one of her classmates, who claims she is his girl, and he gets his gang of thugs to bully Ah Ping.",/vPOm8Hf1mXsTh8835PBhKLbh6dr.jpg
17729,The Glenn Miller Story,"A vibrant tribute to one of America's legendary bandleaders, charting Glenn Miller's rise from obscurity and poverty to fame and wealth in the early 1940s.",/5lGSfdv770m7tLf9FO6vLF28HE6.jpg
31040,The Situation,"The first U.S.-made film drama set during the Iraq war, THE SITUATION chronicles the tragic death of an Iraqi teenager at the hands of U.S. soldiers. The incident sets off an ""investigation,"" a cover-up, and complications involving Iraqi mayor Sheikh Tahsin (Saïd Amadis), who has a complex relationship with the Americans.",/xVecO81T6WZUmZXknD8eZdsgwD3.jpg
89800,Harmful Insect,"13-year-old Sachiko is about to encounter the most difficult moments in her young life. Her father abandons her and her mother. Her mother attempts to commit suicide by slashing her wrist. Her teacher, whom she relies on heavily, leaves for northern Japan to take another job. Other students start to gossip about Sachiko and her former teacher. Sachiko then drops out of school and attempts to find herself.",/xObzD7H2K9UoL2QRslxTgHn2vQ1.jpg
64782,A Lesson in Love,"After 15 years of marriage, David and Marianne have grown apart. David has had an affair with a patient of his and Marianne has got herself involved with her former lover Carl-Adam, who's also David's best friend. When she travels to Copenhagen to meet Carl-Adam, David takes the same train as she does, making it look coincidental. Spending time together remembering their past and talking about their future, they come to understand each other again, which leads to a reconciliation.",/shI48bpaL5LIFsoKi86ZXVTqW3j.jpg
105419,The Cuenca Crime,"In 1913, Gregorio Valero Contreras and León Sánchez Gascón, friends and neighbors of Osa de la Vega (Cuenca) are arrested as perpetrators of the death of José María Grimaldos López, shepherd and former teammate. The village accuses them and even Gregorio's wife gathers evidence against them. The two men confess the crime after being tortured. They are judged in 1918 in the Provincial Court of Cuenca and, after modifying the request for capital punishment, they are condemned to eighteen years in prison ...",/8TWXeuyYZmnjvlxXJUlr0IzXow6.jpg
55047,Born Rich,"A documentary on children of the insanely rich. Directed by one of their own, Johnson &amp; Johnson heir, Jamie Johnson.",/zlCU7LRBSZXWeV3iHaqdQKbXdtB.jpg
14367,Adventures in Babysitting,"When plans with her boyfriend fall through, high school senior Chris Parker ends up babysitting the Anderson kids, Brad and Sara. What should be a quiet night in, however, turns into a series of ridiculous exploits, starting when they leave the house to pick up Chris' friend Brenda. Soon, Brad's buddy Daryl is involved, and the group must contend with car thieves, blues musicians and much more.",/cYCpqHVoZvf5x4bO8EA68YBX1N.jpg
90770,The Vanquished,"A film by Michelangelo Antonioni composed of three episodes: a French episode set in Paris, an Italian episode set in Rome and an English episode set in London. Three stories of well-off youths who commit murders.",/eOF2g70mUYrMgXixk76M8aLSmuG.jpg
46563,Saratoga Trunk,An opportunistic Texas gambler and the exiled Creole daughter of an aristocratic family join forces to achieve justice from the society that has ostracized them.,/x1p47FRX7dbPoaYMK6ANw8WlAC5.jpg
2757,Adaptation.,A love-lorn script writer grows increasingly desperate in his quest to adapt the book 'The Orchid Thief'.,/5trb1V5f3IsjpZx2GiuUylowl3W.jpg
1647,The Recruit,"A brilliant CIA trainee must prove his worth at the Farm, the agency's secret training grounds, where he learns to watch his back and trust no one.",/hQuFWLIKUwWUWYhk6KHsBOKKeHc.jpg
13937,Raising Cain,"When neighborhood kids begin vanishing, Jenny suspects her child psychologist husband, Carter, may be resuming the deranged experiments his father performed on Carter when he was young. Now, it falls to Jenny to unravel the mystery. And as more children disappear, she fears for her own child's safety.",/upKnvCg33FiYlhJh6h3QGAxOJU4.jpg
3526,Frances,The true story of Frances Farmer's meteoric rise to fame in Hollywood and the tragic turn her life took when she was blacklisted.,/2x6jz5UlYQcRaEd0ZWSk4rTNUT5.jpg
22688,Angel on My Shoulder,"Gangster Eddie Kagel is killed by a trusted lieutenant and finds himself in Harry Redmond Jr's special effects Hell, where Nick/The Devil sees that he is an-exact double for a judge of whom Nick doesn't approve. Eddie is agreeable to having his soul transferred to the judge's body, as it will give him a chance to avenge himself on his killer. But every action taken by Eddie (as the judge) results in good rather than evil and, to Nick's dismay, the reputation and influence of the judge is enhanced, rather than impaired by Eddie. And Eddie also falls in love with the judge's fiancée, Barbara. Even Eddie's planned revenge fails and Nick is forced to concede defeat. He returns to Hell, taking Eddie with him, after Eddie has extracted his promise that Nick will not molest the judge or Barbara in the future.",/5GvCXu1nYiqhVoXYvAjH5aE8DEW.jpg
762,Monty Python and the Holy Grail,"King Arthur, accompanied by his squire, recruits his Knights of the Round Table, including Sir Bedevere the Wise, Sir Lancelot the Brave, Sir Robin the Not-Quite-So-Brave-As-Sir-Lancelot and Sir Galahad the Pure. On the way, Arthur battles the Black Knight who, despite having had all his limbs chopped off, insists he can still fight. They reach Camelot, but Arthur decides not  to enter, as ""it is a silly place"".",/jRx1nDUA4sb2NEKQaukXKBz6pCf.jpg
333590,My Beautiful Dacia,"An extravagant odyssey from Communism to Capitalism as seen from the perspective of one of Romania's most charismatic symbols, the Dacia automobile.",
17091,Docking the Boat,"On the island, the hosts of a traditional Swedish crayfish party are awaiting their guests. The crayfish are freshly boiled, red and delicious. The guests are in their boat, sailing towards the island. They are bringing along the drinks for the evening's party. Everyone is prepared to enjoy the evening. But first they've got to dock the boat... Docking the boat (Att angöra en brygga) is the second film by the legendary Swedish comedy film makers Hans Alfredson and Tage Danielsson. It has become one of the greatest classics in Swedish film history.",/q0LjIc2sAo17yivkVS72I3acCid.jpg
74395,Hangin' With The Homeboys,"Two African-Americans and two Puerto-Ricans (though one pretends to be Italian) go out on the town on a Friday night. They will be forced to get to know each other, and even worst, learn to like each other as friends",/7qPP8t7jj8MAdqveGojAgTuoeHO.jpg
20723,That Darn Cat!,"A young woman suspects foul play when her cat comes home wearing a wrist watch. Convincing the FBI, though, and catching the bad guys is tougher than she imagined.",/xRqSMfKJsTFVzcD07MmZbpLfRko.jpg
11206,Wait Until Dark,"After a flight back home, Sam Hendrix returns with a doll he innocently acquired along the way. As it turns out, the doll is actually stuffed with heroin, and a group of criminals led by the ruthless Roat has followed Hendrix back to his place to retrieve it. When Hendrix leaves for business, the crooks make their move -- and find his blind wife, Susy, alone in the apartment. Soon, a life-threatening game begins between Susy and the thugs.",/m44YjHFnLkExI8fiCriJyMqkkpu.jpg
11802,Space Chimps,"Circus monkey Ham III works in a circus where he's regularly shot from a canon but he still lives in the shadow of his father's legacy. A natural born rebel against authority, Ham III is initially reluctant to go on a dangerous space mission to rescue a lost space probe, but away he goes, for lots of RIGHT STUFF-style astro-training alongside two highly prepared chimps, Luna and Titan.",/n2vpJWGYnkyu4k4hwcO6DFF8HDh.jpg
23999,Abigail's Party,"Beverly Moss invites her new neighbours, Angela and Tony, over for drinks. She has also asked her divorced neighbour Susan, whose fifteen-year-old daughter Abigail is holding a party back in their house. Beverly's husband Laurence comes home late from work, just before the guests arrive. The gathering starts off in a stiff, insensitive, British-middle-class way as the virtual strangers tentatively gather, until Beverly and Laurence start sniping at each other. As Beverly serves more drinks and the alcohol takes effect, Beverly flirts more and more overtly with Tony, as Laurence sits impotently by.",/lyO5WrxFJP1dsMXbbKk3z0jWUv.jpg
25087,Bloodsport II,"After thief Alex Cardo gets caught while stealing an ancient katana in East Asia, he soon finds himself imprisoned and beaten up by the crowd there. One of the guards, Demon, feels upset by Alex appearance and tortures him as often as he gets the opportunity. Alex finds a friend and mentor in the jailhouse, Master Sun, who teaches him a superior fighting style called Iron Hand. When a 'best of the best kumite' is to take place, Demon gets an invitation. Now Master Sun and Alex need to find a way to let Alex take part in the kumite too.",/4jrgoLBgQgzeMZUCzSgy6SRWmf.jpg
51141,Port of Call,"A suicidal factory girl out of reformatory school, anxious to escape her overbearing mother, falls in love with a sailor who can't forgive her past.",/90fI7XKhyGqkYWq0IQXR4rWb82z.jpg
13807,Exiled,"A friendship is formed between an ex-gangster, and two groups of hitmen - those who want to protect him and those who were sent to kill him.",/1Gfuo9TNkUg18vIClfPdvfTf9dg.jpg
9404,First Strike,Jackie Chan reprises his role as Chan Ka-Kui (also known in some versions as Jackie) yet again as a Hong Kong cop who works with Interpol to track down and arrest an illegal weapons dealer. Later Jackie realizes that things are not as simple as they appear and soon find himself a pawn of an organisation posing as Russian intelligence.,/9i6bhYbxe2g02e3GhljtktuyDMj.jpg
15515,The 7th Voyage of Sinbad,"When a princess is shrunken by an evil wizard, Sinbad must undertake a quest to an island of monsters to cure her and prevent a war.",/mzEFF9YRN13HLz6Cq7jMYR8aHVb.jpg
31510,Ben-Hur: A Tale of the Christ,"After having not seen one another in years, wealthy Jewish citizen Judah Ben-Hur and his boyhood close friend Messala, now a Roman tribune, happen to meet. When an accident occurs, Messala, who has become small-minded and arrogant, seeks to destroy the lives of Judah and his family members.",/d9tvEoCuDoalUH2ODTWFOp7dyqt.jpg
1380,Gleaming the Cube,The cult classic 80’s B-film where the slacker skateboarder gets off his butt and cases down criminals. A skateboarding boy named Brian played by Christian Slater has a pretty normal life until his brother dies. The cops think it’s a suicide yet he won’t believe it and follows some Vietnamese guys he thinks did it when he gets into a lot of trouble and has to ride his skateboard to save the day.,/aXFBVIY2i3HETfBGvRojg3RRt3C.jpg
44134,Barnacle Bill,A seasick sea captain commands an amusement pier despite local opposition. Released in the U.S. as 'All at Sea',/8rZxlJWvjb8i4cgpBdu2xlXpakV.jpg
123047,Turtle Diary,"Two separate people, a man and a woman, find something very stirring about the sea turtles in their tank at the London Zoo. They meet and form an odd, but sympathetic camaraderie as they plan to steal two of the turtles and free them into the ocean.",/v2DLQlMrbU1jaKZ0nu6hfWvb56P.jpg
18169,About Last Night...,"A man and woman meet and try to have a romantic affair, despite their personal problems and the interference of their disapproving friends.",/mBHRjyhRG01MGyv5re7xvGLgVWB.jpg
73376,The Inner Circle,"The true story of Ivan Sanchin, the KGB officer who was Stalin's private film projectionist from 1939 until the dictator's death. Told from Sanchin's view, the sympathetic but tragically flawed hero maintains unwavering faith in his ""Master"" despite the arrest of his neighbors and his involvement with their daughter, his wife's affair with the chilling State Security chief Lavrentii Beria and her tragic decline, and the deadly political machinations within the Kremlin he witnesses firsthand. Written by Martin H. Booda",/bRtGmTmVqRk6axq9nkyG8PeI4bE.jpg
75375,The Trap: What Happened to Our Dream of Freedom,"Individual freedom is the dream of our age. It's what our leaders promise to give us, it defines how we think of ourselves and, repeatedly, we have gone to war to impose freedom around the world. But if you step back and look at what freedom actually means for us today, it's a strange and limited kind of freedom.",/7KAGaOuVSOVweXGUkyuNH5L3CVE.jpg
11375,Hollywood Homicide,"Joe Gavilan (Harrison Ford) and his new partner K. C. Calden (Josh Hartnett), are detectives on the beat in Tinseltown. Neither one of them really wants to be a cop, Gavilan moonlights as a real estate broker, and Calden is an aspiring actor moonlighting as a yoga instructor. When the two are assigned a big case they must work out whether they want to solve the case or follow their hearts.",/15xHKnXY6WmWcmwiWhzYY9e60Nc.jpg
18602,Morvern Callar,"Following her boyfriend's suicide, supermarket clerk Morvern Callar passes off his unpublished novel as her own...",/h0n1XCn2OW73qYtGgIJTq37XP2M.jpg
794,The Omen,"Immediately after their miscarriage, the US diplomat Robert Thorn adopts the newborn Damien without the knowledge of his wife. Yet what he doesn’t know is that their new son is the son of the devil. A classic horror film with Gregory Peck from 1976.",/uY14zS4Sm2DdvFXeczFKgLgkQUP.jpg
15842,Kira's Reason: A Love Story,"Kira and Mads try to work out their marriage, after Kira has been two years in a mental institution, but is she really ready for the real world?",/nSwfRkMVZ8m9ry1zJsE9WXVXT58.jpg
49517,Tinker Tailor Soldier Spy,"Recently-retired MI6 agent, George Smiley is doing his best to adjust to a life outside the secret service until a disgraced agent reappears with information concerning a mole at the heart of the service. Smiley is drawn back into the murky field of espionage, tasked with investigating which of his trusted former colleagues has chosen to betray him and their country. Smiley narrows his search to four suspects – all experienced, skilled and successful agents – but past histories, rivalries and friendships make it far from easy to pinpoint the man who is eating away at the heart of the British establishment.",/2N3P730TYXEcNL0BO8WBuMc6yJz.jpg
16373,The Uninvited,A brother and sister move into an old seaside house they find abandoned for many years on the English coast. Their original enchantment with the house diminishes as they hear stories of the previous owners and meet their daughter (now a young woman) who now lives as a neighbor with her grandfather. Also heard are unexplained sounds during the night. It becomes obvious that the house is haunted.,/ymPV2ToQUfeo3MxRjHz5kkCIuJA.jpg
4613,Scorched,"Three bank tellers. One goal: knock the place over. The ultimate inside jobs, plotted by three people with nothing to lose.",/6RXZERI71eJrRdLh96wpESK1rNf.jpg
5126,Martian Child,"A recently-widowed, science fiction writer considers whether to adopt a hyper-imaginative 6-year-old abandoned and socially-rejected boy who says he's really from Mars.",/b40FrQGeU9UvLv9sfNHPg21O5A2.jpg
75446,Carbon Nation,"An optimistic (and witty) discovery of what people are already doing, what we as a nation could be doing and what the world needs to do to prevent (or at least slow down) the impending climate crisis.",/4tWZqwL5SAoBAZaqc18kMIP4GgL.jpg
12834,Leaves of Grass,"An Ivy League professor returns home, where his pot-growing twin brother has concocted a plan to take down a local drug lord.",/o3lLLvBolWkE4EfK9XdyWuCkAx.jpg
32319,Beware of a Holy Whore,Tensions between members of a film crew build while they wait for the arrival of the director and star to arrive on location.,/ie1sKyDf45XcrVOXPhcRrPMhTrY.jpg
66436,The Grand Maneuver,"The dashing Lieutenant of Dragoons, after all had a certain reputation to uphold...while the ravishing Lady from Paris, at best, had only an uncertain fortress to defend...",/sJuNwtj9A5rTExPEqjNDe0JBXPx.jpg
53336,Soldier In The Rain,"Sentemental military comedy revolves around two contemporary army buddies, Master Sergeant Maxwell Slaughter (Jackie Gleason), a smooth operator, who supply Sergeant Eustis Clay (Steve McQueen) idolizes and hopes will join him as a civilian in a private business enterprise. Clay endeavors to be a player in the military, just like Slaughter, but it seems as though Clay still has a lot to learn from his mentor. They are joined by Tuesday Weld as a shrill dizzy blonde teenager named Bobby Jo Pepperdine and Tony Bill as bumbling Private First Class Jerry Meltzer, McQueen's screwball sidekick.",/4FSIOTB8aIATiqTZdOYtcvLgYdA.jpg
9082,Blind Spot: Hitler's Secretary,"Documentarians Andre Heller and Othmar Schmiderer turn their camera on 81-year-old Traudl Junge, who served as Adolf Hitler's secretary from 1942 to 1945, and allow her to speak about her experiences. Junge sheds light on life in the Third Reich and the days leading up to Hitler's death in the famed bunker, where Junge recorded Hitler's last will and testament. Her gripping account is nothing short of mesmerizing.",/3YLOGKljqXiClx4tTWDBczetXoq.jpg
5924,Papillon,"A man befriends a fellow criminal as the two of them begin serving their sentence on a dreadful prison island, which inspires the man to plot his escape.",/q1tmTQvEWbJgf8eccX1XWXxWKkK.jpg
32636,Vanya on 42nd Street,"An uninterrupted rehersal of Chekhov's ""Uncle Vanya"" played out by a company of actors. The setting is their run down theater with an unusable stage and crumbling ceiling. The play is shown act by act with the briefest of breaks to move props or for refreshments. The lack of costumes, real props and scenery is soon forgotten.",/ii4bqnfm5aW3TxqGh0tcxS8nijK.jpg
791,The Fog,"Trapped within an eerie mist, the residents of Antonio Bay have become the unwitting victims of a horrifying vengeance. One hundred years earlier, a ship carrying lepers was purposely lured onto the rocky coastline and sank, drowning all aboard. Now they're back – long-dead mariners who've waited a century for their revenge.",/qZ3Prt6jBvCWI08MsS9cPMM5lMi.jpg
59457,Womb,"A woman's consuming love forces her to bear the clone of her dead beloved. From his infancy to manhood, she faces the unavoidable complexities of her controversial decision.",/2GMVSKD1LkVckweKBZ8jd23bDcv.jpg
9584,Convoy,"Truckers form a mile long ""convoy"" in support of a trucker's vendetta with an abusive sheriff...Based on the country song of same title by C.W. McCall.",/zpCy9R9tjD5sawsBk5TaXbFJhJz.jpg
111037,The Second Time Around,"In 1911, a widow with two children leaves New York City for territorial Arizona and becomes a ranch hand and later gets herself elected sheriff. A gambler and a rancher become rivals for her affections.",/8lr9wRtpsB4yO2t0nUmxec8tcaq.jpg
171,The Party 2,The second film from the Le Boum series about a young French teenage girl who after moving to a new city falls in love with a boy and is thinking of having sex with him because her girlfriends have already done it.,/5xJSNVifX1ItjClex9OXAph39oV.jpg
49040,The Bourne Legacy,"New CIA operative, Aaron Cross experiences life-or-death stakes that have been triggered by the previous actions of Jason Bourne.",/AnKnLsybNhnibvA3mba1ct9Nnb6.jpg
16551,Rhinestone,"After a big-time country singer brags that she can turn anybody in to a country-singin' star, she's out to prove she can live up to her talk when she recruits a cab-driver as a country singer. He's scheduled to sing at a big-time NYC country night club and she puts her ample powers to work in preparing her protege.",/hvUWHNMRWDSuK1lV5YbLTovq6L9.jpg
10692,Henry: Portrait of a Serial Killer,"Henry likes to kill people, in different ways each time. Henry shares an apartment with Otis. When Otis' sister comes to stay, we see both sides of Henry: ""the guy next door"" and the serial killer.",/jE9bDB7v7lMED5PWpPMsmc3SzlI.jpg
37818,The Allnighter,"Molly (Hoffs), Val (Pfeiffer) and Gina (Cusack) are graduating college, but on their final night, frustrations are aired. Molly is still looking for real love and Val is beginning to doubt if that is what she has found. Gina is too busy videotaping everything to really notice. When the final party at Pacifica College kicks off, things do not go exactly as planned.",/d4PHcESLlzPiGsa3yPsVEyXz5c.jpg
2768,American Gigolo,"Julian makes a lucrative living as an escort to older women in the Los Angeles area. He begins a relationship with Michelle, a local politician's wife, without expecting any pay. One of his clients is murdered and Detective Sunday begins pumping him for details on his different clients, something he is reluctant to do considering the nature of his work. Julian begins to suspect he's being framed. Meanwhile Michelle begins to fall in love with him.",/kwbOIABYZjLwd8UViMvkw40l2rr.jpg
53358,Fubar II,Terry and Dean head north to make sweet cash in the oil patch.,/8dfN60cF0AYCek1WVclzWrNvGOW.jpg
58911,Hotel de Love,"10 years ago at a party, Steven thinks he sees the girl of his dreams, Melissa. Just as he's about to make his move, his twin brother Rick gets to her first and they fall in love. Steven watches his brother's relationship bloom, longing for Melissa all the while. Eventually, Melissa leaves to go to college and the brothers go on with their lives. Steven becomes a workaholic to block out his feelings about Melissa and Rick becomes a spineless bellboy at the Hotel de Love, after a later girl friend stood him up at the altar. Enter Steven and Rick's warring parents visiting the Hotel de Love for their anniversary. Re-enter Melissa with her current boyfriend, Norman. Suddenly Rick and Steven have a second chance at Melissa. Also there's Alison the palm reader, Susie behind the counter, the owner/piano player, and the freshly married couple.",/wk0NkJekbAF4qzXMlZfCZwoeeEs.jpg
18890,We're Back! A Dinosaur's Story,"Captain New Eyes travels back in time and feeds dinosaurs his Brain Grain cereal, which makes them intelligent and non-violent. They agree to go to the Middle Future in order to grant the wishes of children in New York city. They are to meet Dr. Bleeb of the Museum of Natural History, but get sidetracked with their new children friends and run into the Captain's evil brother, Professor",/oDbywMYMM8TZD9B4XuksKkwMgUa.jpg
1807,Elephant,Several ordinary high school students go through their daily routine as two others prepare for something more malevolent. The film chronicles the events surrounding a school shooting.,/AgSWtbb8zMtTyjHFP12QeRbQGD5.jpg
28049,"Kill Baby, Kill",An 18th century European village is haunted by the ghost of a murderous little girl.,/nSxvQv5rT5VS1nh5xmzBSgO7u0W.jpg
2204,Alice in the Cities,"German journalist Philip Winter has a case of writer’s block when trying to write an article about the United States. He decides to return to Germany, and while trying to book a flight, encounters a German woman and her nine year old daughter Alice doing the same. The three become friends (almost out of necessity) and while the mother asks Winter to mind Alice temporarily, it quickly becomes apparent that Alice will be his responsibility for longer than he expected. After returning to Europe, the innocent friendship between Winter and Alice grows as they travel together through various European cities on a quest for Alice’s grandmother.",/xvJqeIQVlME28oVHDcsHEELGWgw.jpg
112882,Tokyo Chorus,"Mr. Omura, a teacher, leads a group of male students in an outdoor drill. One slight, comic young man, Shinji Okajima, has no shirt under his jacket; he scratches at fleas and makes faces behind Omura's back. Jump ahead several years, Shinji is married with three children. He sells insurance, and on the company's annual bonus day, he protests when an older worker is fired. Shinji loses his own job as a result, and he and his wife must find ways to cope. Lassitude, pride, the demands and needs of young children, and relationships from bygone school days all play a part in the outcome of their struggle.",/4S0CuWp8t5mIW1MFEkjcOrwg6Si.jpg
32065,Forced Vengeance,A casino security guard is forced into violence from when the Hong Kong mob threatens his friends.,/3AaPWvywczDIeGFCjUvohBIMzJL.jpg
27583,Greenberg,"A New Yorker moves to Los Angeles in order to figure out his life while he housesits for his brother, and he soon sparks with his brother's assistant.",/m1eogNKqXzZgFu0juVLcWMdMotV.jpg
795,City of Angels,"When guardian angel Seth -- who invisibly watches over the citizens of Los Angeles -- becomes captivated by Maggie, a strong-willed heart surgeon, he ponders trading in his pure, otherworldly existence for a mortal life with his beloved. The couple embarks on a tender but forbidden romance spanning heaven and Earth.",/dMvup91Svpns2SfCtZ4jiSFiouV.jpg
54794,Heartlands,"Gentle Colin 'Col' Lawes happily lead a quiet life, running a news agency with his soiled-rotten wife Sandra and playing competition darts in the Atletic Arms team. Colin catches her committing adultery with team captain Geoff, a cop, who pretends Colin abused her. Col is thrown off the team just after it qualified for the league finals in Blackpool. He decides to travel there alone, hoping to win her back. The adventurous journey feels like the start of a more playful life.",/wl1fPkkSJ6sBqtR1ADa29GlTtNd.jpg
31694,Trouble in Mind,"The lives of an ex-con, a coffee-shop owner, and a young couple looking to make it rich intersect in the fictional and hypnotic Rain City.",/qSQCHJU2eIDssIpHLjI4JocGPFq.jpg
55192,Tokyo Twilight,"Two sisters find out the existence of their long-lost mother, but the younger cannot take the truth of being abandoned as a child.",/r0KOLETEygpEQZo46IbcrrEpB00.jpg
12721,"No Retreat, No Surrender","Young Jason Stillwell (Kurt McKinney) moves with his parents to Seattle, where local bullies harass them without mercy. Jason's father Tom (Tim Baker) does not believe in violence, so the family takes it on the chin. One day Jason enrolls in a martial arts class and quietly rises in rank to be a major contender. His mettle is tested in an international match against Ivan, a Russian champion.",/cOUvF7SgljMXevnQVLYWHpwxEh7.jpg
3031,Island of Lost Souls,"An obsessed scientist conducts profane experiments in evolution, eventually establishing himself as the self-styled demigod to a race of mutated, half-human abominations.",/hRuzYPzmYB78ASamMP7vsTO0zhd.jpg
65002,The Circle of Deceit,Georg Laschen leaves his family in West Germany to go work as a war correspondent in Beirut during the fights between Christians and Palestinians.,/qY8xdH0ND2dy2pASCGgDtAQ4AIv.jpg
296104,I Was an Adventuress,"Posing as the fabulously glamorous Countess Tanya Vronsky, a poor young ballet dancer (Vera Zorina) and her two accomplices (Peter Lorre, Erich von Stroheim) are really a team of skilled con artists! They mingle with Europe's high society, always looking for the next wealthy victim to fleece with their fake jewellery scam... Then Tanya meets the dashing young Paul Vernay (Richard Greene). At first she wants to rob him. Then she decides she wants to marry him and to leave her criminal past behind her. Her accomplices agree but only if she'll join them in one last, big swindle...",/dz8itzMMNAZz6JxLF6fEEoLGpw.jpg
849,Krull,A prince and a fellowship of companions set out to rescue his bride from a fortress of alien invaders who have arrived on their home planet.,/xini4pJHApNdYO1go39BmIvBdLT.jpg
111239,Edge,"A hotel. A cliff. Six lost people, looking for something, or looking to lose themselves.",/LIv5rHFgoh8H2NQXjfyxR62YYV.jpg
9482,Judge Dredd,"In a dystopian future, Dredd, the most famous judge (a cop with instant field judiciary powers) is convicted for a crime he did not commit while his murderous counterpart escapes.",/r17S4XlQ3Jq5U1KRovFUwU8P4aG.jpg
31608,Three Fugitives,"On his first day after being released from jail for 14 armed bank robberies, Lucas finds himself caught up in someone else's robbery. Perry has decided to hold up the local bank to raise money so that he can keep his daughter, Meg, and get her the treatment she needs. Dugan, a detective, assumes Lucas helped plan the robbery, and hence Lucas, Perry and Meg become three fugitives.",/3cFnR5TtxUNvMJ1vBYupJxlitfu.jpg
1969,Bandidas,"Set in the late 19th century. When a ruthless robber baron takes away everything they cherish, a rough-and-tumble, idealistic peasant and a sophisticated heiress embark on a quest for justice, vengeance…and a few good heists.",/6WnSdouYhXDowg9NrKY2fSV5o1W.jpg
104896,A Dog Of Flanders,"Poor but happy, young Nello and his grandfather live alone, delivering milk as a livelihood, in the outskirts of Antwerp, a city in Flanders (the Flemish or Dutch-speaking part of modern-day Belgium). They discover a beaten dog (a Bouvier, a large sturdy dog native to Flanders) and adopt it and nurse it back to health, naming it Patrasche, the middle name of Nello's mother Mary, who died when Nello was very young. Nello's mother was a talented artist, and like his mother, he delights in drawing, and his friend Aloise is his model and greatest fan and supporter.",/w65gcoD1zwmaPLM0gM8s9eynGcj.jpg
82103,"Me, You, Them","A true story that comically depicts the relationship between an ordinary woman and her three husbands, who live in the same house in a poor and arid small village of the Brazilian northeast.",/vyChqgIBKqvmQGwAnSJ2NLNhwjw.jpg
19972,The 300 Spartans,"Essentially true story of how Spartan king Leonidas led an extremely small army of Greek Soldiers (300 of his personal body guards from Sparta) to hold off an invading Persian army now thought to have numbered 250,000.",/4efZl9XgGOLLDbwe1nFe2qLd71g.jpg
24381,The Titfield Thunderbolt,"When British Railways announce the closure of the Titfield to Mallingford branch line a group of local residents make a bid to run it themselves, backed by a monied member of the community who is attracted by the complete lack of licensing hours on trains. Unfortunately the local bus company starts to use methods that can hardly be seen as fair competition.",/LFDeFGThYA8EUQB6BK8fjRx255.jpg
9428,The Royal Tenenbaums,An estranged family of former child prodigies reunites when their father announces he has a terminal illness.,/sNlz540u565f0fGK6CB0379cIJE.jpg
53879,Love Is a Many-Splendored Thing,A widowed doctor of both Chinese and European descent falls in love with a married American correspondent in Hong Kong during China's Communist revolution.,/wpU8B9Mm3AsT7fY1gBOXjWoCkFI.jpg
15392,Crossroads,Cult classic starring Ralph Macchio as a want-to-be blues guitar virtuoso who seeks a long-lost song by legendary musician Robert Johnson.,/n0Nv4sO2fLDqJQNASnCl5tlrMvB.jpg
36522,Private Hell 36,"Two LA detectives get in over their heads when they get involved with a nightclub singer who holds the key to the missing loot from a New York elevator robbery. Once they find the money, they are tempted to keep it and betrayal and corruption come to run the order of things.",/w8KcfSqGSc07qeeLCmuyZUVJ30g.jpg
709,Licence to Kill,James Bond and his American colleague Felix Leiter arrest the drug lord Sanchez who succeeds in escaping and takes revenge on Felix and his wife. Bond knows but just one thing: revenge.,/27EySoBH3oBuI6xat2QOquB9X8j.jpg
21028,Moscow Does Not Believe in Tears,"This is a life story of three girlfriends from youth to autumn ages. Their dreams and wishes, love, disillusions...",/g9DaVMYJMm3Tzv9SPjlg6yrx8bH.jpg
79519,Shades of Ray,"American-born Ray Rehman comes home one night to find his Pakistani father on his doorstep. Ray's Caucasian mother threw him out. It's an awkward time for his father to move in as Ray just proposed to his Caucasian girlfriend - who hasn't given him an answer. While trying to get his parents back together, Ray meets a South Asian girl of mixed descent, just like him, and must decide where his identity truly lies.",/gobt3iRO1JGAxQ9pDBV5ru2yR07.jpg
16241,The Boys from Brazil,Nazi hunter Ezra Lieberman discovers a sinister and bizarre plot to rekindle the Third Reich.,/9fwAXB7cal1K0LQLzFvDTkl9MZP.jpg
22326,Forbidden Fruit,Two 18-year old girls from a christian fundamentalist community flee to a city for a summer job.,/ikhadxv6T4lAJeWdBRpkjhdPmIT.jpg
18029,Dying Breed,"In the depths of the Tasmanian wilderness a group of hikers looking for a Tasmanian Tiger. They encounter a group of cannibals descended from Alexander Pearce, who was hung for cannibalism in 1824, out to find fresh breeding stock.",/9PV0U0WXBzM6G48XuXT97d7FWB9.jpg
36814,The Street with No Name,"After two gang-related killings in ""Center City,"" a suspect (who was framed) is arrested, released on bail...and murdered. Inspector Briggs of the FBI recruits a young agent, Gene Cordell, to go undercover in the shadowy Skid Row area (alias George Manly) as a potential victim of the same racket. Soon, Gene meets Alec Stiles, neurotic mastermind who's ""building an organization along scientific lines."" Stiles recruits Cordell, whose job becomes a lot more dangerous",/tlPZ8S8f2INcyvLjI8tgRUZgZz1.jpg
84847,Cinderella Liberty,A lonely Navy sailor falls in love with a hooker and becomes a surrogate father figure for her son during an extended liberty due to his service records being lost.,/xjRlKLNVxhbARITazWV7P8fWz2u.jpg
21851,The Lost,"Kevin, an American psychiatrist has just entered the bestseller list books. During the recent book promotion tour he meets a sister of a former patient he committed to a mental institution in Spain. She asks if he will visit her sister, as her current carers have given up on helping her. His return to the city that once he had lived and worked reawakens subconscious memories of the hidden history ... he begins to remember.",/zlghZQ04FJ0ykVCh2tmGEr04XH.jpg
14224,E=mc²,"The film tells about mainly three people - Max, a bored, smart, poor University Professor of Philosophy; Ramzes, a mafia leader, cool, strong, merciless bully and Stella, Ramzes girlfriend.",/y7vOChFfQhwZkZB0nQEsjU941RH.jpg
24746,Six-String Samurai,"In a post-apocalyptic world where the Russians have taken over a nuked USA and Elvis is king of Lost Vegas, Buddy is a '50s rocker and wandering warrior rolled into one, too-cool package. Armed with his six-string in one hand and his sword in the other, Buddy is on his way to Vegas to succeed Elvis as King. Along the way, he saves an orphan who decides to tag along.",/8uTLYIaRBx1xZ1WXO5ksuAmqTW7.jpg
22584,To Have and Have Not,A Martinique charter boat skipper gets mixed up with the underground French resistance operatives during WWII.,/f08VziHiblKKcGxjNSIOcs4AJX0.jpg
12225,Cashback,"After a painful breakup, Ben develops insomnia. To kill time, he starts working the late night shift at the local supermarket, where his artistic imagination runs wild.",/rXzlyFeZkpwFMd8lCrOHpjfM4VL.jpg
76568,The Sheepman,"A stranger in a Western cattle-town behaves with remarkable self-assurance, establishing himself as a man to be reckoned with. The reason appears with his stock: a herd of sheep, which he intends to graze on the range. The horrified inhabitants decide to run him out at all costs",/bVTraw4ZFsp4a5DpFm1gIVvZ55r.jpg
155,The Dark Knight,"Batman raises the stakes in his war on crime. With the help of Lt. Jim Gordon and District Attorney Harvey Dent, Batman sets out to dismantle the remaining criminal organizations that plague the streets. The partnership proves to be effective, but they soon find themselves prey to a reign of chaos unleashed by a rising criminal mastermind known to the terrified citizens of Gotham as the Joker.",/1hRoyzDtpgMU7Dz4JF22RANzQO7.jpg
119094,Lucky Jordan,A gangster (Alan Ladd) escapes from boot camp with a canteen girl (Helen Walker) and finds his gang's new boss (Sheldon Leonard) helping Nazi spies.,/lsrVhHi7SpMDh6BTkQhbXHQYKdw.jpg
123056,Desert Bloom,"The story involves Rose Chismore's youth. She flashes back and remembers her coming-of-age. Her recollections are sometimes less than sweet, particularly those of her troubled and alcoholic step-father. Her memories of Robin, her first-love, are much happier and she also recalls her colorful Aunt Starr -- who's visit is fun but also detrimental to her family's health. The setting of 1950s Las Vegas' bomb testing is increasingly significant to the development of the story.",/dpt2v32ZBe6QYd9UaHyph1HFhXe.jpg
16606,Attack the Gas Station!,"A quartet of disaffected Korean youths have robbed a Seoul gas station. After taking the gas station over, their wacky antics ensue; forcing the manager to sing, kidnapping customers that complain about the service, and staging fist-fights between street gang members and gas station employees; all of these reflect their own gripes against society.",/hPytSVUREQlEvIZtxpCNi2zxotY.jpg
4982,American Gangster,"Following the death of his employer and mentor, Bumpy Johnson, Frank Lucas establishes himself as the number one importer of heroin in the Harlem district of Manhattan. He does so by buying heroin directly from the source in South East Asia and he comes up with a unique way of importing the drugs into the United States. Based on a true story.",/uDSP5H5akJ85xMGSHRtaqHGBRLD.jpg
11423,Memories of Murder,"1986 Gyunggi Province. The body of a young woman is found brutally raped and murdered. Two months later, a series of rapes and murders commences under similar circumstances. And in a country that had never known such crimes, the dark whispers about a serial murderer grow louder. A special task force is set up in the area, with two local detectives Park Doo-Man and Jo Young-Goo joined by a detective from Seoul who requested to be assigned to the case.",/gawnVe9cFowdoDLo9Pok12NTw39.jpg
52826,Nothing Lasts Forever,"An artist fails a test and is required to direct traffic in New York City's Holland Tunnel. He winds up falling in love with a beautiful woman, who takes him to the moon on a Lunar Cruiser.",/kEbEySR5MTpVEU1F69hEidDfCNQ.jpg
11572,Kaena: The Prophecy,"Compelled by a mysterious force, Kaena, a rebellious, high-spirited teenage girl will defy the High Priest and her people's ancestral beliefs to take the perilous journey through the Axis and discover what dark secrets lie beyond the clouds.",/q1UatRshBG9HmeJ6hk8xaM1sM95.jpg
3021,1408,"A man who specializes in debunking paranormal occurrences checks into the fabled room 1408 in the Dolphin Hotel. Soon after settling in, he confronts genuine terror.",/4onX7UF2MPUgIpkUerLC3dpVfNZ.jpg
73247,Heartbeeps,Heartbeeps stars Andy Kaufman and Bernadette Peters as domestic robots who fall in love and run off together.,/aBbjWJRU0NEAlg7cjf2nesGaLN.jpg
4614,The Sum of All Fears,"When the president of Russia suddenly dies, a man whose politics are virtually unknown succeeds him. The change in political leaders sparks paranoia among American CIA officials, so CIA director Bill Cabot recruits a young analyst to supply insight and advice on the situation. Then the unthinkable happens: a nuclear bomb explodes in a U.S. city, and America is quick to blame the Russians.",/k3ZJrGAccBocurYccRyD3aP6ltV.jpg
41966,Pin,"A doctor has a lifelike, anatomically-correct medical dummy, with muscles and organs visible through its clear skin, named Pin (after Pinocchio). Via ventriloquism, Pin explains bodily functions in a way kids can relate to. When the over-strict doctor and his wife are killed in a car crash, his son (Leon) transfers his alter-ego into Pin, whom he always believed was alive. He starts using Pin as an excuse to over-protect his sister (Ursula) from admirers and deflect unwanted intrusions, even to the extent of committing murder.",/7HcNDVQooAnsbd955GEyUIEX43P.jpg
657,From Russia with Love,"Agent 007 is back in the second installment of the James Bond series, this time battling a secret crime organization known as SPECTRE. Russians Rosa Klebb and Kronsteen are out to snatch a decoding device known as the Lektor, using the ravishing Tatiana to lure Bond into helping them. Bond willingly travels to meet Tatiana in Istanbul, where he must rely on his wits to escape with his life in a series of deadly encounters with the enemy",/fvIG285JwenrV1K6kVASi1TECJ0.jpg
86838,Seven Psychopaths,A struggling screenwriter inadvertently becomes entangled in the Los Angeles criminal underworld after his oddball friends kidnap a gangster's beloved Shih Tzu.,/3Zs6Ne6QAEOzQRz85VToH8ml6ab.jpg
8390,"Definitely, Maybe","When Will decides to tell his daughter the story of how he met her mother, he discovers that a second look at the past might also give him a second chance at the future.",/26U9CeCwH63P0n4jrYnhxnlfKWs.jpg
21544,Hope Springs,"British artist Colin Ware discovers that his fiancée, Vera, is going to marry another man. Distraught and despondent, he gets on a plane for America and ends up in the tiny town of Hope in New England. At first, Colin is depressed, but he soon finds more than a shoulder to cry on when his innkeepers introduce him to Mandy, a beautiful nurse. All's going well and Colin has almost forgotten his old flame until Vera shows up with a surprise of her own.",/rdNR6qxIorbHNtPtTSvRuyIOyyg.jpg
10138,Iron Man 2,"With the world now aware of his dual life as the armored superhero Iron Man, billionaire inventor Tony Stark faces pressure from the government, the press and the public to share his technology with the military. Unwilling to let go of his invention, Stark, with Pepper Potts and James 'Rhodey' Rhodes at his side, must forge new alliances – and confront powerful enemies.",/ArqpkNYGfcTIA6umWt6xihfIZZv.jpg
114060,Me and the Colonel,"Jacobowsky, a Jewish refugee, flees from the Nazis with an aristocratic, anti-semitic Polish officer trying to get papers to England. Jurgens learns to appreciate Jacobowsky, despite their competition for the same woman, and together they outwit their pursuers",/ujXBQVc1ilXupbcIxS9Ai8HYr2d.jpg
70636,Ghost from the Machine,"Wildly grief-stricken over the accidental death of his parents, young techno-geek Cody (Sasha Andreev) cobbles together an electrical device that he hopes will bring the spirits of mom and dad back from beyond the grave. But the machine's power and Cody's deepening obsession threaten the safety of his only remaining family: his younger brother, James (Max Hauser). Matt Osterman directs this ghostly sci-fi thriller that also stars Matthew Feeney.",/luGKPmgYStZ9lVcAUMrA6RpL7Yz.jpg
12663,Red Scorpion,"A Russian KGB agent is sent to Africa to kill an anti-Communist black revolutionary. However, he has a change of heart when he sees how the Russians and their Cuban allies are killing and repressing the locals, so he switches sides and helps the rebels.",/vAOaT9nyh1IMrXm0AkWgbbiSqad.jpg
18165,The 24th Day,Tom and Dan's one-night stand turns into an intense power-play between captor and captive.,/md5oeybkAP5nawhWOm0xvhh5EXd.jpg
44625,Dead Man's Curve,Two roommates plan to kill a third to take advantage of college policy giving a 4.0 grade to a suicide's roommates.,/rgWCi3CB6oTte8e9Iu8S1auxXUy.jpg
11866,Flight of the Phoenix,"When an Amacor oil rig in the Gobi Desert of Mongolia proves unproductive, Captain Frank Towns and copilot ""A.J."" are sent to shut the operation down. However, on their way to Beijing, a major dust storm forces them to ditch their C-119 Flying Boxcar in an uncharted area of the desert.",/qecorw3Y4UtHabV0pskpvbJylms.jpg
2009,"4 Months, 3 Weeks and 2 Days","Gabita is pregnant, abortion is strictly forbidden in Romania during the communist regime. Despite this it is common practice and Gabita wants an abortion. The movie follows her and her friend Otilia during the day she has made the appointment with Mr. Bebe to have the abortion.",/wVRKGg1lDcS43vyq5ejKtGE5UZA.jpg
9761,Elephants Dream,"Emo and Proog are on a journey in the folds of a giant Machine, exploring the twisted and dark complex of wires, gears and cogs. Until one moment a conflict arises that throws out all their assumptions. This is the world's first open source movie, created using the FOSS program Blender.",/HjwEbOrWv12lNg0IPCX543ZDb0.jpg
85365,Tony Arzenta,"A mob hitman wants to retire, but his bosses don't think that's a good idea. Complications--and many bloody shootouts-ensue.",/fY5X31sgEFShFEr4SnjKosgmkRl.jpg
39893,The Nanny,"Ten-year-old Joey returns home from the special school he has attended since killing his baby sister. But at home he creates a terrible fuss, moving from the bedroom Nanny has prepared to one with a strong lock, refusing to eat anything Nanny cooks and adamant that Nanny shall not come near him. He even accuses Nanny of trying to kill him! Poor sweet, kindly Nanny, who single-handedly runs the Fane household? Obviously William is still highly disturbed and dangerous or is he?",/yF4uBP1mEcnyVTxxBHLcKrZzra9.jpg
61488,Foo Fighters: Back and Forth,"FOO FIGHTERS BACK AND FORTH chronicles the 16 year history of the Foo Fighters: from the band's very first songs created as cassette demos Dave Grohl recorded during his tenure as Nirvana's drummer, through its ascent to their Grammy-winning, multi-platinum, arena and stadium headlining status as one of the biggest rock bands on the planet.",/s0gtjFClqcydcLrLxTeSeLM0Tw9.jpg
50091,Boys Life 2,"Compilation of four short films about homoerotic situations involving young men. In ""Trevor"", by Peggy Rajski, a teenager faces homophobia and falls in love for the first time. Tom DeCerchio directed ""Nunzio's Second Cousin"", telling the story of a gay cop who forces a gay-basher to come to his house and have dinner with his family. In ""Alkali, Iowa"", by Mark Christopher, a young gay man finds out some of his father's past secrets. And ""Must Be the Music"", by Nickolas Perry, follows four teenagers looking for love in nightclubs.",/rrpIZTcOKpC27yYUzfw5yAgwBfX.jpg
10337,Bugsy,"New York gangster Ben 'Bugsy' Siegel takes a brief business trip to Los Angeles. A sharp-dressing womanizer with a foul temper, Siegel doesn't hesitate to kill or maim anyone crossing him. In L.A. the life, the movies, and most of all strong-willed Virginia Hill detain him while his family wait back home. Then a trip to a run-down gambling joint at a spot in the desert known as Las Vegas gives him his big idea.",/5G74G5xwovCa6V3FoLxQHkrNViR.jpg
43715,The Deadly Mantis,"The calving of an Arctic iceberg releases a giant praying mantis, trapped in suspended animation since prehistoric times. It first attacks military outposts to eat their occupants, then makes its way to the warmer latitudes of Washington and New York. A paleontologist works together with military units to try to kill it. (copied from IMDB)",/k7iUnaelPU5kwEEVZV7xW7fvFIS.jpg
27079,High Roller: The Stu Ungar Story,"Based on the true story of the rise and fall of poker legend Stu ""The Kid"" Ungar.",/bOPvntl8GRavuMIOTOVzeeoFBRj.jpg
11412,The Long Kiss Goodnight,"Samantha Caine, suburban homemaker, is the ideal mom to her 8 year old daughter Caitlin. She lives in Honesdale, PA, has a job teaching school and makes the best Rice Krispie treats in town. But when she receives a bump on her head, she begins to remember small parts of her previous life as a lethal, top-secret agent",/4MENR8x6mYqnZvp2hGjSaPJz64J.jpg
30365,An Unreasonable Man,"An Unreasonable Man is a 2006 documentary film that traces the life and career of political activist Ralph Nader, the founder of modern consumer protection. The film examines Nader's advocacy for auto safety features, such as federally mandated seat belts and air bags, as well as his rise to national prominence following an invasion of privacy lawsuit against General Motors.",/zcETXMn3tl0FgyCJn6DHralJcvg.jpg
12573,A Serious Man,"A Serious Man is the story of an ordinary man's search for clarity in a universe where Jefferson Airplane is on the radio and F-Troop is on TV. It is 1967, and Larry Gopnik, a physics professor at a quiet Midwestern university, has just been informed by his wife Judith that she is leaving him. She has fallen in love with one of his more pompous acquaintances Sy Ableman.",/kCl9WXR7LOqDTEU3XUX8ssUETQR.jpg
20567,Sex and Fury,"Sex & Fury chronicles Ocho's exploits as she searches for her father's killers, each identified by unique tattoos on their backs (a deer, a boar, and a butterfly). Along the way, she also crosses paths with Shonusuke, a radical set on murdering prominent politician Kurokawa and Christina, an American spy posing as a gambler.",/iSltAue1nFGXpjaxvhzNOCHUqEt.jpg
41464,Europe '51,"Is a provocative, haunting, and compassionate examination of the isolating and often misunderstood path of personal redemption and spiritual service in contemporary society. Composed of alternating sequences of daytime and nighttime episodes, the film presents a recurring visual dichotomy that illustrates the polarizing division between wealth and poverty, spirituality and materialism, vanity and humility, selfishness and benevolence.",/nIg0o6SfdbO0uKZnZsW0V8qP5A9.jpg
25795,Thieves,"The main character is a nameless boy (Juan Jose Ballesta) who was taught to steal wallets by his absent mother. He is able to do the trick effortlessly, using his ""earnings"" to survive while he looks for his mom. As he runs into an antique store owner, he might have found a trace that will lead to her. First, however, he will have to pull off a few ""jobs"" for the store owner, and he can't do it alone: enter a nameless girl (Maria Valverde) who gets to learn all the secret techniques the young boy has been using all his life.",/zPlDohzB9jWdcVRcn1tmsoUuo5B.jpg
91913,Volcano,Hannes is an old man who has grown apart from his children. Recently retired when his wife gets ill he tries to reconcile with them and to atone for his cold demeanor in the past.,/axxkhk0uw9uMZsqDYuJXrWEs3il.jpg
3600,I Still Know What You Did Last Summer,"Unfinished business with coed Julie James brings the murderer to the Bahamas to terrorize her and her friends, Karla, Tyrell and Will, during a vacation. Can Ray Bronson who survived a bloody attack alongside Julie two summers ago, get to the island in time to save everyone?",/j4s1TK90tZWZj7lQ84UDJXHI9Kh.jpg
27904,Syndromes and a Century,"A Buddhist meditation on the mysteries of love and attraction, the workings of memory, and the ways in which happiness is triggered.",/4YSHSrehFsCkn3Lj43yWdjtFkVC.jpg
14931,Miami Blues,"When Fred gets out of prison, he decides to start over in Miami, where he starts a violent one-man crime wave. He soon meets up with amiable college student Susie. Opposing Fred is Sgt Hoke Moseley, a cop who is getting a bit old for the job, especially since the job of cop in 1980's Miami is getting crazier all the time.",/vgNn0b7dkP8fnsxG9dCFdL9OM96.jpg
15513,Kissing a Fool,"Max (David Schwimmer), an alpha-male commitment-phobic sports broadcaster, and Jay (Jason Lee), a neurotic novelist, have been best friends since childhood. Jay sets Max up with his editor Samantha (Mili Avital). Although they share few interests, they are engaged within two weeks. Still, when Max is confronted with the fact that Sam will be the last woman he will sleep with, he proposes a test. Jay will hit on Sam. If she shows no interest, then Max will be confident enough in her loyalty to go ahead with the marriage. Though when Jay hits on Sam, they end up falling in love with each other.",/kKGa9yhsHG3kf9fhfHNrqaJbNJg.jpg
25648,Time,"To save her relationship, a woman puts herself through extensive plastic surgery.",/5NNAvZ7NrV9PnQgarMuaTyGIbxS.jpg
976,Sweet Smell of Success,"New York City newspaper writer J.J. Hunsecker holds considerable sway over public opinion with his Broadway column, but one thing that he can't control is his younger sister, Susan, who is in a relationship with aspiring jazz guitarist Steve Dallas. Hunsecker strongly disproves of the romance and recruits publicist Sidney Falco to find a way to split the couple, no matter how ruthless the method.",/dZBi7DSd3zjraZY1mxYeI5JohOr.jpg
161006,Praying With Lior,"Praying with Lior asks whether someone with Down syndrome can be a spiritual genius. Many believe Lior is close to God -- at least that's what his family and community believe -- though he's also a burden, a best friend, an inspiration and an embarrassment, depending on who is asked and when. As this documentary moves to its climax, Lior must pass through the gateway to manhood - his Bar Mitzvah.",/3zySwEK2eAmbHw9IHalnUhEgzNN.jpg
2309,Inkheart,"The adventures of a father and his young daughter, in their search for a long lost book that will help reunite a missing, close relative.",/3yIVMwPDrWLeZ8fJ5HLbGWnCz9f.jpg
61651,And God Created Woman,"In this variation on director Vadim's own, more acclaimed Et Dieu Créa La Femme (1956, the same title in French), the vamp Robin Shea marries charming carpenter Billy Moran, only to get out of prison, but soon decides to seduce James Tiernan, who runs for state governor.",/5ZU9BtYNRk2FI7jemMy1bVZkB4y.jpg
434306,Going to Kansas City,"An exchange student from Finland arrives in Kansas City. He is expecting to spend a year in the city, but ends up living on a farm in a small town. He falls in love with the sheriff’s daughter and soon finds himself in trouble.",
30529,The Truce,"Although liberated from Auschwitz on January 27, 1945, Levi did not reach Turin until October 19 of that year. After spending some time in a Soviet camp for former concentration camp inmates, he embarked on an arduous journey home in the company of Italian former prisoners of war from the Italian Army in Russia. His long railway journey home to Turin took him on a circuitous route from Poland, through Russia, Romania, Hungary, Austria and Germany.",/6HTuCZddcrvcOSBq51vt7QIlM0T.jpg
56761,Reagan,"Based on the story of Americas enigmatic career of one of the revered architects of the modern world - icon, screen star, and two-term president, Ronald Reagan.",/l2FqtoTE5naPO6mSSoQ7sSCvilT.jpg
26108,Stage Beauty,"Humble Maria, who outfits top London theater star Ned Kynaston, takes none of the credit for the male actor's success at playing women. And because this is the 17th century, Maria, like other females, is prohibited from pursuing her dream of acting. But when powerful people support her, King Charles II lifts the ban on female stage performers. And just as Maria aided Ned, she needs his help to learn her new profession.",/tBzAWltVOWTpw4KNFd6dz02PhqV.jpg
35019,Nanny McPhee and the Big Bang,"Nanny McPhee appears at the door of a harried young mother, Mrs. Isabel Green, who is trying to run the family farm while her husband is away at war. But once she’s arrived, Nanny McPhee discovers that the children are fighting a war of their own against two spoiled city cousins who have just moved in. Relying on everything from a flying motorcycle and a statue that comes to life to a tree-climbing piglet and a baby elephant, Nanny uses her magic to teach her mischievous charges five new lessons.",/yBNytVM6U3godvMcwcOQWOvL0f.jpg
48954,The 'Maggie',"The poor, elderly,.....and wily when it comes to parting those who can afford it from their money.....Scottish skipper of a broken-down old 'puffer' boat (Alex Mackenzie) tricks an American tycoon into paying him to transport his personal cargo. When the aforementioned tycoon (Paul Douglas) learns of the trick, he attempts to track down the boat and remove his possessions.  Released in the United States as ""High and Dry"".",/fMepZ6WZ8j3ts2estQvKYcpWwQL.jpg
37233,The Firm,"Mitch McDeere is a young man with a promising future in Law. About to sit his Bar exam, he is approached by 'The Firm' and made an offer he doesn't refuse. Seduced by the money and gifts showered on him, he is totally oblivious to the more sinister side of his company. Then, two Associates are murdered. The FBI contact him, asking him for information and suddenly his life is ruined. He has a choice - work with the FBI, or stay with the Firm. Either way he will lose his life as he knows it. Mitch figures the only way out is to follow his own plan...",/ykoBRyHWvP3akdo98UcIxWAHXeu.jpg
10735,What a Girl Wants,"An American girl, Daphne, heads to Europe in search of the father she's never met. But instead of finding a British version of her bohemian mother, she learns the love of her mom's life is an uptight politician. The only problem now is that her long-lost dad is engaged to a fiercely territorial social climber with a daughter who makes Daphne's life miserable.",/ctYovWPdo7AYgYsLRR8WsNsRa2T.jpg
20511,Chronicles,"A suspense thriller about a reporter from Miami who travels to Ecuador in pursuit of a serial killer known as the ""Monster of Babahoyo.""",/sq8Yz3iIuAcuiKsIErvjeBSghkm.jpg
5608,"The Nibelungs, Tale 1: Siegfried",A young hero defeats a dragon to find acceptance to the court of burgundy.,/lCwGPS11SRBzdASdlb7L1PSmEUr.jpg
73116,Brimstone & Treacle,A strange young man has a sinister effect on the family of a middle-aged writer.,/zU5MYU4kNNau04kvJD7Ezq2lGDZ.jpg
362758,Seven Brothers,Based on a novel by Aleksis Kivi. Tells the growth story of seven brothers of Jukola in 19th century Finland.,/zrzMSalNXqURyKZmBOeFzvorl2i.jpg
8285,The Spirit,"Down these mean streets a man must come. A hero born, murdered, and born again. When a Rookie cop named Denny Colt returns from the beyond as The Spirit, a hero whose mission is to fight against the bad forces from the shadows of Central City, the Octopus who kills anyone unfortunate enough to see his face who has other plans. He's going to wipe out the entire city.",/4TlzgL6yW9zI4Y0rGY0LjpmWWKJ.jpg
36489,Bride of the Monster,Dr. Varnoff captures twelve men for his experiment: to turn them into supermen using atomic energy. Newspaperwoman Lawton gets too snoopy for her own good.,/sV4aImhMlxfd2ncomtxFAns3RC8.jpg
20606,Doghouse,Six men with mid-life anxiety set out for a weekend in the country in an attempt to reconnect with their masculinity. What they find is a catastrophe so horrible and bizarre that a mid-life crisis turns out to be exactly what they need to survive it...,/vuSBoB8aJgGy312z1kV9yiaMdje.jpg
70875,The Harvest (La Cosecha),The story of the children who work 12-14 hour days in the fields without the protection of child labor laws. These children are not toiling in the fields in some far away land. They are working in America.,/6btGmzZzHJm4nS7cafJDKjBX8GN.jpg
54723,Only Two Can Play,"John Lewis is bored by his librarian's job and henpecked at home. Then Liz, wife of a local councillor, sets her sights on him. But this is risky stuff in a Welsh valleys town - if he and Liz ever manage to consummate their affair, that is.",/lyGbBjmLR56To2aEsX3cFx9QFmI.jpg
57406,Leonard Cohen: I'm Your Man,"Poet, singer / songwriter and ladies man Leonard Cohen is interviewed in his home about his life and times. The interview is interspersed with archive photos and exuberant praise and live perfomances from an eclectic mix of musicians, including: Jarvis Cocker, Rufus &amp; Martha Wainwright, Teddy Thompson, Antony Hegarty, The Handsome Family and U2's Bono and The Edge.",/lKIAlEp6XVqBPMVTzJ6Rxs15Jgp.jpg
20712,Whore,This melodrama investigates the life of a prostitute in a pseudo-documentary style.,/fDXWcIf5EiJdKM1tPGw4JSufUi7.jpg
56809,Coming Down The Mountain,"An original drama by novelist Mark Haddon about two teenage brothers: angst-ridden David and Ben, who has Downs Syndrome.",/3jxRYbNq32ivdW7xeff7cUAe7Z9.jpg
123833,Possible Loves,"Fifteen year ago, Carlos went to the cinema to meet Júlia, his university colleague with whom he was in love. She never showed up. Carlos was left waiting in the lobby alone. While he waits, something happens which will change his life. A scene, an encounter, an unfinished sentence... Something insignificant, but which will determine the character's life. Fifteen years later, we follow three completely different versions of Carlos's life. In one, he is a man divided between the stability of a secure life in a lukewarm marriage, and the growing desire to live a great love affair. In the second, he is homosexual and places passion above all else. In the third possible life, Carlos is a man who hasn't yet discovered love, and lives through successive disastrous relationships in search of the perfect woman. One of them is his real life. Another is not his life. And a third is the life he'd like to lead. Which is his true life ?",/iN0SuzK4GrHYvrSIKv4oUGrzDsy.jpg
613,Downfall,"In April of 1945, Germany stands at the brink of defeat with the Russian Army closing in from the east and the Allied Expeditionary Force attacking from the west. In Berlin, capital of the Third Reich, Adolf Hitler proclaims that Germany will still achieve victory and orders his generals and advisers to fight to the last man. When the end finally does come, and Hitler lies dead by his own hand, what is left of his military must find a way to end the killing that is the Battle of Berlin, and lay down their arms in surrender.",/2QmpblYvUThzBQ4ArdT1Kp43DZi.jpg
10168,The Freshman,"Clark Kellogg is a young man starting his first year at film school in New York City. After a small time crook steals all his belongings, Clark meets Carmine ""Jimmy the Toucan"" Sabatini, an ""importer"" bearing a startling resemblance to a certain cinematic godfather. When Sabatini makes Clark an offer he can't refuse, he finds himself caught up in a caper involving endangered species and fine dining.",/2eaT2OzTNqmyZ7sBKeOaVkDkyek.jpg
5683,Pee-wee's Big Adventure,"The eccentric and childish Pee-wee Herman embarks on a big adventure when his beloved bicycle is stolen. Armed with information from a fortune-teller and a relentless obsession with his prized possession, Pee-wee encounters a host of odd characters and bizarre situations as he treks across the country to recover his bike.",/fg6E0mZs6qCiyEAYdChR6xQ0Yz0.jpg
12268,The Pink Panther Strikes Again,"Now seriously mentally ill after working with Clouseau for such a long time, Inspector Dreyfus escapes from the mental asylum he was being held in and vows to destroy Clouseau forever. He kidnaps an eminent scientist and forces him to build a machine capable of destroying the world, with the intention of doing so unless Clouseau is delivered to him.",/vS1EOmMHeGWkoYlCDVQWGN4glaD.jpg
86483,Big Bad Mama II,"It's 1934, and the evil local land baron forecloses on Angie's place, and she and her two daughters must leave and continue their life of crime. A reporter witnesses their heist of a bank, and helps them become folk legends by writing a story about them. After a time the evil land baron wants to run for governor, and Angie and her daughters kidnap his son and turn him into a gangster in order to discredit his father and his run for governor.",/a6f58PSferZc0KeoZoxoeAwlG1a.jpg
73921,Plans for Tomorrow,"Three stories intertwined which occur in a single day. The day Ines discovers she is pregnant, Antonia decides to abandon her family and Marian realizes she is going to die.",/zCjtbvm4fvjhYKZGjKDAFxwPe93.jpg
57330,Chameleon,"While cleaning offices at night, Zsolt Kovàcs learns a lot about his invisible employers by examining what they leave behind, carefully choosing his targets, often disillusioned women whom he seduces, methodically taking their money. An artist of manipulation, with a generous dose of humor and the ability to assume different personalities, Zsolt begins to work in a psychologist's practice, where he meets Hanna, a 30 year-old dancer who is physically incapacitated and the daughter of a millionaire. The ideal victim if love doesn't get in the way.",/3QaElBl2N7EWwK6wiaQzmvV0Iw1.jpg
27181,The Phantom,"Sergio is a brooding, alienated man who works as a trash collector in Lisbon by day and roams the city streets by night seeking rough, anonymous sex with men. One night he meets an man who seems to be the embodiment of his tormented fantasies, and he becomes obsessed with the stranger until loneliness and unfulfilled desire propel him finally into a dark and dangerous animalistic state.",/wskO2QDSfP2BB3M760akliVbw01.jpg
336,"Duck, You Sucker","At the beginning of the 1913 Mexican Revolution, greedy bandit Juan Miranda and idealist John H. Mallory, an Irish Republican Army explosives expert on the lam from the British, fall in with a band of revolutionaries plotting to strike a national bank. When it turns out that the government has been using the bank as a hiding place for illegally detained political prisoners -- who are freed by the blast -- Miranda becomes a revolutionary hero against his will.",/xkLaMyxUgWqmWYAw578p4HXSUDk.jpg
9466,Celebrity,"The career and personal life of writer Lee are at a standstill, so he divorces his bashful wife, Robin, and dives into a new job as an entertainment journalist. His assignments take him to the swankiest corners of Manhattan, but as he jumps from one lavish party to another and engages in numerous empty romances, he starts to doubt the worth of his work. Meanwhile, top TV producer Tony falls for Robin and introduces her to the world of celebrity.",/vxcTrOvtc6kM7g4l6S0BvibycMd.jpg
18672,The Legend of the Swordsman,"Jet Li plays Ling, a student from the Blue Mountain school of martial arts, who, along with fellow students and Kiddo, find themselves embroiled in a country-wide political/clan war with the Highlander clan in the forefront of the battle.",/cF33Yb2XZpOgd8OZbvnLElRuO67.jpg
41946,The Return of the Musketeers,"It's 1649: Mazarin hires the impoverished D'Artagnan to find the other musketeers: Cromwell has overthrown the English king, so Mazarin fears revolt, particularly from the popular Beaufort. Porthos, bored with riches and wanting a title, signs on, but Aramis, an abbé, and Athos, a brawler raising an intellectual son, assist Beaufort in secret. When they fail to halt Beaufort's escape from prison, the musketeers are expendable, and Mazarin sends them to London to rescue Charles I. They are also pursued by Justine, the avenging daughter of Milady de Winter, their enemy 20 years ago. They must escape England, avoid Justine, serve the Queen, and secure Beauford's political reforms.",/u0RxI08qqrrcPoA5Y6vaNcmNOzJ.jpg
170,28 Days Later,"Twenty-eight days after a killer virus was accidentally unleashed from a British research facility, a small group of London survivors are caught in a desperate struggle to protect themselves from the infected. Carried by animals and humans, the virus turns those it infects into homicidal maniacs -- and it's absolutely impossible to contain.",/xaYdxi1PBEAYvqknvAmMPK5Eff3.jpg
38502,The Necessities of Life,"In 1952, an Inuit hunter named Tivii with tuberculosis leaves his northern home and family to go recuperate at a sanatorium in Quebec City. Uprooted, far from his loved ones, unable to speak French and faced with a completely alien world, he becomes despondent. When he refuses to eat and expresses a wish to die, his nurse, Carole, comes to the realization that Tivii's illness is not the most serious threat to his well-being. She arranges to have a young orphan, Kaki, transferred to the institution. The boy is also sick, but has experience with both worlds and speaks both languages. By sharing his culture with Kaki and opening it up to others, Tivii rediscovers his pride and energy. Ultimately he also rediscovers hope through a plan to adopt Kaki, bring him home and make him part of his family",/9ATCr1V0fVzfAsKEDeHWxyvWJHv.jpg
66025,Mooz-lum,"Thanks to a strict Muslim upbringing that largely shielded him from the outside world, Tariq's first year of college proves transformative. That is, until the 9/11 terrorist attacks invite growing suspicion and distrust from his angry classmates.",/lNSRvnQQw5RWiXoJR9bLrEEYrSJ.jpg
23282,One Week,"The story involves two newlyweds, Keaton and Seely, who receive a build-it-yourself house as a wedding gift. The house can be built, supposedly, in ""one week."" A rejected suitor secretly re-numbers packing crates. The movie recounts Keaton's struggle to assemble the house according to this new ""arrangement"".",/fNNznok8XCKveeXHDYpIWLc9BWo.jpg
51956,The Strawberry Statement,"Simon (Bruce Davison), a student at a fictional university in San Francisco (based on San Francisco State College) is indifferent to the student protests around him, until walking in on a naked woman (Kristina Holland) in his dormitory roommate's bed. While she quickly runs over to the toilets to dress, Simon protests to his roommate that their time should only be devoted to studying, so they can get good jobs and lots of money. Coming back clothed, the woman refuses setting another date with the roommate because she'll be busy protesting. She explains the university's plan to construct a gymnasium in an African-American neighborhood, thus causing conflict with the local African American population. She tells him that she and others plan to take over one of the university's buildings.",/chNmG5Tiv3ppf5umMhg8JN5aP8A.jpg
15785,Cherry 2000,"When successful businessman Sam Treadwell finds that his android wife, Cherry model 2000 has blown a fuse, he hires sexy renegade tracker E. Johnson to find her exact duplicate. But as their journey to replace his perfect mate leads them into the treacherous and lawless region of 'The Zone', Treadwell learns the hard way that the perfect woman is made not of computer chips and diodes.",/k5pf2GuJu1JITLS9Rl18qlTwBkV.jpg
184530,Spin,"""Spin"" tells the story of a boy who loses his parents in a plane crash, is taken in by his uncle (Tucci), who then leaves him for ten years in the care of his Hispanic ranch hand (Blades) and his wife (Delany). Once in high school, Eddie (Merriman) reconnects with a girl from his past (Garces), and their growing interracial relationship teaches the sometimes-sullen Eddie to think of others before himself.",/aQrkSU9SA7lfszO8pWzPDg4dhLT.jpg
7508,Taare Zameen Par,"Ishaan Awasthi is an eight-year-old whose world is filled with wonders that no one else seems to appreciate. Colours, fish, dogs, and kites don't seem important to the adults, who are much more interested in things like homework, marks, and neatness. Ishaan cannot seem to get anything right in class; he is then sent to boarding school, where his life changes forever.",/t8x4j5KtI6hZRUVtPPztNBo1q5W.jpg
95548,Baby the Rain Must Fall,"Henry Thomas is out on parole in a small Texan town and, in the evenings, he is the lead singer in a band. He is being pressured by his foster mother to give up his singing and go back to school. His wife, Georgette, and young daughter unexpectedly come to town to live with him. However Henry's hot temper leads him into knife fights, and jeopardizes his parole. Written by Will Gilbert",/6ORscmSdfPsTCfOi2xwZm19JSml.jpg
42881,Julien Donkey-Boy,A portrait of the effects of schizophrenia on family life is the central focus.,/nEF2xQpojgAn0pr60MsADzEaamz.jpg
65642,The Story of a Cheat,"Life story of a charming scoundrel, with little dialogue other than the star/director's witty narration. As a boy, only he survives a family tragedy when he's deprived of supper (poisonous mushrooms!) for stealing...concluding that dishonesty pays. Through years of dabbling in crime and amusing adventures, two women appear and reappear in his life, a dazzling blonde jewel thief and a stunning brunette gambler. Finally, he meets the mysterious Charbonnier who had saved his life in World War I, leading to the surprising next phase in his career...",/gwnWbUkSugSd56zEi5NhBv6Z6AC.jpg
12308,The Last Kiss,"Giulia (Giovanna Mezzogiorno) and Carlo (Stefano Accorsi) have been happy together for three years, but Giulia's announcement that she is pregnant sends him into a secret panic. Terrified at his imminent entry into the adult world of irreversible responsibilities, Carlo finds himself tempted by a bewitching 18 year old girl, Francesca (Martina Stella), whom he meets by chance at a wedding. The possibility of one last youthful crazy fling before the impending prison of parenthood proves to be too attractive to resist.",/gX9K6ZjTpBiTTx86RlNGFyoUjKA.jpg
27102,Full Moon in Paris,"""He who has two women loses his soul, he who has two houses loses his mind."" So it goes with Louise played by Pascale Ogier who is dissatisfied with her mundane life in a bleak Parisian new-town. She rents a pied-à-terre in the city so she can experience independence.",/xVmoTSAgxHJFGD4QYFX7bZypEyG.jpg
288117,Living with the Fosters,One family's paranoid preparation for the year 2000 crisis and beyond. Survivalist Carl Foster has one year to convince his family he's not crazy and independent filmmaker Atis Jamison has 365 days to get it all on tape.,
28213,A Tale of Springtime,"Simple conversations engender complicated human interactions. The first in Eric Rohmer's Four Seasons series, Conte de printemps (A Tale In Springtime) is the story of an introverted young girl (Florence Darel) just reaching adulthood who takes a liking to an older woman she meets at a party (Anne Teyssedre) and determines to match her off with her father (Hugues Quester), despite the latter's already having a lover of his own. There is a certain absurdity to this, apparent to both adults, who though both reluctantly attracted to each other resent Darel's attempts at matchmaking. Nevertheless, both of them are intelligent enough to understand that there is no 'proper' way to meet, and are alive to the possibilities that life brings them. Darel, for her part, is a persistent catalyst. As with all Rohmer films, the stage is set, in an age of increasing impermanence and uncertainty in human relationships, for a series of minimalist reflections on love and life.",/ya3VK6ME8a1ObBD7bb92H4Li03Q.jpg
13965,Return to Snowy River,"After a few years trying to earn money to marry Jessica Harrison (Sigrid Thornton), Jim Craig (Tom Burlinson) returns to Snowy River. But he finds that a lot of things have changed.",/mI3K4qCYAzNTZgkl9Lrh86FLklD.jpg
28699,Underworld U.S.A.,A bitter young man sets out to get back at the gangsters who murdered his father.,/7JKXz8iNMrM8NClu7U0iOLPeuaY.jpg
87169,The Low Life,"John came to Hollywood to get that one big break in life. Years have passed since and all he has to show for are a menial job, unpaid bills and airhead friends and he's getting sick of it all. Is there a way out of this downward spiral?",/cAz2mr7qsy5rL6eCZDHOe5lD6Bc.jpg
46786,Homer and Eddie,"A retarded man get help from a sociopathic woman when tries to reunite with his dying father, who years earlier disowned him.",/aMY8AQwUbZnUtpG5NTZooo7cvhG.jpg
67913,The Guard,"Two policemen must join forces to take on an international drug- smuggling gang - one, an unorthodox Irish policeman and the other, a straitlaced FBI agent. Sergeant Gerry Boyle is an eccentric small-town cop with a confrontational and crass personality and a subversive sense of humor. A longtime policeman in County Galway, Boyle is a maverick with his own moral code. He has seen enough of the world to know there isn't much to it and has had plenty of time to think about it. When a fellow police officer disappears and Boyle's small town becomes key to a large drug trafficking investigation, he is forced to at least feign interest when dealing with the humorless FBI agent Wendell Everett assigned to the case.",/iUHePguAaumQGvf3rlXHHAkAMoh.jpg
21874,Looker,"Plastic surgeon Larry Roberts performs a series of minor alterations on a group of models who are seeking perfection. The operations are a resounding success. But when someone starts killing his beautiful patients, Dr. Roberts becomes suspicious and starts investigating. What he uncovers are the mysterious - and perhaps murderous - activities of a high-tech computer company called Digital Matrix.",/vVFGUFkbPCV5kD4ICiIbYWCxYkG.jpg
1988,A Mighty Heart,"Based on Mariane Pearl's account of the terrifying and unforgettable story of her husband, Wall Street Journal reporter Danny Pearl's life and death.",/eFhsNdOjLk5sAEaEMcvRpnKc19c.jpg
12560,The Big Chill,"Kevin Kline and Glenn Close star as Harold and Sarah Cooper, a couple whose marital troubles are put on hold while they host an unhappy reunion of former college pals gathered for the funeral of one of their own, a suicide victim named Alex. As the weekend unfolds, the friends catch up with each other, play the music of their youth, reminisce, smoke marijuana, and pair off with each other.",/iHSQ8dPtqa4qlT19I9fJKqWprHA.jpg
64635,Total Recall,"Welcome to Rekall, the company that can turn your dreams into real memories. For a factory worker named Douglas Quaid, even though he's got a beautiful wife who he loves, the mind-trip sounds like the perfect vacation from his frustrating life - real memories of life as a super-spy might be just what he needs. But when the procedure goes horribly wrong, Quaid becomes a hunted man. Finding himself on the run from the police - controlled by Chancellor Cohaagen, the leader of the free world - Quaid teams up with a rebel fighter to find the head of the underground resistance and stop Cohaagen. The line between fantasy and reality gets blurred and the fate of his world hangs in the balance as Quaid discovers his true identity, his true love, and his true fate.",/tWBo7aZk3I1dLxmMj7ZJcN8uke5.jpg
113788,Hangman's House,"Forced by her mean-spirited father, Lord Chief Justice James O'Brien (Hobart Bosworth), to marry a man she doesn't love, Connaught O'Brien (June Collyer) gives up hope of ever with her true love, Dermot McDermot (Larry Kent). After her father dies and a hunted rebel leader (Victor McLaglen) returns to town, however, Connaught finds a renewed hope that the tides of oppression will shift and she might again find happiness.  This silent romantic drama, set in Ireland, is the first film in which a then-unknown John Wayne is clearly visible.",/yacqLcogzJPnCx1mEidgo4tkDw8.jpg
15661,Noise,A man who is being driven crazy by the noise in New York City decides to take vigilante action against it.,/3MmR5oYcievaq2DNa2ZeOERFDtL.jpg
31941,Who'll Stop the Rain,"John, a disillusioned Vietnam War journalist, turns to heroin smuggling. He cons Ray, an equally burnt out veteran into delivering the drugs stateside to his wife. Everything soon falls apart and Ray ends up on the run with John's wife trying to evade crooked narcotics agents.",/AexCYBIfZnPonWBwKREoauPzXEm.jpg
20943,The Ugly Truth,"A romantically challenged morning show producer is reluctantly embroiled in a series of outrageous tests by her chauvinistic correspondent to prove his theories on relationships and help her find love. His clever ploys, however, lead to an unexpected result.",/xbIEfRy1qLYyChHc3cqaYLIWdVS.jpg
35172,The Son,"A joinery instructor at a rehab center refuses to take a new teen as his apprentice, but then begins to follow the boy through the hallways and streets.",/t5ldLCOYo7uyJWmuDiTGdNISYBi.jpg
11860,Sabrina,"An ugly duckling having undergone a remarkable change, still harbors feelings for her crush: a carefree playboy, but not before his business-focused brother has something to say about it.",/jQh15y5YB7bWz1NtffNZmRw0s9D.jpg
34006,A Slight Case of Murder,"Remy Marco, Prohibition beer baron, figures he'll do even better after repeal. Only trouble is, his beer tastes terrible. (He drinks no beer himself and nobody dares tell him). Four years later, when he's about bankrupt, he visits his summer home in Saratoga, complete with: 1) a dead-end-kid orphan; 2) his daughter's fiance...a state trooper!, 3) the bodies of four gangsters who planned to ambush Remy but had a shootout; 4) half a million in loot they hid in the house...just the amount Remy needs to get out of hock. The comic confusion mounts.",/rk693ymiRMSsutx6nG3Hs7lVuHi.jpg
52633,Switchblade Sisters,"A tough gang of teenage girls are looking for love and fighting for turf on the mean streets of the city! Bad girls to the core, these impossibly outrageous high school hoodlums go where they want ... and create mayhem wherever they go!",/sEYeoOBXAllmHynCNrNBEJjratp.jpg
14711,Afro Samurai: Resurrection,Afro Samurai avenged his father and found a life of peace. But the legendary master is forced back into the game by a beautiful and deadly woman from his past. The sparks of violence dropped along Afro’s bloody path now burn out of control – and nowhere are the flames of hatred more intense than in the eyes of Sio.,/1M8jTd39tdfZfcVzr6LkOSedKJL.jpg
10206,Buffy the Vampire Slayer,"Blonde, bouncy Buffy is your typical high school cheerleader-- her goal is to ""marry Christian Slater and die"" and nothing gets in her way when it's time to shop. But all that changes when a strange man informs her she's been chosen by fate to kill vampires. With the help of a romantic rebel, Buffy is soon spending school nights protecting L.A. from Lothos, the Vampire King, his sidekick. Lefty and their determined gang of bloodsuckers. It's everything you'd expect from a teen queen in the Valley.",/r0feHChsxNVMpqwT6Wk9GIJxs2n.jpg
58102,Some Mother's Son,"Based on the true story of the 1981 hunger strike in a British prison, in which IRA prisoner Bobby Sands led a protest against the treatment of IRA prisoners as criminals rather than as prisoners of war. The film focuses on the mothers of two of the strikers, and their struggle to save the lives of their sons.",/rdORRGJMGfYFuZWhuvrai8TyogE.jpg
38222,On a Clear Day You Can See Forever,"Under hypnosis while trying to quit smoking, the main character Daisy Gamble revisits past lives and different personalities",/8vi4oBP8Oe3yPy1dtbo3AbcjCK1.jpg
87541,The Unknown Soldier,"In the wake of World War II, most Germans have been raised with the mistaken belief that the Holocaust had been planned and executed by just a tiny minority of Nazis, namely, the Gestapo and the SS. The sad truth, however, is that Hitler's philosophy of ethnic cleansing, as the Fuhrer so brazenly espoused in his frightening manifesto, Mein Kampf, had been enthusiastingly embraced not only by the entire military but also by most of the civilian population.  The long-suppressed proof of their widespread collaboration and participation was unveiled in The Wehrmacht Exhibition, a damning collection of photographs and film footage which toured Deutschland between 1999 and 2004. The show shook the country to its core, because it forced folks to face up to the fact that it took much more than a madman and his henchmen to wipe out six million.",/5D8plkYIGzY4YVpHwAfMrWahiih.jpg
11777,I.Q.,Albert Einstein helps a young man who's in love with Einstein's niece to catch her attention by pretending temporarily to be a great physicist.,/kAYymfWcktoHSjQJEtfEIeByZR9.jpg
16325,Echelon Conspiracy,"Mysterious cell phone messages promise a young American engineer untold wealth - then make him the target of a deadly international plot. Dangerous security operatives chase the engineer across the globe, while a powerful government official pursues a mysterious agenda that threatens the stability of the entire world.",/oJTW7FmPEk3vHBZAo166RYiV7RB.jpg
67342,Mr. Vampire,"The planned reburial of a village elder goes awry as the corpse resurrects into a hopping, bloodthirsty vampire, threatening mankind. Therefore, a Taoist Priest and his two disciples attempt to stop the terror.",/ua4wT1FzRXqNP9DMJUdzA4ErckN.jpg
22241,Firaaq,"Firaaq is an Urdu word that means both separation and quest. The film is a work of fiction, based on a thousand stories. The story is set over a 24-hour period, one month after a campaign that took place in Gujarat, India, in 2002. It traces the emotional journey of ordinary people- some who were victims, some perpetrators and some who choose to watch silently.",/iGyMvgYEskU23ccx7bXhayVawHD.jpg
37696,Fear X,"When his wife is killed in a seemingly random incident Harry (Turturro), prompted by mysterious visions, journeys to discover the true circumstances surrounding her murder.",/xzGSWSOAutfTkTL1okuER8sgwF7.jpg
10316,The Ides of March,Dirty tricks stand to soil an ambitious young press spokesman's idealism in a cutthroat presidential campaign where 'victory' is relative.,/xnYM774QZtouyApuLrd3VeSOVn1.jpg
19259,Volunteers,"Lawrence is a rich kid with a bad accent and a large debt. After his father refuses to help him out, Lawrence escapes his angry debtors by jumping on a Peace Corp flight to Southeast Asia, where he is assigned to build a bridge for the local villagers with American-As-Apple-Pie WSU Grad Tom Tuttle and the beautiful and down-to earth Beth Wexler.",/8Y9DKNaZErNKOqSP7XSGfRWdXR7.jpg
2805,Tears of the Black Tiger,"A homage and parody of 1950s and 1960s Thai romantic melodramas and action films.  Dum, the son of a peasant falls in love with Rumpoey, the daughter of a wealthy and respected family. The star-crossed lovers are torn apart for years, but their forbidden love survives.
 When tragedy strikes, Dum unleashes his rage and becomes the gun-slinging outlaw the ""Black Tiger"" who will stop at nothing to seek his revenge.",/a2l5xl2GgLjuhQnXvjPYH16HcTb.jpg
26031,The Naked Kiss,A former prostitute discovers that her philanthropic fiance is involved in perversion.,/sFhFMi5oYHBN8PFh9AmGXzSmLXq.jpg
40649,Demonic Toys,"A botched bust on a pair of arms dealers inadvertantly leads to the raising of a sixty-six-year-old demon with the power to bring toys to life as his personal minions. The demon is looking for a body to inhabit so he can increase his powers, and it just so happens that one of the police officers is pregnant with the ideal host.",/g4L0SDFT0AeJGNKlq1CTOC8NBk8.jpg
27461,Fat Man and Little Boy,"This film reenacts the Manhattan Project, the secret wartime project in New Mexico where the first atomic bombs were designed and built.",/4ToeEXmebfDDQIjt3V3mMjx77Ib.jpg
56798,The Profession of Arms,"In autumn of 1526, the Emperor, Charles V, sends his German landsknechts led by Georg von Frundsberg to march towards Rome. The inferior papal armies, commanded by Giovanni de'Medici, try to chase them in the midst of a harsh winter. Nevertheless, the Imperial armies manage to cross the rivers along their march and get cannons thanks to the maneuvers of its Lords. In a skirmish, Giovanni de'Medici is wounded in the leg by a falconet shot. The attempts to cure him fail and he dies. The Imperial armies assault Rome. The film is beautifully but unassumingly set, and shows the hard conditions in which war is waged and its lack of glory. It ends straightforwardly with the declaration made after the death of Giovanni de'Medici by the commanders of the armies in Europe of not using again fire weapons because of their cruelty.",/q6Qwu07Zl7rrWXhnxgigVbKQ3k0.jpg
46531,Borderline,"Two undercover agents infiltrate a drug-smuggling ring in Mexico, thee find them selves falling in love with each other. Neither is aware of the other's identity As they decide to make a run for the border.",/zJHkmetKsH7D9FKh60EdW8J6fpH.jpg
53287,The Super,"Joe Pesci stars as Louie Kritski, a heartless landlord who has been so negligent in keeping up his ghetto apartment that he is threatened with jail time. The judge gives him another option, which he accepts -- he must live in his rat-infested hell hole until he brings it up to liveable standards. The judge gives him 120 days, during which time Louie meets many of his tenants, including drug dealer Marlon (Ruben Blades). Over time, Louie grows more sympathetic with their problems and sees the results of his own greediness. Unfortunately, Louie's father, Big Lou Kritski (Vincent Gardenia), is the real owner of the property, and he resists his son's entreaties to spend money to clean up the place.",/j6RwICbhgd4Qi64PTqKW3QhrOhi.jpg
59401,The Red Badge of Courage,Truncated adaptation of Stephen Crane's novel about a Civil War Union soldier who stuggles to find the courage to fight in the heat of battle.,/sFb3Ik6IvIlbFVX1bmFN52je2mr.jpg
8353,Limite,A man and two women lost at sea in a rowboat; their pasts are conveyed in flashbacks throughout the film.,/zC1TFPke4bBAdo9IR4Ce3Ztrulr.jpg
79920,Boys Life 3,"Jason Gould satirizes coming out in Hollywood in Inside Out, starring Alexis Arquette and papa Elliot Gould. Lane Janger's Just One Time was a festival favorite recently expanded into a feature film that turns the tables on a groom-to-be and his fantasies of sex with two women. Bradley Rust Gray's Hitch follows two attractive young guys on a dizzying road trip that leads them toward sexual self-discovery. David Fournier's Majorettes in Space is a witty French spoof of post-modern sex, romance, relationships, the Pope and baton-twirling majorettes. And, Gregory Cooke's $30 is the bittersweet story of a closeted teen presented with a young prostitute on his 16th birthday.",/8weSGVLkOG0eE2zfKE1T8IiZzJS.jpg
182097,God's Sandbox,"A successful author, Liz, searches for her daughter, Rachel, in the Sinai Desert. There she meets a Bedouin storyteller who relays the unusual love story of a Western tourist and the son of a Bedouin Sheik named Najim. Their relationship is torn apart when the American is exposed to a tribal ritual.",/wbOQXNFKOdimE8bzI3T4P8XykxQ.jpg
9298,Ali G Indahouse,"Ali G unwittingly becomes a pawn in the evil Chancellor's plot to overthrow the Prime Minister of Great Britain. However, instead of bringing the Prime Minister down, Ali is embraced by the nation as the voice of youth and 'realness', making the Prime Minister and his government more popular than ever.",/pjKvQrVpekshVM6DUDOt3ImhAVH.jpg
31530,Shall We Dance,"Ballet star Pete ""Petrov"" Peters arranges to cross the Atlantic aboard the same ship as the dancer he's fallen for but barely knows, musical star Linda Keene. By the time the ocean liner reaches New York, a little white lie has churned through the rumor mill and turned into a hot gossip item: that the two celebrities are secretly married.",/3be6vue3lbHtRACpJigYT6OYRYM.jpg
37797,Whisper of the Heart,"Shizuku lives a simple life, dominated by her love for stories and writing. One day she notices that all the library books she has have been previously checked out by the same person: 'Seiji Amasawa'. Curious as to who he is, Shizuku meets a boy her age whom she finds infuriating, but discovers to her shock that he is her 'Prince of Books'. As she grows closer to him, she realises that he merely read all those books to bring himself closer to her. The boy Seiji aspires to be a violin maker in Italy, and it is his dreams that make Shizuku realise that she has no clear path for her life. Knowing that her strength lies in writing, she tests her talents by writing a story about Baron, a cat statuette belonging to Seiji's grandfather",/uPLuwtMQm3wDTKm7cZQHsszYGRo.jpg
25868,Aladin,"Based in the municipality of Khwaish, abused by his classmates, Aladin Chatterjee, who was orphaned when his parents, Arun and Riya, died in an accident in Siachen Valley, lived with his paternal grandfather until the later's passing. Now alone, grown up, studying in Khwaish University, and still being abused by fellow-college mates, he finds himself smitten by the lovely US Exchange Student, Jasmine. Unable to express his feelings for her, he rubs a lamp that was gifted to him on his birthday, which summons a genie named Genius. He gets 3 wishes, but wastes 2 of them, but on the 3rd one he insists that Genius assist him to win Jasmine's heart without any magical tricks. Hilarious chaos result when everything seems to fail while an immortal and deadly entity, Ringmaster, and his hordes, prepares to confront Genius and Aladin so that he can acquire more magical powers with the help of the lamp on the day of the sighting of a rare comet and the truth behind the death of Aladin's parents.",/rudgRXKFtVrq09ZGQLSSdHhP6Ty.jpg
38025,Invisible Waves,"This atmospheric, violent thriller revolves around a hitman called Kyoji who has just killed his lover, Seiko. She was the wife of Kyoji’s boss, Wiwat, who, when he heard about the affair, hired his rival to murder the unfaithful Seiko. Kyoji hides himself away on a cruise ship bound for Thailand. On board he meet a mysterious beauty named Noi. A passionate affair ensues. Their destinies are more interwoven than Kyoji and Noi could ever imagine. As Kyoji fights for his life and struggles to cope with mounting feelings of guilt he discovers the truth about the secretive Noi. Furious, wounded and thirsting for revenge, Kyoji might even make it home again.",/w6D4CcUnkyebzLdRdD99RLqLFGF.jpg
74719,"That's Entertainment, Part II","Gene Kelly and Fred Astaire present more golden moments from the MGM film library, this time including comedy and drama as well as classic musical numbers.",/fxn372RLEmlhyQ5Tk4RAHdyxABy.jpg
86750,Warrendale,"This ground-breaking cinema véritè classic documents five weeks in the lives of twelve children in a home for emotionally disturbed children. It is the first in the form that King later described as actuality drama. All the action is spontaneous and undi-rected, with neither interviews nor narration. The theme is the outrage of life. The children asked the filmmakers, Why is it that whenever pictures of us are put in the papers, our faces are blacked out. What is so awful about us that we cant be seen? They wanted to be filmed so that they could be seen.",/fzESkoZHayhvt8UhrVgHgiQAp54.jpg
37835,The Exterminator,"A man's best friend is killed on the streets of New York. The man (Robert Ginty) then transforms into a violent killer, turning New York into a great war zone and Christopher George is the only one to stop him.",/A0xIUPSH11W0LjlJU1Xk12z210q.jpg
19887,Disco Dancer,"Jimmy promises to return to Bombay and become a famous entertainer so that he can exact revenge on Mr. Oberoi for having insulted and imprisoned his mother on false charges. He falls in love with Oberoi's daughter and causes Sam Oberoi's nervous breakdown when he takes over as popular disco dancer. Oberoi, in an attempt to get rid of Jimmy, accidentally kills his mother, and Jimmy is devastated and unable to perform. Will he rise above the tragedy, sing again, and avenge his mother's death?",/bGXpWAXzsi77r3LWTCvwSNcoPtJ.jpg
9533,Red Dragon,"Former FBI Agent Will Graham, who was once almost killed by the savage Hannibal 'The Cannibal' Lecter, now has no choice but to face him again, as it seems Lecter is the only one who can help Graham track down a new serial killer.",/sULs7GLEM2tqNBwE5ac5d6FRlBR.jpg
9675,Sideways,"Two middle-aged men embark on a spiritual journey through Californian wine country. One is an unpublished novelist suffering from depression, and the other is only days away from walking down the aisle.",/xg9EXz9SPJMxnnIMC4f9r8m5izr.jpg
48216,Season's Beatings,"Christmas, family, and infidelity. Yvette's husband has died, and her grown daughters join her at the grave: Sonia, wealthy, bourgeois, and generous; Louba, living with their dad Stanislas, singing at a Russian restaurant, penniless, the mistress for the past 12 years of a man who will never leave his wife; Milla, the youngest, acerbic, lonesome. Christmas was when they learned their parents were divorcing 25 years ago. Over the next few days, yuletide depression, Louba's pregnancy, Sonia's crumbling marriage, Stanislas's overtures to Yvette, and Milla's attraction to the man who's her father's rent-free lodger lead each one to re-examine self, family, and hopes. Is renewal possible?",/ogqrJhY25jYXXFp1kLYR0tqSlOg.jpg
154442,Tree Without Leaves,"Haru, an aging scriptwriter, has isolated himself somewhere in the woods of Nagano to work on his first novel. As the last surviving member of his kin, he intends to chronicle the family he grew up in.",/wPvRqerRl3UXjlG3Jwj5jaZ7WMK.jpg
14812,"Hawaii, Oslo","Hawaii, Oslo is the story of a handful of people who cross each other's path without necessarily knowing each other, during the hottest day of the year, in Oslo. We follow Frode and Milla. They are having their first child, who they are told will not live long. We follow Bobbie-Pop, a faded singer who tries to commit suicide. We follow Leon, an institutionalized kleptomaniac who is loking for Åsa, to whom he has a ten year old deal to get married. We meet Leon's brother, Trygve, who fetches Leon at the institution to celebrate his birthday, but who himself has plans to use his leave from prison to run away. And most of all we meet the angel Vidar, Leon's best buddy at the institution, who sees things no one else can see, and who may be able to save everyone - except himself?",/uGpPiYt5uD4XtLrl0ZLCp6LEdiD.jpg
42658,Helen of Troy,"Prince Paris of Troy, shipwrecked on a mission to the king of Sparta, meets and falls for Queen Helen before he knows who she is. Rudely received by the royal Greeks, he must flee...but fate and their mutual passions lead him to take Helen along. This gives the Greeks just the excuse they need for much-desired war.",/9ahx0eneGJTqoJCHPfIqB7YFyRi.jpg
43332,Demetrius and the Gladiators,"The story picks up at the point where ""The Robe"" ends, following the martyrdom of Diana and Marcellus. Christ's robe is conveyed to Peter for safe-keeping, but the emperor Caligula wants it back to benefit from its powers. Marcellus' former slave Demetrius seeks to prevent this, and catches the eye of Messalina, wife to Caligula's uncle Claudius. Messalina tempts Demetrius, he winds up fighting in the arena, and wavers in his faith.",/xDLDoz6LzvEXHIcHzFHB9ugJQso.jpg
48199,Woyzeck,"Lajos Kovács (WINGS OF DESIRE) stars as the misused Woyzeck, who ekes out a miserable existence sweeping train tracks, running errands for a bullying army captain and acting as a human guinea pig for a local doctor with ideas about free will. When his common-law wife begins an affair with a local cop, Woyzeck's pocket Bible and near-starvation diet point him on a downward spiral of twisted redemption.",/sGqHFcPGSP1WNHBKjSVcuTrhyxX.jpg
13207,Friday the 13th,"Ignoring the warnings of the locals, a group of teenage camp counselors takes on the job of reopening Camp Crystal Lake — on Friday the 13th no less, and raise the ire of Jason Voorhees, a masked, homicidal maniac.",/ewNYItHBmxHj3IEDhj1VnnLoTmb.jpg
49846,Un Dimanche à Kigali,"In April 1994, the middle-aged Canadian journalist Bernard Valcourt is making a documentary in Kigali about AIDS. He secretly falls in love for the Tutsi waitress of his hotel Gentille, who is younger than him, in a period of violent racial conflicts. When the genocide of the Tutsis by the Hutus in Rwanda begins, Bernard does not succeed in escaping with Gentille to Canada. When the genocide finishes in July 1994, Bernard returns to the chaotic Kigali seeking out Gentille in the middle of destruction and dead bodies. Written by Claudio Carvalho, Rio de Janeiro, Brazil",/2ZLOHRmLZqqqqRcHl3c1HAPVurA.jpg
36736,The Drawn Together Movie: The Movie!,Eight housemates on a fake animated reality TV show realize they've been canceled and set off on a journey to get back on the air.,/lmwZuRp7NSV78sYPJxAkeGM8ZIy.jpg
32275,Duel in the Sun,"Beautiful half-breed Pearl Chavez becomes the ward of her dead father's first love and finds herself torn between her sons, one good and the other bad.",/r2UEzfXJPuvveQZxDUuJpoqMIcs.jpg
61410,Spud,"It's South Africa 1990. Two major events are about to happen: The release of Nelson Mandela and, more importantly, it's Spud Milton's first year at an elite boys only private boarding school. John Milton is a boy from an ordinary background who wins a scholarship to a private school in Kwazulu-Natal, South Africa. Surrounded by boys with nicknames like Gecko, Rambo, Rain Man and Mad Dog, Spud has his hands full trying to adapt to his new home. Along the way Spud takes his first tentative steps along the path to manhood. (The path it seems could be a rather long road). Spud is an only child. He is cursed with parents from well beyond the lunatic fringe and a senile granny. His dad is a fervent anti-communist who is paranoid that the family domestic worker is running a shebeen from her room at the back of the family home. His mom is a free spirit and a teenager's worst nightmare, whether it's shopping for Spud's underwear in the local supermarket",/x3yH9xeeP1CZwDgZO7FBygeB2K4.jpg
25993,Asylum,"A young psychiatrist applies for a job at a mental asylum, and must pass a test by interviewing four patients. He must figure out which of the patients, is in fact, the doctor that he would be replacing if hired.",/8FXESe9NCN20ln2hW10M73CtCfH.jpg
49583,Dossier 51,"French diplomat Dominique Auphal is put under surveillance by an unnamed secret service. They wish to find a weakness in his life in order to control him politically. Auphal becomes ""File no. 51"": his private life is spied, analysed and commented.",/15URAOPsSwQYW5zvn0lIpfbwV1V.jpg
11013,Secretary,"A young woman, recently released from a mental hospital, gets a job as a secretary to a demanding lawyer, where their employer-employee relationship turns into a sexual, sadomasochistic one.",/dZaTYgy6sc6Z8ylaKdXw8yq5sRv.jpg
5055,Ashes and Diamonds,"Maciek and Andrzej, two home army fighters, were paired and ordered to kill an incoming communist party cadre. At the hotel where their target's welcoming party is being held. Maciek meets the barmaid Krystyna and the two have a brief, passionate affair, before he is pulled away from this fleeting happiness into his deadly mission.",/jZ1lsLMgXSjU5WZB6xMfozqGz2Y.jpg
14057,Trust the Man,"Overachieving actress, Rebecca (Moore), must come to grips with her failing marriage to stay-at-home dad, Tom (Duchovny). While Rebecca's slacker brother, Tobey (Billy Crudup), can't seem to commit to his aspiring-novelist girlfriend, Elaine (Maggie Gyllenhaal). As both relationships spin out of control, the two couples embark on a quest to rediscover the magic and romance of falling in love in New York.",/d3R2DIreol9RpY6cljw2b1MMJUK.jpg
61049,Arrowhead,Director Charles Marquis Warren's 1953 western stars Charlton Heston and Jack Palance.,/uWAojCDwbNMju58qglMAwJDM72k.jpg
84586,Relax... It's Just Sex,"A mixed group of individuals - lesbian, gays, and heterosexuals who all frequent a local bar struggle to accept each others lifestyles. However when the two gays are attacked and fight back and ultimately rape one of their attackers, the group becomes strongly divided on their actions.",/ee89DQPUYbOE2ZNMRzVFuIk6yoj.jpg
148811,Reminiscences of a Journey to Lithuania,"Reminiscences of a Journey to Lithuania is a 1971–72 documentary film by Jonas Mekas. It revolves around Mekas' trip back to Semeniškiai, the village of his birth.",/jNV6oXnkSZSGiz06jWHtV65HUAO.jpg
71881,Five Corners,"A psychotic young man returns to his old neighborhood after release from prison. He seeks out the woman he previously tried to rape and the man who protected her, with twisted ideas of love for her and hate for him.",/aU6s2SrCineQnAWqCHdTwUGVc1z.jpg
49322,1944 The Final Defence,"The Soviet army breaks through the Finnish defences on the Karelian Isthmus in June 1944, advancing with overwhelming force. Somehow, the Finnish troops must find the strength to fight back, with all odds against them. The Battle of Tali-Ihantala was the largest battle ever fought in the history of the Nordic countries. This film depicts the true events through five separate stories.",/35azd5Cp0luhyDrgQWlWPKOqtI4.jpg
36800,Metropia,"In the near future, oil reserves are nearly depleted and Europe is connected by series of underground tunnels. While navigating these tunnels, Roger hears voices, one in particular. Seeking a way to rid himself of the voice only leads Roger deeper into a bizarre conspiracy of control - mind and body.",/ncU8ylabRehPw3gtcUwvEO6Oqpa.jpg
68774,Eastern Drift,"A thriller about a crook who efforts to get out of the business could cost him his life. Gena is a drug runner who has grown tired of the violence and unpredictability of his life, and he decides it's time to go straight. Gena plans one last score which will give him enough money to get out of the business and relocate to France with his girlfriend Gabrielle. But Gena finds himself between a rock and a hard place when one of his partners fails to pay him; in order to keep the deal in motion, Gena heads to Moscow to ask a mob boss for a much-needed loan. Gena's former girlfriend Sasha gives him a place to stay for the night, but when the gangster decides he wants Gena out of the way for good, they both go on the run in fear of their lives.",/s5k4aKpielH4uc6exljcdLxiy7M.jpg
8908,Maradona by Kusturica,"A documentary on Argentinean soccer star Diego Maradona, regarded by many as the world's greatest modern player.",/1BfmPGFvUpQ7rzdJcgAxIrNr9XJ.jpg
5473,De Dominee,Different solution new movie ;-) The Preacher tells the story about the rise and fall off a dutch mafiaboss. The movie is based on the story of Klaas Bruinsma.,/lBUd1DIaZEoYuiI3lWiJPWJGHWT.jpg
85916,Rat Pfink a Boo Boo,"It starts off seriously enough, with three thugs robbing an innocent young woman at night in the city, but then switches to Vin Saxon and Carolyn Brandt doing a goofy Elvis-like rock 'n roll number (very charming though). The next day the thugs are bored. Picking a name at random out of the phone book, they decide to terrorize Carolyn Brandt. After some campy dramatic scenes, she is kidnapped by the goons. They decide to ransom her. After receiving the ransom call, Vin Saxon and the good-natured, but not- to-bright gardener sit around despondent, wondering what to do. ""There's only one thing to do!"" exclaims Vin. The two rush off into the next room and become the costumed heroes Rat Pfink and Boo Boo...",/bAFt4ahWTPwqM9U3qUb3vszMbNx.jpg
63883,Drama/Mex,"Two interlaced stories unfold over the course of the same long, hot day in the once lush and now decadent resort town of Acapulco. The first involves the beautiful and cool Fernanda, who is forced to deal with the sudden emergence of her ex-lover, Chino. Her boyfriend, Gonzalo, must now compete with the intense sexual tension Fernanda and Chino share. The second story concerns Jamie, an office worker with hidden indiscretions, attempting suicide in a beachfront hotel-until a precocious and equally dishonest teenage girl disrupts his plan. They will all converge in a stark and harrowing portrayal of moral ambiguity. Written by IFC Films",/3pVHiniMwXun9W1AlFnR2FG8yXh.jpg
249882,Virgin Mary,"In 1981 in Medjugorje (BA), a group of kids claim that Virgin Mary appeared to them on a hill. The local priest believes them and spreads the word. Religious tourism blossoms. The communist government is concerned and arrests the priest.",/b8niK1RquKFR7TZBJbWN8zZPCcT.jpg
35651,Time Out,An unemployed man finds his life sinking more and more into trouble as he hides his situation from his family and friends.,/lkmkAXCDTAM9JulnH4cD6igEE3v.jpg
41339,Tapped,"Is access to clean drinking water a basic human right, or a commodity that should be bought and sold like any other article of commerce? Stephanie Soechtig's debut feature is an unflinching examination of the big business of bottled water. From the producers of Who Killed the Electric Car and I.O.U.S.A., this timely documentary is a behind-the-scenes look into the unregulated and unseen world of an industry that aims to privatize and sell back the one resource that ought never to become a commodity: our water. From the plastic production to the ocean in which so many of these bottles end up, this inspiring documentary trails the path of the bottled water industry and the communities which were the unwitting chips on the table. A powerful portrait of the lives affected by the bottled water industry, this revelatory film features those caught at the intersection of big business and the public's right to water.",/oDudehGnaCkXSKOkt9I8qM64S9W.jpg
113213,Auggie Rose,"An insurance salesman's humdrum existence takes a turn when a stranger, ex-con Auggie Rose, unexpectedly dies in his arms. Assuming the identity of the dead man, the salesman embarks on a double life, keeping it secret from his live-in girlfriend.",/aaZPUTQBLZKVgthIiPLaZyVHoJE.jpg
28370,Date With an Angel,"Aspiring composer Jim Sanders is engaged to spoiled rich girl Patty. But the morning after his bachelor party, Jim wakes up to discover a beautiful, broken-winged angel in his pool. When everyone finds out about his heavenly houseguest, Jim must cope with a dangerously jealous fiancée, an exploitive future father-in-law and a group of buddies with an outrageous business plan!",/nv4mCEGRJH4dI62XfapGh9Q72fN.jpg
105347,How Tasty Was My Little Frenchman,"In 1594 in Brazil, the Tupinambás Indians are friends of the Frenches and their enemies are the Tupiniquins, friends of the Portugueses. A Frenchman (Arduíno Colassanti) is captured by the Tupinambás, and in spite of his trial to convince them that he is French, they believe he is Portuguese. The Frenchman becomes their slave, and maritally lives with Seboipepe (Ana Maria Magalhães). *Contains Spoilers* Later, he uses powder in the cannons that the Portuguese left behind to defeat the Tupiniquins in a battle. In order to celebrate the victory, the Indians decide to eat him.",/nLAqLdg6igoSXGSa1rVXFWgDtB5.jpg
7353,Fireflies in the Garden,The semi-autobiographical story centers on the complexities of love and commitment in a family torn apart when faced by an unexpected tragedy.,/oI5uDAIS0jWEIIBIMtvashBun4g.jpg
7974,The Match Factory Girl,"Iris (Kati Outinen) has a soul-deadening job as a quality-control worker watching boxes of matches go by on an assembly line all day. At night, she eats silently with her dour mother (Elina Salo) and stepfather (Esko Nikkari). One weekend, wearing her new red dress at a local dance, she ends up going home with Aarne (Vesa Vierikko), whom she mistakenly believes is her new boyfriend. When she discovers that she's pregnant, years of pent-up rage explode in a shocking outburst.",/7U8z6XHeumqJ66AKiTKtHnOhcZf.jpg
32620,The Drowning Pool,"Harper is brought to Louisiana to investigate an attempted blackmail scheme. He soon finds out that it involves an old flame of his and her daughter. He eventually finds himself caught in a power struggle between the matriarch of the family and a greedy oil baron, who wants their property. Poor Harper! Things are not as straight-forward as they initially appeared.",/hdpcRuRD7QP6vPuotfSASDlFawM.jpg
111,Scarface,"After getting a green card in exchange for assassinating a Cuban government official, Tony Montana stakes a claim on the drug trade in Miami. Viciously murdering anyone who stands in his way, Tony eventually becomes the biggest drug lord in the state, controlling nearly all the cocaine that comes through Miami. But increased pressure from the police, wars with Colombian drug cartels and his own drug-fueled paranoia serve to fuel the flames of his eventual downfall.",/zr2p353wrd6j3wjLgDT4TcaestB.jpg
11800,Naked in New York,"Naked in New York begins in the car of grown up Jake, he is talking to us about his girlfriend, Joanne, (watch for the facial expressions) and to whom you can turn to for help while facing life ('your parents, nyaa, I don't think so'). From there it flashes back to his memories of his parents, college, house across from a squirrel infested peanut factory, best friend, writing career and Joanne.",/k9dfMyKqAPxMF9Qelw0rvHbf34Z.jpg
37584,Pandora's Box,"When an aging matriarch starts showing signs of dementia, her dysfunctional family in Istanbul must navigate a minefield of unresolved issues to care for her.",/c6FVsb9FnMBvJMaH7pBg0nlAfPV.jpg
47675,The Kidnappers,"A Scotsman, Jim MacKenzie, living on a primitive homestead in Nova Scotia, is raising his two grandsons, Harry and Davy, following the death of their father in the Boer War. His son's death has developed antagonism by MacKenzie toward all Dutchmen, which leads to Harry brawling at school with the son of a Dutchman. Harry falls down a cliff and is helped home by the community doctor, Willem Bloem, a Dutchman in love with MacKenzie's daughter, Kirsty. Due to the old man's feelings, they must carry on a clandestine romance. Forbidden by their grandfather to have a dog, Harry and Davy ""kidnap"" an unattended baby and care for the child in a lean-to shack. When found, the baby proves to be the child of MacKenzie's most-bitter Dutch enemy.",/uoiQhuY4qXjmbK3WToc9UvDzMeu.jpg
11578,The Return of Don Camillo,"After his battles with the communist mayor Peppone, Don Camillo is sent in exile by his bishop in a remote village. Peppone thought he got the village in his hands. But when the municipality decide to build a dike against the periodic floods, the proprietor of the land refuses. War between the village clans is about to begin. Maybe only the strong hand of the priest could persuade the landlord to change his mind. Will Peppone passed over his pride and send for his enemy?",/z3TsNMqSX21blBwRbZkSOreTGMY.jpg
61724,Reparando,"On the morning of June 18. 1954, the US CIA dropped leaflets in Guatemala City demanding the resignation of the president. Guatemala was ravaged by Civil War for the next 36 years. But hope is rising. In the midst of incredible odds, victims have been transformed into champions who willfully embrace the pain of their past to help repair the next generation. This is their story. Shorty - a former gang member who is now a pastor, and Tita - a woman who started a school in Guatemala's most notorious slum have joined forces to repair La Limonada.",/1kdeVLW22oyhlBHv7yv7yO9xU5M.jpg
20504,The Book of Eli,"A post-apocalyptic tale, in which a lone man fights his way across America in order to protect a sacred book that holds the secrets to saving humankind.",/qL3FnEug9DyBcaBXVb0oT3DJMJu.jpg
5123,August Rush,"A drama with fairy tale elements, where an orphaned musical prodigy uses his gift as a clue to finding his birth parents.",/j8kUdhnIlYsgvL0u4EUKEzWUrbo.jpg
14237,Brainscan,A lonely teenage horror-movie fan discovers a mysterious computer game that uses hypnosis to custom-tailor the game into the most terrifying experience imaginable. When he emerges from the hypnotic trance he is horrified to find evidence that the brutal murder depicted in the game actually happened -- and he's the killer.,/mNNJ3bFfthv651n3eOZlM68w1KO.jpg
8617,Prom Night,"Donna's senior prom is supposed to be the best night of her life, though a sadistic killer from her past has different plans for her and her friends.",/uNBnpeaxPUcOtaevIjQMG6Ne3mZ.jpg
